في	255
من	253
بن	249
الله	245
عن	239
قال	236
على	236
أن	230
عليه	228
لا	226
ما	225
إلى	220
أو	215
كان	213
ابن	212
عبد	211
أبي	210
ذلك	210
له	210
صلى	209
ولا	208
محمد	208
أبو	207
وسلم	206
لم	206
به	205
هذا	205
ثم	204
إذا	203
وهو	201
أي	201
قوله	200
فيه	199
إن	199
إلا	199
أنه	198
فقال	197
وقال	197
هو	196
رسول	196
عنه	194
كما	192
علي	192
حدثنا	191
الذي	190
تعالى	190
وإن	189
فإن	188
حتى	188
وقد	188
بعد	188
كل	187
غير	186
قد	186
مع	186
أحمد	186
وفي	186
منه	185
يكون	183
يا	183
السلام	183
هذه	182
النبي	182
ومن	182
فلا	182
بين	182
لأن	180
وكان	179
عمر	179
بها	179
فيها	179
عند	178
وما	178
سنة	178
إليه	177
يقول	177
أهل	177
ولم	177
لو	177
الناس	176
ثنا	175
الحسن	175
الحديث	175
لأنه	175
التي	174
حديث	174
لما	174
قبل	173
ولو	173
يوم	173
أيضا	172
ليس	171
بكر	171
بعض	171
بل	170
الدين	169
منها	169
الصلاة	169
كانت	168
رضي	168
قلت	168
ذكر	167
إبراهيم	167
قول	167
وهذا	167
سعيد	167
أنا	167
بما	167
وأما	167
كتاب	166
الرحمن	166
لها	165
لهم	165
وقيل	165
عمرو	164
أحد	164
وهي	164
فهو	164
أخبرنا	164
فى	164
فإذا	164
مالك	163
يحيى	163
الأول	163
مثل	163
رجل	162
باب	162
فيما	162
فإنه	162
الشيخ	162
إنما	162
شيء	161
روى	161
منهم	161
آخر	161
فلما	161
والله	161
جعفر	161
يقال	161
عليها	160
ان	160
واحد	160
عليهم	160
الذين	160
أم	160
لي	159
يكن	159
مما	159
أبا	159
يجوز	159
إذ	159
وابن	158
عباس	158
موسى	158
بأن	158
غيره	158
فقد	158
وإذا	157
قيل	157
هي	157
الأرض	157
أبيه	157
الحسين	157
الرجل	156
رواه	156
يعني	156
الثاني	156
وعن	156
سمعت	156
الملك	155
وقوله	155
نا	155
زيد	155
الآية	155
إسحاق	155
فلم	155
وأبو	155
وإنما	154
مسلم	154
وآله	154
الإمام	154
بذلك	153
ذكره	153
دون	153
حيث	153
العلم	153
أما	153
شيئا	153
نفسه	153
القرآن	153
القاسم	152
قالوا	152
وعلى	151
وليس	151
أمر	151
داود	151
عبيد	151
لك	151
بني	151
إنه	150
عز	150
وأن	150
تقدم	150
مات	150
كذا	150
الدنيا	150
يزيد	150
الكتاب	150
رحمه	150
رواية	150
وكذا	149
الحكم	149
علم	149
صاحب	149
عثمان	149
حدثني	149
سعد	149
سليمان	149
وذلك	149
المؤمنين	149
نعم	149
فما	149
أحدهما	148
اه	148
عدم	148
وجل	148
كثير	148
لله	147
الباب	147
وفيه	147
الأمر	147
عشر	147
ولكن	147
معه	147
هل	147
إسماعيل	147
وكذلك	147
الماء	147
الكلام	146
جاء	146
هنا	146
هريرة	146
يوسف	146
أول	146
كذلك	146
معنى	146
ثلاثة	146
وجه	146
يجب	146
صلاة	146
الجنة	145
أعلم	145
أنها	145
عنها	145
الحق	145
حين	145
القول	145
أكثر	145
سفيان	145
لكن	145
وروى	144
نحو	144
حق	144
حال	144
وغيره	144
تلك	144
المال	144
تكون	144
جميع	144
كنت	144
الشافعي	144
القاضي	144
الأولى	144
صحيح	144
حكم	144
أنت	144
الإسلام	144
حسن	143
فمن	143
بعضهم	143
قالت	143
شاء	143
كلام	142
النار	142
عيسى	142
وبين	142
كانوا	142
لمن	142
الآخر	142
خير	142
عنده	142
لنا	141
فعل	141
وهم	141
الأصل	141
وإلا	141
أنس	141
أراد	141
انتهى	141
عشرة	140
عائشة	140
خالد	140
المسلمين	140
صالح	140
ألا	140
واحدة	140
البخاري	140
المراد	140
هم	140
سمع	140
فقلت	140
العزيز	140
جمع	140
بنت	140
وله	140
أصحاب	139
بغير	139
أمير	139
العبد	139
إني	139
قاله	139
ولد	139
موضع	139
سلمة	139
بالله	139
اسم	139
العباس	139
سورة	139
بينهما	139
يصح	138
ألف	138
المعنى	138
طريق	138
بقوله	138
ثلاث	138
السنة	138
معاوية	138
خرج	138
رجلا	138
منهما	138
وذكر	138
رأيت	137
بعده	137
إليها	137
بمعنى	137
طالب	137
قتل	137
أخذ	137
عليك	137
ويقال	137
العرب	137
إلخ	137
كتب	137
النساء	137
فكان	137
شرح	137
الفضل	137
اليوم	137
لكم	137
أبواب	137
اللهم	137
مر	137
بخلاف	136
ملك	136
بهذا	136
حنيفة	136
يعلم	136
جماعة	136
مال	136
وقع	136
كيف	136
المدينة	136
يدل	136
دخل	136
أخرجه	136
البيت	135
رقم	135
الحافظ	135
سواء	135
شئ	135
هشام	135
ظاهر	135
المسجد	135
الصحيح	135
سبحانه	134
مثله	134
قوم	134
خلاف	134
مكة	134
المرأة	134
بلا	134
وقت	134
أيام	134
بهم	134
مسألة	134
ممن	134
مسعود	134
أبى	134
السماء	134
مرة	134
وعبد	134
رب	134
الحج	133
الليل	133
جعل	133
امرأة	133
كله	133
المذكور	133
يعقوب	133
أخرى	133
فلان	133
ومحمد	133
القيامة	133
دار	133
أنهم	133
يونس	133
وأبي	133
لأنها	133
الثانية	132
العين	132
عنهم	132
جابر	132
يريد	132
الخطاب	132
العلماء	132
الشمس	132
فلو	132
بيت	131
وكل	131
الحارث	131
ولما	131
أولى	131
قلنا	131
الا	131
ترك	131
عامر	131
لان	131
السيد	131
مائة	131
بفتح	131
يده	131
رأى	131
هؤلاء	131
المسألة	130
سبيل	130
الجمعة	130
فيكون	130
البيع	130
الوليد	130
القوم	130
وأنا	130
ذي	130
قل	130
يوما	130
عليكم	130
السلطان	130
المصنف	130
توفي	130
وكانت	130
التهذيب	129
تحت	129
حماد	129
فصل	129
أربعة	129
الحال	129
فان	129
ليلة	129
بأنه	129
الخبر	129
الظاهر	129
منصور	129
يأتي	129
ومنه	129
الكافي	129
يخرج	129
ثابت	129
نصر	129
الثالث	129
حاتم	129
والثاني	129
الوجه	129
خلق	129
فأما	128
البحر	128
الموت	128
والسلام	128
العمل	128
يمكن	128
قدر	128
معناه	128
وان	128
بد	128
الوسائل	128
آدم	128
انه	128
تقول	128
ورد	128
جميعا	127
قتادة	127
الزبير	127
شهر	127
مطلقا	127
قدم	127
نظر	127
إلي	127
العقد	127
ترى	127
كلها	127
قيس	127
الخ	127
آل	127
قبله	127
ضعيف	127
شرط	127
إما	127
رمضان	127
الإنسان	127
قرأ	127
ثقة	127
ذهب	127
يعرف	127
يقع	127
آية	126
الزهري	126
عنهما	126
وبه	126
جاز	126
يدخل	126
أصل	126
أيوب	126
خبر	126
الفعل	126
إليهم	126
الواحد	126
ماء	126
ثبت	126
وهب	126
كونه	126
لكل	126
أفضل	126
الآخرة	126
مصر	126
زياد	126
أقول	126
الفقيه	126
الحاكم	125
يذكر	125
فهذا	125
أربع	125
بيان	125
قالا	125
جهة	125
بأس	125
الأمة	125
أيها	125
ورواه	125
النفس	125
شعبة	125
وأنه	125
كون	125
الوقت	125
وجوب	125
عمل	125
فليس	125
خمس	125
ومنها	125
الطلاق	124
كثيرة	124
لقد	124
عين	124
البقرة	124
عمران	124
ومنهم	124
بيع	124
حدث	124
نافع	124
دينار	124
لفظ	124
الشيء	124
عليهما	124
الإيمان	124
إليك	124
فيهم	124
فهي	124
حجة	124
نفس	124
الزكاة	124
عما	124
ماله	124
روي	124
صار	124
نصف	124
علينا	124
عطاء	124
حمزة	123
دليل	123
إله	123
كثيرا	123
أتى	123
يرد	123
الصحابة	123
رأسه	123
مولى	123
الدار	123
الخلاف	123
أخبرني	123
ينبغي	123
عاصم	123
أنبأنا	123
تفسير	123
الحمد	123
شيخ	123
لأبي	123
النكاح	123
وجب	123
القضاء	123
فقالت	122
والذي	122
دين	122
حميد	122
صفة	122
وجد	122
الرجال	122
هكذا	122
الرواية	122
أحب	122
الرزاق	122
يصلي	122
صح	122
وعنه	122
أمره	122
يرجع	122
جرير	122
الرسول	122
وهذه	122
الى	122
سهل	122
يد	122
خمسة	122
وفى	122
جواز	122
فيهما	121
العلامة	121
كتابه	121
قام	121
كأنه	121
خلف	121
لابن	121
يثبت	121
جملة	121
وغيرهم	121
هارون	121
لذلك	121
بشر	121
رجال	121
نزل	121
نعيم	121
الخلق	121
زاد	121
ظهر	121
رفع	121
ذا	121
يديه	121
حينئذ	121
بضم	120
المعروف	120
حجر	120
الملائكة	120
الشام	120
مذهب	120
الفتح	120
وقرأ	120
وجهه	120
الولد	120
الترمذي	120
يظهر	120
قطع	120
سبع	120
أحسن	120
بك	120
أحدا	120
فقط	120
حد	120
اللفظ	120
بينهم	120
فوق	120
يلزم	120
فقالوا	120
الطريق	120
كعب	120
إحدى	120
ذات	120
وعليه	120
منكم	120
فيقول	120
حبيب	120
الأمير	120
سائر	120
الجمع	120
فضل	119
رد	119
مني	119
بقي	119
وغير	119
مدة	119
يرى	119
هناك	119
زيادة	119
الأنصاري	119
أسلم	119
أصحابه	119
العالم	119
وأخرج	119
قريش	119
قراءة	119
الزوج	119
محل	119
نقل	119
أولا	119
الخير	119
المشتري	119
أصحابنا	119
الثمن	119
وفيها	118
الأنبياء	118
عندي	118
رجع	118
فكيف	118
فهل	118
مجاهد	118
كلامه	118
منك	118
ففي	118
كنا	118
طلب	118
يقبل	118
وعشرين	118
ذكرنا	118
معين	118
عدة	118
درهم	118
المصدر	118
غيرها	118
قولهم	118
سألت	118
الصادق	117
ولهذا	117
لقوله	117
فإنها	117
وأحمد	117
شيبة	117
بيده	117
وحده	117
وأنت	117
يقولون	117
نحن	117
ويجوز	117
النظر	117
ربك	117
فقيل	117
مثلا	117
سبق	117
الجواب	117
حقيقة	117
الشيطان	117
عروة	117
ذو	117
سبب	117
الميت	117
شك	117
ولي	117
ابنه	117
خيرا	117
لهما	117
اسمه	117
حبان	117
الثلاثة	117
كأن	116
الشرط	116
وجود	116
الأخبار	116
ربه	116
المسلم	116
طاهر	116
الشعر	116
الوضوء	116
صحة	116
أهله	116
حمل	116
يفعل	116
فرق	116
بلغ	116
ثلاثا	116
عدي	116
بينه	116
واحدا	116
مكان	116
ويكون	116
الرحيم	116
اليمين	116
الأمور	116
ورسوله	116
ليست	116
فعلى	115
رأس	115
دمشق	115
عندنا	115
وهل	115
يحصل	115
فرض	115
الدولة	115
بعدها	115
يحل	115
وتعالى	115
البائع	115
عمار	115
معمر	115
الكبير	115
الزمان	115
بعضها	115
القلب	115
إنا	115
أرض	115
حقه	115
الكتب	115
بكسر	115
عام	115
آمنوا	115
طلحة	115
وغيرها	115
بناء	115
مضى	115
نسخة	115
صاحبه	115
بي	115
فتح	115
شيخنا	115
لعدم	115
الحجة	115
يقتضي	115
بمنزلة	114
الربيع	114
الطعام	114
أقل	114
كقوله	114
أشهر	114
حفص	114
صلاته	114
تكن	114
بشيء	114
جده	114
شهاب	114
بدل	114
قضاء	114
الشاعر	114
أين	114
خاصة	114
وجعل	114
والمراد	114
ذاك	114
حاجة	114
نزلت	114
سئل	114
الأحكام	114
العقل	114
انظر	114
عبارة	114
البر	114
اللغة	114
ونحوه	114
المذهب	114
الجماعة	114
الإبل	114
سوى	113
صورة	113
ستة	113
مروان	113
الأئمة	113
ضرب	113
وعند	113
عبادة	113
يجعل	113
عندهم	113
الدم	113
فله	113
أمة	113
منا	113
سالم	113
وروي	113
بحيث	113
الحجاج	113
عبيدة	113
يوجد	113
والأرض	113
أبدا	113
عقد	113
نفسي	113
هاشم	113
جبير	113
ملكه	113
الآن	113
إسرائيل	113
بهما	113
الشيعة	113
الأب	113
وضع	113
حنبل	112
يأخذ	112
القدر	112
يمنع	112
المتوفى	112
بدر	112
معاذ	112
ست	112
غاية	112
متى	112
بهذه	112
المؤمن	112
قصد	112
اليهود	112
الفجر	112
الكريم	112
حرب	112
أشد	112
ربيعة	112
تاريخ	112
النهاية	112
الرابع	112
أجل	112
بغداد	112
معرفة	112
لنفسه	112
العصر	112
بنفسه	112
الدعاء	112
الحرب	112
حلف	112
الأصحاب	112
الأعمش	112
يخفى	112
ولقد	112
الواجب	112
أني	112
عمير	112
عليا	112
ويقول	112
يوجب	112
نص	112
مقام	112
يقوم	112
الذكر	112
عباد	112
كلمة	112
فعله	111
الظهر	111
أخرج	111
يحتاج	111
القراءة	111
الأسود	111
أمه	111
الجزء	111
المغرب	111
وعلي	111
وغيرهما	111
الجامع	111
حرف	111
أمية	111
بمكة	111
البصري	111
سنين	111
نبي	111
شهد	111
أنزل	111
يلزمه	111
يحتمل	111
الواو	111
بسبب	111
فهم	111
سلم	111
وأخذ	111
الرضا	111
المبارك	111
الليث	111
وبعد	111
المشهور	111
فيمن	111
فاطمة	111
الحد	111
آخره	111
الثالثة	111
الكفر	111
عظيم	110
أعظم	110
وقالوا	110
أحدكم	110
ترجمة	110
بكل	110
حسين	110
شئت	110
وإلى	110
المثل	110
عهد	110
قط	110
الزيادة	110
جل	110
الآيات	110
المطلب	110
وهما	110
عرف	110
زوجها	110
الطهارة	110
السفر	110
يقرأ	110
عوف	110
بعث	110
اختلاف	110
عني	110
والمعنى	110
ذر	110
الأخرى	110
يحدث	110
فذكر	110
المذكورة	110
العذاب	110
الفقه	110
كم	110
صدق	110
أكبر	110
يقدر	110
لأنهم	109
الدية	109
دفع	109
ولده	109
الخطيب	109
الثلث	109
الخمر	109
حرم	109
النهار	109
الصوم	109
شعيب	109
عاد	109
نهى	109
الألف	109
وكتب	109
اللام	109
الياء	109
أخيه	109
أسماء	109
دخلت	109
قتله	109
منع	109
اختلف	109
المولى	109
نقله	109
الحياة	109
حديثه	109
الشهادة	109
أوله	109
أكل	109
كلهم	109
عيينة	109
تمام	109
ولأن	109
نور	109
الأحاديث	109
يشترط	109
الاسلام	109
الحجر	109
المغيرة	109
العامة	109
شهادة	109
الفرق	109
يومئذ	109
ومات	109
قيمة	109
الجملة	109
زكريا	109
صدقة	109
المحرم	109
جبريل	109
يحرم	108
وربما	108
مريم	108
الرجوع	108
لكان	108
يتعلق	108
بالنسبة	108
بنى	108
المنذر	108
إنها	108
بنو	108
جريج	108
الحرام	108
الشرع	108
سلام	108
حصل	108
ويحتمل	108
جدا	108
وخرج	108
جامع	108
الكوفي	108
النسخ	108
نحوه	108
نقول	108
يدي	108
تسع	108
إنك	108
ونحن	108
أحاديث	108
فخرج	108
الثوري	108
السؤال	108
اللسان	108
وصف	108
وعدم	108
أصلا	108
الكفار	108
علمه	108
يجد	108
سبعة	108
وقول	108
البلاد	108
المهملة	108
الكوفة	108
علمت	108
يسمع	108
وإما	108
الرازي	108
الأعلى	108
حرام	108
غسل	107
أشار	107
الطويل	107
تجب	107
بقية	107
جبل	107
صرح	107
قوة	107
يعلى	107
أنفسهم	107
وثلاثين	107
عقبة	107
المسيب	107
ذكرناه	107
محمود	107
دل	107
العلاء	107
يجز	107
المشركين	107
الدهر	107
فجعل	107
النسائي	107
الفقهاء	107
المقام	107
خلافا	107
يعمل	107
بينة	107
الفصل	107
بلاد	107
لغة	107
ادعى	107
أهلها	107
عذاب	107
شريك	107
وعمر	107
أرى	107
الرد	107
عرفت	107
الاسم	107
معهم	107
لهذا	107
الجميع	107
الوجوب	107
الوقف	107
محمدا	107
النصف	107
وأهل	107
النهي	107
امرأته	107
اليد	107
شعر	106
ينظر	106
البيان	106
جائز	106
قبلها	106
الطبراني	106
الحقيقة	106
بلفظ	106
مدينة	106
حل	106
عالم	106
كنتم	106
المقصود	106
القياس	106
العظيم	106
الباقي	106
إياه	106
أحكام	106
الأنصار	106
ثمان	106
ومع	106
ولذلك	106
وأخرجه	106
البغدادي	106
قضى	106
لولا	106
القتل	106
معروف	106
أخي	106
الموضع	106
أربعين	106
وقف	106
الوصية	106
وتوفي	106
الأشياء	106
البيهقي	105
إدريس	105
واجب	105
قلبه	105
ألم	105
التوبة	105
معا	105
عكرمة	105
بسم	105
الصغير	105
للناس	105
عدد	105
القسم	105
الثوب	105
ركعتين	105
الهمزة	105
دم	105
السابق	105
جزء	105
سليم	105
المالك	105
أصله	105
الساعة	105
أولئك	105
باطل	105
بيته	105
وأيضا	105
شمس	105
الأصول	105
يملك	105
لأجل	105
مسجد	105
أريد	105
أثر	105
الروم	105
راجع	105
أنبأ	105
الخيار	105
فإني	105
العالمين	105
ومائة	105
فقام	105
وصلى	105
السماوات	105
وفتح	105
ربي	105
تقدير	105
اشترى	105
والظاهر	105
المتن	105
قليلا	105
يبقى	105
وكيع	104
وسكون	104
يقل	104
الكل	104
الحر	104
اليمن	104
القبلة	104
غريب	104
مالا	104
الميم	104
وصل	104
يحمل	104
سقط	104
نفي	104
فإنما	104
البحار	104
النون	104
يشاء	104
خطأ	104
أسامة	104
العراق	104
ربنا	104
وسمع	104
الحاجة	104
دينه	104
البلد	104
أقر	104
ضمن	104
نوح	104
الذهب	104
والذين	104
الأم	104
يزل	104
الراء	104
قومه	104
وكيف	104
الغسل	104
ربيع	104
ونحو	104
سأل	104
الدليل	104
يصلح	104
دلالة	104
حج	104
خلقه	104
جواب	104
الطيب	104
العتق	104
إمام	104
العدة	104
ومعنى	104
الفرج	104
عطف	104
ومما	104
لكنه	104
ومثله	104
الرأس	103
وهكذا	103
عرفة	103
وأنشد	103
آلاف	103
رحمة	103
يكره	103
سنان	103
قتيبة	103
وجهان	103
الدارقطني	103
الضمير	103
الأعمال	103
حر	103
العام	103
الوهاب	103
إشارة	103
وجوه	103
قليل	103
أنك	103
أقرب	103
حديثا	103
بعضه	103
وأمر	103
الشريف	103
يسمى	103
سم	103
بنا	103
أسد	103
الدخول	103
باعتبار	103
الصدقة	103
يروي	103
النعمان	103
يأكل	103
العربية	103
قبض	103
القيمة	103
يصير	103
السبب	103
غالب	103
البينة	103
الخروج	103
حكيم	103
زمان	103
هلال	103
أنتم	103
أحق	103
الجوهري	103
البصرة	103
الوجود	103
ولكنه	103
والحسن	102
أذن	102
الإسناد	102
جرى	102
خرجت	102
وخمسين	102
الجاهلية	102
عشرين	102
فجاء	102
حذف	102
كلا	102
بحسب	102
العاص	102
وأربعين	102
اعتبار	102
عرض	102
الظن	102
الأيام	102
جارية	102
دعا	102
حسان	102
سيف	102
وحدثنا	102
باع	102
ماجه	102
أحدها	102
الكعبة	102
عبدا	102
فصار	102
بابن	102
صدر	102
فعليه	102
زكاة	102
الشهر	102
ينزل	102
لأحد	102
يسقط	102
بمصر	102
عقيل	102
العلوم	102
عنك	102
قريب	102
نصب	102
طالق	102
زهير	102
أخذه	102
حكمه	101
قرية	101
رافع	101
يحب	101
المسلمون	101
معها	101
تعلم	101
لئلا	101
الطبري	101
كفر	101
حقا	101
يمينه	101
تقبل	101
القيام	101
طائفة	101
الخمس	101
عبده	101
شديد	101
إلينا	101
الصفة	101
شعره	101
زمن	101
شر	101
علة	101
يقتل	101
قيمته	101
فأمر	101
المعجمة	101
روح	101
قرب	101
الصواب	101
وترك	101
حاله	101
ابتداء	101
ببغداد	101
الكامل	101
مرفوعا	101
فائدة	101
بدون	101
القطع	101
بالمدينة	101
الحرم	101
التفسير	101
قاضي	101
جنس	101
ساعة	101
الخيل	101
زرعة	101
الخامس	101
يبلغ	101
بطن	101
فرع	101
كشف	101
العدو	101
الغير	101
الامام	101
حب	101
الصبح	101
غيرهم	101
آيات	101
يعتبر	100
لغير	100
الأصح	100
وراء	100
بمن	100
يمين	100
جاءت	100
عتق	100
المنع	100
زوج	100
صفوان	100
يحكم	100
بلى	100
وسبعين	100
العلة	100
تميم	100
يكتب	100
وستين	100
ركعة	100
نفسها	100
لن	100
الأربعة	100
حول	100
ومائتين	100
سيد	100
عساكر	100
فارس	100
صحيحة	100
يقطع	100
كلاهما	100
النور	100
جهنم	100
بقدر	100
النية	100
هما	100
موته	100
حالة	100
اثنتين	100
الأعرابي	100
عطية	100
الضمان	100
الصورة	100
محرم	100
النسب	100
الكثير	100
الرهن	100
خليفة	100
يضمن	100
بعيد	100
الذى	100
عفان	100
وأصحابه	100
فإنهم	100
حسنة	100
علماء	100
ففيه	100
الوكيل	100
ألفا	100
قصة	100
الكافر	100
الصبي	100
يبق	100
ثبوت	100
بحر	100
يتم	100
الشعبي	99
بالحق	99
لغيره	99
ذكرت	99
سيما	99
فذلك	99
السلف	99
وتسعين	99
دخول	99
الأسماء	99
الحمل	99
تعلق	99
ومسلم	99
كبير	99
كفروا	99
بالفتح	99
إذن	99
لسان	99
زائدة	99
المؤلف	99
الوفاة	99
القائل	99
مجمع	99
عمله	99
بمثل	99
الجن	99
كفارة	99
إسناده	99
الصحة	99
الصالح	99
قلوبهم	99
وأبا	99
نفسك	99
أبان	99
لأهل	99
النص	99
تصح	99
جعلت	99
عم	99
يسلم	99
القصاص	99
العدل	99
المبسوط	99
شاة	99
الجهاد	99
حذيفة	99
العدد	99
معلوم	99
فرعون	99
عمه	99
وذكره	99
تبارك	99
التوحيد	99
ثمانية	99
والنسائي	99
أخبر	99
الجمهور	99
السجود	98
كمال	98
الشارح	98
وجاء	98
وكانوا	98
الباء	98
وزاد	98
الوارث	98
ولأنه	98
الثلاث	98
القبر	98
مثلها	98
المائدة	98
ضمان	98
وقعت	98
ضعف	98
عبدالله	98
بالكسر	98
دونه	98
مرات	98
يعنى	98
إثبات	98
قولان	98
جعله	98
الكمال	98
نقص	98
العرش	98
بشرط	98
رسوله	98
الحيض	98
القبض	98
العباد	98
المكان	98
ثلث	98
كذب	98
الكبرى	98
الذمة	98
فأخذ	98
نكاح	98
مسائل	98
يشهد	98
ذكرها	98
فكذلك	98
نوى	98
أمتي	98
العبادة	98
حي	98
يسار	98
يجمع	98
مجهول	98
هاهنا	98
الفراء	98
كلما	98
حضر	98
تكلم	98
قرأت	98
بالضم	98
أخبار	98
وأخبرنا	98
جانب	98
وجدت	98
النضر	98
البناء	98
ولعل	98
العادة	98
النجاشي	98
سمي	98
بعينه	98
والجمع	98
يؤخذ	98
والآخر	98
وثمانين	98
بينا	98
شدة	98
ببعض	98
زال	98
نار	97
مصدر	97
مجلس	97
هبة	97
فيقال	97
بدليل	97
الشرك	97
علما	97
والسنة	97
بلد	97
الصيد	97
أردت	97
وتقدم	97
كثرة	97
المدة	97
الرسل	97
وأكثر	97
القلوب	97
بدمشق	97
أوصى	97
التوفيق	97
الحميد	97
يعود	97
عامة	97
ربما	97
أشبه	97
جهل	97
نية	97
فدخل	97
حيان	97
بعدم	97
تركه	97
أصول	97
أقام	97
الريح	97
يصل	97
شرب	97
عالما	97
قلب	97
والحديث	97
يراد	97
نسبة	97
ضرورة	97
الروايات	97
الذهبي	97
اثنين	97
دعوى	97
أولاد	97
ليلى	97
يعد	97
لبعض	97
الدمشقي	97
فكتب	97
واختلف	96
النبوة	96
الأدب	96
نوع	96
رسالة	96
شعبان	96
تحقيق	96
محذوف	96
ونقل	96
لكونه	96
نهاية	96
فرغ	96
ديوان	96
رجب	96
المبيع	96
يرفع	96
الهدى	96
التصرف	96
القرشي	96
يبطل	96
الكتابة	96
حم	96
وجماعة	96
يدعو	96
يجري	96
صلوات	96
الامر	96
إنسان	96
المغني	96
ومعه	96
العشر	96
موت	96
بعضا	96
والثالث	96
حازم	96
بكير	96
تدل	96
كتابا	96
الركوع	96
قائما	96
وقتل	96
عدل	96
الجبل	96
اللحم	96
لزمه	96
فعلت	96
خارج	96
أعني	96
القتال	96
ظن	96
فهذه	96
ومثل	96
المثنى	96
ويحيى	96
عتبة	96
منذ	96
طويل	96
تهذيب	96
اى	96
الولي	96
السورة	96
الأنعام	96
المجلس	96
بلال	96
بأمر	96
يسأل	96
الصديق	96
أنهما	96
سنن	96
طول	96
سيرين	96
يكفي	95
بشير	95
كتبه	95
مؤمن	95
الإجماع	95
الرأي	95
عياش	95
زرارة	95
الفرس	95
المصري	95
كانا	95
العامل	95
الفرض	95
دية	95
الضحاك	95
دراهم	95
فأجاب	95
يضرب	95
حلب	95
الفاء	95
الصحيحين	95
ثلاثين	95
مهدي	95
الشريعة	95
إحداهما	95
متعلق	95
واعلم	95
الفاعل	95
القطان	95
الكفارة	95
وقالت	95
إنهم	95
وحكى	95
حسب	95
قسم	95
الأموال	95
وظاهر	95
والأول	95
وإني	95
قبول	95
قريبا	95
التاريخ	95
تزوج	95
سيأتي	95
نصيب	95
عمن	95
الهوى	95
طعام	95
عون	95
قطعا	95
البعض	95
يموت	95
قوما	95
الثقات	95
الأصمعي	95
الشك	95
أنواع	95
الحلبي	95
الرابعة	95
فأنت	95
مرض	95
الشئ	95
أدري	95
المختار	95
عادة	95
أدرك	95
فصلى	95
بان	95
أجر	94
أصاب	94
المسائل	94
ورجل	94
النبى	94
قصر	94
مسند	94
قيام	94
والصلاة	94
أقبل	94
مرتين	94
ربهم	94
تحريم	94
الحكمة	94
فكل	94
طاعة	94
حكى	94
فمات	94
تخرج	94
العهد	94
وصار	94
حصول	94
فكانت	94
مسلمة	94
ووجه	94
الملوك	94
حامد	94
هذين	94
أمور	94
وكتاب	94
نسب	94
الكذب	94
يضر	94
تبين	94
ربكم	94
بإسناده	94
الخليفة	94
فيجب	94
الروح	94
حيا	94
المقرئ	94
حياة	94
وسيأتي	94
عباده	94
بكم	94
سبحان	94
وخمسمائة	94
المهر	94
الدال	94
الصدوق	94
الحيوان	94
أخو	94
اللبن	94
وأقام	94
أقوى	94
ودفن	94
الحنفي	94
رضى	94
وكسر	94
يخلو	94
وحدث	94
الشرعية	94
ودخل	94
السلمي	94
أبوه	94
الصفات	94
تقديم	94
يفيد	94
باسم	94
عينه	93
السيف	93
غدا	93
ونحوها	93
شرعا	93
المنكر	93
البدن	93
واما	93
الليلة	93
عندك	93
سوء	93
الجنس	93
نسخ	93
يسير	93
التوراة	93
سيبويه	93
النوم	93
يستحق	93
ثوب	93
المطلق	93
تجوز	93
قائم	93
المتقدم	93
الإشارة	93
قولا	93
او	93
الفاضل	93
مبتدأ	93
التاء	93
كامل	93
وفاته	93
الرسالة	93
أشياء	93
الزنا	93
وحديث	93
زوجته	93
قبر	93
أحدهم	93
المنصور	93
جمادى	93
إرادة	93
سبعين	93
خمسين	93
عمارة	93
أظهر	93
مقدار	93
عضو	93
عدا	93
التحريم	93
بطريق	93
حكاه	93
مطلق	93
بقول	93
أعلى	93
ولذا	93
مصعب	93
الاختلاف	93
الخوف	93
الهاء	93
الشهيد	93
ميمون	93
المعاني	93
الكاتب	93
شبه	93
الجبار	93
نعمة	93
بيد	93
صوم	93
الوجوه	93
وجهين	93
سيده	93
بقاء	93
منكر	93
وسائر	93
والأصل	93
حصين	92
أئمة	92
الخدري	92
خيار	92
لزم	92
يذهب	92
يقضي	92
الاستبصار	92
مفعول	92
ولاية	92
خزيمة	92
بطل	92
أشهد	92
مجرد	92
بإذن	92
وقوع	92
هلك	92
فاعل	92
التراب	92
ملكا	92
نعلم	92
الجارية	92
ثانيا	92
رآه	92
كونها	92
مكانه	92
وسئل	92
السادس	92
ظهور	92
الأوزاعي	92
الخليل	92
أرسل	92
ماذا	92
أقوال	92
الجواز	92
لقول	92
يطلب	92
يروى	92
وذهب	92
الإجارة	92
بيننا	92
سلمان	92
الأشعري	92
القدرة	92
أمرا	92
النووي	92
العموم	92
أعتق	92
الصمد	92
عياض	92
والترمذي	92
منى	92
شخص	92
تسعة	92
طرق	92
مولاه	92
متفق	92
غلام	92
القاهرة	92
والده	92
وثلاثمائة	92
مواضع	92
تنبيه	92
المدعي	92
خلفه	92
النفقة	92
الورثة	92
تم	92
الحي	92
يبين	92
محله	92
ثور	92
انا	92
والجواب	92
فأنزل	92
وأم	92
النجاسة	92
سهم	92
اجتمع	91
شىء	91
أصح	91
بلغت	91
رأي	91
الأمم	91
إشكال	91
مسلما	91
وإنه	91
تقوم	91
الوزير	91
الكلمة	91
أخر	91
فلانا	91
الروضة	91
مهر	91
التيمم	91
سواه	91
وحسن	91
يقصد	91
عموم	91
علقمة	91
الغالب	91
الأعراف	91
ليلا	91
السنن	91
شرف	91
ينافي	91
صالحا	91
يعلمون	91
ومالك	91
اعلم	91
المساجد	91
المقدس	91
الصحاح	91
بالمعروف	91
الثقفي	91
رجاء	91
فتنة	91
يترك	91
يدفع	91
النوع	91
مئة	91
رده	91
قدس	91
يؤمن	91
الحديد	91
داره	91
حالا	91
الزوجة	91
الهيثم	91
صارت	91
التقدير	91
وسائل	91
إطلاق	91
جد	91
فكأنه	91
الأدلة	91
ضمير	91
والشافعي	91
الأخير	91
الطوسي	91
بصير	91
شرع	91
ظاهره	91
الطواف	91
وعد	91
سره	91
المسمى	91
القمر	91
الأجل	91
لفظه	91
العشاء	91
المرء	91
وحينئذ	91
القضاة	91
المعرفة	91
كثر	91
والشيخ	91
الشاهد	91
كن	90
سماع	90
القصر	90
بيعه	90
المعتبر	90
الفطر	90
الهداية	90
تعرف	90
وبهذا	90
ابنة	90
الأذان	90
يطلق	90
وائل	90
شديدا	90
الصلح	90
طبع	90
بخط	90
ولعله	90
أمرهم	90
وعلم	90
مقتضى	90
المهدي	90
قائل	90
تفرد	90
رفعه	90
للشيخ	90
العشرة	90
شأن	90
ولولا	90
الدابة	90
والعمل	90
يشبه	90
بينها	90
وبالله	90
السير	90
لرسول	90
يقدم	90
الحكيم	90
نذر	90
قولك	90
ويمكن	90
خروج	90
الواقع	90
شوال	90
السابع	90
أخذت	90
وجوده	90
دينا	90
الإسلامية	90
الربا	90
شاهد	90
يصدق	90
فضلا	90
الفساد	90
البحث	90
والحاكم	90
دام	90
فإنك	90
بعدي	90
طلق	90
وإبراهيم	90
عمرة	90
سفر	90
كتبت	90
وسعيد	90
أجد	90
ناصر	90
آمن	90
الخطأ	90
زعم	90
موجود	90
جيد	90
وكما	90
الهجرة	90
رأيته	90
ويجب	90
إقامة	90
لرجل	90
كنز	90
الشعراء	90
وحدثني	90
الأكثر	90
جمال	90
الصبر	90
الدرداء	90
واضح	90
إجازة	89
المؤمنون	89
الحول	89
المأمون	89
أمكن	89
ويدل	89
الجمل	89
اثنان	89
الثواب	89
الوصف	89
الكلبي	89
معشر	89
خلافه	89
والصحيح	89
الصلاح	89
يختلف	89
مانع	89
جزاء	89
ناحية	89
حياته	89
يحلف	89
وجمع	89
المكي	89
نبينا	89
العيد	89
طرف	89
ههنا	89
معي	89
قلبي	89
الصلوات	89
حجاج	89
الأحوال	89
اليه	89
ياء	89
الزمخشري	89
التأويل	89
والحسين	89
سويد	89
وأنتم	89
عظيمة	89
الواسطي	89
شجرة	89
الباطل	89
اشتراط	89
طلاق	89
الأزدي	89
كافر	89
قياس	89
أولها	89
يعتق	89
يلي	89
القوة	89
النسخة	89
وبعض	89
الأسدي	89
عملا	89
كره	89
بدا	89
حفظ	89
والقول	89
اختيار	89
أطلق	89
الحروف	89
الكلب	89
ريب	89
الحاج	89
صحيحه	89
ثمن	89
جميل	89
لست	89
المنبر	89
وكنت	89
كمن	89
حمله	89
الاستثناء	89
الفسخ	89
السين	89
مد	89
أرأيت	89
للنبي	89
صفر	89
المدني	89
ثواب	89
النصارى	89
شريح	89
سمعته	89
الخلافة	89
وستمائة	89
فلذلك	89
القاموس	89
أحوال	88
التى	88
يحنث	88
كأنها	88
عمره	88
صريح	88
دعاء	88
معك	88
وإسحاق	88
الشر	88
وبقي	88
غالبا	88
حسنا	88
تقع	88
العبارة	88
ويوم	88
عذر	88
نجد	88
الطير	88
والناس	88
درهما	88
وعمرو	88
فذكره	88
لئن	88
الآتي	88
نسبه	88
فيك	88
الجد	88
ظاهرا	88
الجبال	88
أيديهم	88
نساء	88
البغوي	88
أى	88
المجاز	88
اليقين	88
كبر	88
ثعلبة	88
نفقة	88
عنا	88
المفعول	88
الأفعال	88
ورحمة	88
الرحمة	88
أمامة	88
القديم	88
السائل	88
الأولين	88
نائب	88
الإحرام	88
حزم	88
طيب	88
الأكبر	88
الألفاظ	88
أوجه	88
تحل	88
الطاعة	88
السابقة	88
الواحدة	88
الغنم	88
الشرح	88
الثياب	88
الخارج	88
أصبح	88
وعثمان	88
وجبت	88
بعين	88
رجاله	88
الإقرار	88
الصيام	88
الأخذ	88
خوف	88
ترد	88
يكونوا	88
لعلي	88
التميمي	88
المحقق	88
العربي	88
الأصبهاني	88
يحسن	88
درجة	88
الحضرمي	88
وألف	88
ويروى	88
الحدود	88
أنكر	87
المفيد	87
يتكلم	87
وقبل	87
صحيحا	87
كمباني	87
خيبر	87
المحل	87
حرمة	87
الحنفية	87
والحمد	87
داخل	87
الأكل	87
الحمام	87
تفسيره	87
سكن	87
وأراد	87
الدعوى	87
فتأمل	87
عمدا	87
المجموع	87
البزار	87
المدعى	87
القسمة	87
فتكون	87
بيروت	87
الفارسي	87
صرف	87
وعشرون	87
الصحيحة	87
بالماء	87
يستحب	87
فرد	87
السبيل	87
النفي	87
النحو	87
همام	87
زين	87
خراسان	87
وأربعمائة	87
البعير	87
تحمل	87
صفات	87
الغلام	87
بأبي	87
القبول	87
تام	87
زيدا	87
صاحبها	87
المديني	87
الابن	87
مجرى	87
موضعه	87
صنع	87
سلطان	87
ومعناه	87
الوطء	87
أسمع	87
الانسان	87
مخلد	87
لعل	87
ها	87
بمجرد	87
الشارع	87
منزلة	87
أمته	87
الصوت	87
ذوي	87
الصدر	87
تدخل	87
الرشيد	87
اختلفوا	87
فساد	87
حدود	87
النقل	87
الرب	87
قبره	87
المطلوب	87
عجز	87
النخل	87
تقديره	87
الصور	87
نظير	87
روايته	87
لبس	87
أجزاء	87
النفوس	87
الأمراء	87
ووقع	87
القعدة	86
النيسابوري	86
النجوم	86
العلمية	86
وهى	86
بألف	86
النصوص	86
الدلالة	86
خالف	86
المروزي	86
برد	86
أجرة	86
المزني	86
المطر	86
فيكم	86
لازم	86
سببا	86
بالناس	86
قيد	86
تبعا	86
تحقق	86
يفرق	86
ويأتي	86
حكما	86
بذكر	86
أداء	86
السائب	86
الجهل	86
كلامهم	86
المكاتب	86
ولها	86
يزال	86
مشهور	86
سألته	86
الذنوب	86
أدنى	86
المتقدمة	86
جلس	86
الرواة	86
الأبواب	86
الحدث	86
ليكون	86
تريد	86
فخر	86
الميزان	86
الاثنين	86
النسبة	86
أتيت	86
يختص	86
لعبد	86
وقدم	86
يفهم	86
أربعا	86
والصواب	86
بشئ	86
صوت	86
السلم	86
وقل	86
بالصلاة	86
التيمي	86
بالليل	86
قدمت	86
أباه	86
نهر	86
طلوع	86
شبهة	86
الاجماع	86
والآخرة	86
لأنهما	86
بجميع	86
ربع	86
يكنى	86
النهر	86
منهن	86
سار	86
التسليم	86
ريح	86
الصباح	86
الأقوال	86
المرض	86
سميت	85
أجمع	85
فقوله	85
المعتمد	85
العمال	85
إبليس	85
يمتنع	85
التجارة	85
فنزل	85
يؤدي	85
مقدمة	85
الشجرة	85
وصححه	85
فيجوز	85
الصفار	85
الحب	85
ولدت	85
المدونة	85
مختلف	85
المفضل	85
تجد	85
الاستدلال	85
السموات	85
تسمع	85
نبيه	85
المريض	85
الماضي	85
الناصر	85
ابني	85
موضوع	85
خبره	85
الضرر	85
بر	85
الراوي	85
المظفر	85
وسط	85
أسباب	85
الآثار	85
تثبت	85
ترجمته	85
المصرية	85
وليست	85
الهمداني	85
الضرب	85
مرسلا	85
أموالهم	85
أجمعين	85
كيفية	85
عدو	85
عقب	85
الاجتهاد	85
هند	85
المسيح	85
آخرها	85
الغاصب	85
المحدث	85
الجيم	85
النحر	85
العرف	85
تقي	85
أر	85
تأويل	85
القليل	85
بحديث	85
العمرة	85
يبعد	85
يأمر	85
كبيرة	85
احتمال	85
القصة	85
تارة	85
علامة	85
الحالة	85
القولين	85
الإمامة	85
الناقة	85
نفر	85
بحكم	85
أعطى	85
البراء	85
وحمل	85
القمي	85
الفتنة	85
غزوة	85
الطلب	85
فأتى	85
يدرك	85
فدعا	85
سيدنا	85
الشجر	85
در	85
الخاص	85
والد	85
القاف	85
طريقة	85
وأصله	85
الزجاج	85
صحته	85
إليكم	85
لحم	85
الروض	85
القيس	85
الحاء	85
المشرق	85
وإذ	84
التمر	84
ثالث	84
الجزاء	84
الغرض	84
الرفع	84
الوجهين	84
لهذه	84
الدعوة	84
رشد	84
الحجاز	84
أعمال	84
محبوب	84
الترك	84
أثناء	84
والوجه	84
واسمه	84
المقر	84
راشد	84
ومتى	84
التذكرة	84
أعرف	84
الايمان	84
قبيل	84
السبع	84
قدره	84
عظم	84
وصاحب	84
الشافعية	84
يخالف	84
أنفسكم	84
ضرر	84
الخطبة	84
أمرنا	84
الفرائض	84
الهبة	84
ركب	84
خاص	84
العوام	84
ينفع	84
القادر	84
أعم	84
دابة	84
وينبغي	84
فذهب	84
القبور	84
غيرهما	84
المضاف	84
واللام	84
قم	84
العفو	84
النحل	84
احمد	84
المرتهن	84
شأنه	84
الشراء	84
شهرا	84
الأزهري	84
الأخلاق	84
أوجب	84
مراد	84
وإليه	84
فضله	84
صحبة	84
الأسباب	84
للرجل	84
اما	84
البشر	84
صنف	84
الغيب	84
التابعين	84
مكتبة	84
عظيما	84
الفروع	84
أخبره	84
تصرف	84
الرئيس	84
الكاف	84
اتفق	84
المختلف	84
فنقول	84
الإطلاق	84
بماء	84
سمعه	84
مختصر	84
بيني	84
صدره	84
الفاتحة	84
أثبت	84
الجيش	84
فوجب	84
لهيعة	84
يخاف	84
ذكرا	84
القصد	84
كريم	84
المنتهى	84
وسمعت	84
وأشار	84
سمرة	84
مقاتل	84
سماه	84
لهن	84
خان	84
طلقها	84
الغائب	84
أخت	84
مخالف	84
ثقات	84
الموحدة	84
الشيباني	84
مسح	84
نزول	84
سمى	84
يؤمنون	84
البئر	83
الغاية	83
بدلا	83
بحال	83
يغفر	83
الأحزاب	83
البقاء	83
غلب	83
مقامه	83
صلاح	83
الوحي	83
الأنوار	83
فبعث	83
لأنا	83
وزن	83
هدى	83
الجناية	83
المتأخرين	83
زوجة	83
نمير	83
مخالفة	83
عينا	83
معجم	83
خليل	83
هامش	83
القائم	83
الفتوى	83
جئت	83
وصحبه	83
أدى	83
الهدي	83
زينب	83
ولهم	83
أبلغ	83
حدثه	83
ويقولون	83
الزرع	83
لسانه	83
ستين	83
شرحه	83
تبطل	83
وعاد	83
كاتب	83
المنافقين	83
بحق	83
فسخ	83
بطلان	83
المائة	83
يقسم	83
الشرائع	83
قامت	83
ماجة	83
منزله	83
رجلين	83
وفيما	83
الولاية	83
الباقون	83
جار	83
والفرق	83
المعلوم	83
يسجد	83
رضا	83
قدمنا	83
الكراهة	83
والثانية	83
الأستاذ	83
صليت	83
مقدم	83
ورأيت	83
ينكر	83
أدخل	83
امتنع	83
مختلفة	83
الترتيب	83
مولانا	83
النعم	83
فالقول	83
يتحقق	83
العود	83
خلافة	83
أسود	83
الحاجب	83
تأمل	83
الإقامة	83
يمكنه	83
عيب	83
وفاة	83
وصية	83
جديد	83
الثامن	83
يعرض	83
كراهة	83
وزيد	83
تغير	83
ظل	83
الأجرة	83
بالفعل	83
الجوزي	83
وأول	83
أقسام	83
فوالله	83
التكليف	83
تفعل	83
والبيهقي	83
استعمال	83
السبت	83
جدي	83
فقتل	83
المصلي	82
فقل	82
سجد	82
أوس	82
سر	82
حارثة	82
الفقراء	82
تمر	82
قبضه	82
ذاته	82
بغيره	82
الوفاء	82
تعذر	82
للذين	82
بعدما	82
وقلت	82
فوقع	82
بلغني	82
مهران	82
النخعي	82
الزوال	82
ورفع	82
عوض	82
وكم	82
الأثر	82
وسبعمائة	82
الركعة	82
عندها	82
فأقام	82
عليم	82
الوقوف	82
للصلاة	82
السر	82
القرن	82
قاسم	82
الخامسة	82
بعدهم	82
ظاهرة	82
أخاه	82
ماتت	82
الشفعة	82
عنقه	82
انصرف	82
لعله	82
غلط	82
الدراهم	82
طال	82
وقتها	82
بشار	82
ليث	82
يحتج	82
فأنا	82
نصيبه	82
بالبيت	82
يفعله	82
يصلى	82
الأخ	82
شاعر	82
ينسب	82
فأرسل	82
صغير	82
الموكل	82
آله	82
والعلم	82
عوانة	82
العطار	82
ضد	82
خط	82
وأصل	82
ولى	82
هود	82
تأخر	82
سن	82
النجم	82
النعمة	82
قصيدة	82
رمى	82
الحل	82
تاب	82
واجبة	82
اذا	82
ينقص	82
بفعل	82
الباقر	82
مرسل	82
التفصيل	82
الإذن	82
إماما	82
أليس	82
الشاة	82
يكفر	82
الثقة	82
يضع	82
سؤال	82
وقاص	82
دينارا	82
إجماعا	82
خلا	82
الابتداء	82
الأوسط	82
عمي	82
الجزية	82
فرجع	82
تلف	82
ونصف	82
الجراح	82
السراج	82
آخرون	82
ابنا	82
بكرة	82
إجماع	82
الصالحين	82
وعمل	82
وبالجملة	81
كبيرا	81
أفعل	81
بأنها	81
خيثمة	81
الجرح	81
بإسناد	81
أعوذ	81
وانظر	81
عنكم	81
حاشية	81
دريد	81
يبعث	81
هشيم	81
وبها	81
بسنده	81
المسح	81
زمانه	81
حمدان	81
يتصور	81
المحيط	81
قدامة	81
يتبع	81
جرت	81
الفريضة	81
وشرح	81
الظلم	81
إياها	81
حكاية	81
يدعي	81
فمنهم	81
الشهود	81
واختلفوا	81
بمثله	81
قلوب	81
الدالة	81
الرحم	81
بنات	81
وقته	81
بيتي	81
النجار	81
والحكم	81
وجديد	81
يظن	81
يرويه	81
إسناد	81
فقتله	81
فضة	81
الكهف	81
الهاشمي	81
أنظر	81
والتهذيب	81
الغيبة	81
تصدق	81
الحرة	81
الأجر	81
غفر	81
المعتزلة	81
الغني	81
شهادته	81
الحلال	81
فنزلت	81
فرس	81
لزوم	81
يشرب	81
الرافعي	81
قاتل	81
القرى	81
ابى	81
الصدق	81
تذكر	81
طعاما	81
وبعث	81
فينا	81
محمول	81
فاسد	81
للمسلمين	81
وجميع	81
وابنه	81
الفائدة	81
التاسع	81
معصية	81
المسند	81
الحساب	81
الأمرين	81
فدل	81
حرج	81
الخميس	81
كسر	81
كناية	81
ذنب	81
رؤية	81
يبيع	81
عاما	81
منزل	81
الواقدي	81
ورجع	81
وبينه	81
مجاز	81
اليمنى	81
وتقول	81
ويا	81
والأمر	81
كاف	81
الصفا	81
رقبة	81
البول	81
زوال	81
جزم	81
المهاجرين	81
بطلت	80
الكندي	80
ذيل	80
ونزل	80
الراهن	80
توضأ	80
الأداء	80
سلف	80
أمن	80
الحسيني	80
بوجه	80
والنهي	80
الكسائي	80
نظرا	80
الأثير	80
واسم	80
الربح	80
رباح	80
قطعة	80
يتوقف	80
تقرر	80
الموصلي	80
ويزيد	80
ولدها	80
السرائر	80
ظهره	80
تعلمون	80
خطب	80
الميراث	80
مالي	80
السند	80
أنثى	80
عقل	80
طريقه	80
لام	80
واجبا	80
أولياء	80
عبر	80
العيب	80
دعوة	80
مبني	80
ملوك	80
آنفا	80
بالشام	80
الأخيرة	80
فعلا	80
كفاية	80
مضافا	80
وتشديد	80
ففعل	80
البصر	80
السدي	80
يمشي	80
الأعيان	80
الشديد	80
الهند	80
الفرات	80
فينبغي	80
سهيل	80
نصه	80
أتاه	80
الأسد	80
الوتر	80
بخير	80
طبقات	80
قتال	80
وخلق	80
ولنا	80
سيدي	80
وآخر	80
صام	80
القاتل	80
السحر	80
امرئ	80
يكاد	80
انما	80
شرطا	80
الجنابة	80
فإنا	80
أعطاه	80
رحم	80
الخمسة	80
الضرورة	80
حرة	80
التشهد	80
للإمام	80
البرهان	80
عد	80
تسمى	80
الشرعي	80
وبما	80
جناح	80
تحتها	80
لحق	80
وحكم	80
الجمال	80
الإسراء	80
اليدين	80
أعلام	80
التحقيق	80
البدل	80
فريضة	79
أحدث	79
الرزق	79
المنام	79
يؤثر	79
فقيه	79
الشركة	79
ينقل	79
متروك	79
بيتا	79
وردت	79
فسر	79
الواقعة	79
السمع	79
ساكنة	79
ذمته	79
توفى	79
وكأنه	79
صور	79
الأحمر	79
صدوق	79
فضيل	79
حلال	79
خاف	79
نبيا	79
أشهب	79
تركت	79
النحوي	79
السهو	79
عدمه	79
النذر	79
المانع	79
المجد	79
الأشعث	79
العالية	79
غاب	79
القواعد	79
صحت	79
احتج	79
أمرت	79
التعريف	79
بئر	79
لبني	79
بخطه	79
وسار	79
أجاب	79
قيمتها	79
ورواية	79
تاريخه	79
وإسماعيل	79
منفعة	79
شيبان	79
الحركة	79
تجري	79
ذمة	79
أبيض	79
بال	79
مولده	79
منعه	79
إليهما	79
الترجمة	79
دينهم	79
أسفل	79
العقول	79
رأت	79
التعليل	79
مبين	79
يصنع	79
بتلك	79
الميتة	79
وخمس	79
البلدان	79
بمال	79
يجلس	79
وقتادة	79
المؤذن	79
مضاف	79
خصوصا	79
الأعرج	79
سرق	79
الفقر	79
إعادة	79
يدري	79
الاختيار	79
عينيه	79
جلد	79
أخوه	79
الفقير	79
للسيد	79
العدم	79
يليق	79
الجنيد	79
ولك	79
السماع	79
دارا	79
يفسد	79
سقوط	79
سأله	79
جزءا	79
علق	79
آثار	79
ورقة	79
فقه	79
رسولا	79
ير	79
ميت	79
مثال	79
الشياطين	79
فضائل	79
ميتا	78
رسم	78
وطلب	78
الذنب	78
العسكر	78
اختار	78
وارث	78
تعين	78
الأوقات	78
ثوبا	78
بالياء	78
وتكون	78
والباقون	78
الهروي	78
شجر	78
وبعضهم	78
سحنون	78
بالقرآن	78
الخاصة	78
الجسم	78
جنة	78
الخلفاء	78
المسافر	78
ولدا	78
المنفعة	78
مناف	78
يدعى	78
بينكم	78
والكلام	78
أعين	78
أفعال	78
وأصحاب	78
حوله	78
بدعة	78
حركة	78
البسيط	78
يلحق	78
المناقب	78
بنية	78
مردويه	78
جنب	78
وسواء	78
يرث	78
ضعفه	78
أخذها	78
يدعون	78
العبادات	78
الحراني	78
وقام	78
إنكم	78
بريدة	78
الأعظم	78
الحلي	78
الجليل	78
بالكوفة	78
وزعم	78
شاه	78
الأنفال	78
يستعمل	78
حفظه	78
ينتفع	78
وصفه	78
تبع	78
يقف	78
الرؤية	78
والمرأة	78
والنهار	78
وإنا	78
قرى	78
بلغه	78
وجها	78
الكافرين	78
إخراج	78
بابه	78
يقيم	78
فرقة	78
خص	78
صلة	78
النصب	78
تخصيص	78
فقلنا	78
صوته	78
تركها	78
لى	78
المواضع	78
ولله	78
وعنده	78
والنصارى	78
العلوي	78
يعطي	78
السن	78
قدمه	78
حبس	78
انقطع	78
لصاحب	78
تعرض	78
الجلد	78
الوادي	78
خطاب	78
الأندلس	78
الفرع	78
تحته	78
أشرف	78
ظلم	78
السدس	78
الماوردي	78
واحتج	78
فأبى	78
مفهوم	78
الولاء	78
وأمه	78
كافرا	78
التكبير	78
خوفا	78
البطن	78
جبرئيل	78
يتعين	78
لمحمد	78
خذ	78
نجيح	78
نرى	78
أموال	78
المشركون	78
تجعل	78
المأمور	78
بالحج	78
نصفه	78
أحرم	77
غضب	77
بيانه	77
الخالق	77
الطالب	77
يشتري	77
معنا	77
دائما	77
ركن	77
صل	77
فرأى	77
الصرف	77
الرحمان	77
نجم	77
الصف	77
عيني	77
المعين	77
بدأ	77
القراء	77
قوي	77
أتم	77
علمنا	77
قرة	77
تولى	77
البلاء	77
أمي	77
لحديث	77
السواد	77
بكذا	77
فضيلة	77
باعه	77
تعيين	77
يستلزم	77
أكله	77
صيام	77
الشخص	77
يغسل	77
فيقولون	77
ثمانين	77
يخلق	77
أب	77
ثعلب	77
وولي	77
تبلغ	77
الحرف	77
التشبيه	77
مخرج	77
البلاغة	77
اقتصر	77
عدتها	77
بزيادة	77
طب	77
الأربع	77
لبيك	77
وليلة	77
يعقل	77
كبار	77
موجب	77
ضم	77
يشعر	77
مناقب	77
بحث	77
يصف	77
الغد	77
وممن	77
أخاف	77
صفحة	77
المقدسي	77
المتوكل	77
ذبح	77
الصداق	77
غياث	77
المشايخ	77
تأتي	77
كقول	77
نظم	77
مهملة	77
المقاصد	77
المعاصي	77
الإضافة	77
قلة	77
كلب	77
ابو	77
يهدي	77
الطبعة	77
بالسيف	77
مقابلة	77
تطلق	77
المشي	77
نقض	77
مذهبه	77
وأمره	77
جمهور	77
ذهبت	77
عقله	77
ميراث	77
فضالة	77
التعليق	77
معاني	77
حفصة	77
أخ	77
الحصين	77
حروف	77
شهدت	77
يريدون	77
وعدمه	77
والتقدير	77
ولكل	77
يخطب	77
الكبائر	77
اليسرى	77
كه	77
يدع	77
وضعت	77
طه	77
الوضع	77
المصحف	77
يراه	77
الشيرازي	77
الانتفاع	77
يتوضأ	77
تاج	77
الظالمين	77
يأت	77
أصبغ	77
الجماع	77
وعز	77
طاوس	77
ثمنه	77
أبناء	77
الأعضاء	77
دفعه	77
جمعة	77
أصابه	77
ودعا	77
يؤذن	76
أبعد	76
أسألك	76
والدليل	76
مالكا	76
حظ	76
مجموع	76
فلأن	76
الرياض	76
المعالي	76
مراده	76
بكار	76
القرطبي	76
وتارة	76
الربع	76
دليلا	76
يذكره	76
العيون	76
العوض	76
الجنازة	76
غنم	76
الفرقة	76
طواف	76
المهذب	76
طويلا	76
التنبيه	76
السوق	76
أسيد	76
العمر	76
بلده	76
الزناد	76
الطرق	76
جالسا	76
طويلة	76
وآل	76
كف	76
العمد	76
براءة	76
الضحى	76
محال	76
أمين	76
السوء	76
ذكروا	76
الطريقة	76
ولأبي	76
المنزل	76
ولن	76
لبن	76
ميسرة	76
بالبصرة	76
القرية	76
فكذا	76
الفوائد	76
زالت	76
الموضوع	76
رئيس	76
الأولاد	76
فاضلا	76
مرضه	76
قائمة	76
يشير	76
ويكره	76
أبنا	76
عيون	76
سكت	76
ركعات	76
نفع	76
يعلمه	76
الجهة	76
محدث	76
المسالك	76
الفطرة	76
بأنهم	76
المرتضى	76
المستأجر	76
بأرض	76
العطف	76
كرم	76
الأمين	76
ثوبه	76
الذات	76
الموفق	76
بالعلم	76
فتى	76
رضوان	76
السابعة	76
مدح	76
الاعتبار	76
صغيرة	76
وشهد	76
والحق	76
الأفضل	76
استحباب	76
أجاز	76
يجتمع	76
وثلاث	76
شداد	76
وجده	76
خمسمائة	76
عصره	76
الحرمة	76
بكتاب	76
المالكي	76
السلاح	76
الموجود	76
الموطأ	76
الطائي	76
رجلان	76
حصن	76
عوضا	76
مسروق	76
والعشرين	76
عليهن	76
الذبح	76
بقيت	76
لكون	76
توجد	76
تر	76
إضافة	76
واليوم	76
سلامة	76
السحاب	76
مؤمنا	76
ناقة	76
رجوع	76
وأنها	76
الأحوص	76
أصبحت	76
انتقل	76
يصوم	76
الديار	76
الغضب	76
أرادوا	76
وعبارة	76
صيد	76
فقرأ	76
رأوا	76
مفتوحة	76
نقلا	76
توبة	76
توجه	75
السمرقندي	75
لقي	75
تسليم	75
خطبة	75
بهن	75
جمعا	75
العبدي	75
أمرها	75
وسليمان	75
الموصل	75
النصر	75
السبعة	75
السفينة	75
حمد	75
يرون	75
نون	75
ويستحب	75
وكأن	75
الأصنام	75
تسمية	75
لوجود	75
عفا	75
باختلاف	75
ألقى	75
وثقه	75
عبدي	75
أعمالهم	75
كريب	75
الأظهر	75
شروط	75
الشروط	75
اختاره	75
يلتفت	75
ثانية	75
اتباع	75
غيري	75
نسي	75
كتابة	75
وقطع	75
تسقط	75
نفسا	75
تزوجها	75
المعصية	75
العقاب	75
حاجته	75
وهؤلاء	75
ووضع	75
الرضاع	75
رجعت	75
بالمعنى	75
قولي	75
أياما	75
حرا	75
شاذان	75
المستدرك	75
سقطت	75
أولاده	75
الجاني	75
والكسائي	75
ويعقوب	75
علوم	75
الأحد	75
كوفي	75
وضرب	75
اسما	75
شراء	75
أفلا	75
تفصيل	75
يصلون	75
وموسى	75
انها	75
يقتضيه	75
لعن	75
المتكلم	75
مسدد	75
الدفع	75
يؤكل	75
بنحو	75
وأحسن	75
هانئ	75
الثمرة	75
يقولوا	75
مطر	75
مادة	75
أحل	75
مرارا	75
يحفظ	75
الزاهد	75
تحصيل	75
ثلاثمائة	75
بالرفع	75
الهواء	75
داء	75
قولنا	75
انقضاء	75
البقر	75
للمشتري	75
كأنما	75
بالقاهرة	75
ورب	75
الأولياء	75
تأخير	75
ستر	75
محرما	75
الواقف	75
والدين	75
جعلنا	75
شعب	75
نظرت	75
تأليف	75
خلقا	75
جالس	75
الطائفة	75
عبدة	75
فرأيت	75
يمر	75
التقوى	75
أكثرهم	75
يكثر	75
قدمناه	75
لانه	75
الخزاعي	75
لكثرة	75
صادق	75
وعلا	75
فبلغ	75
وأي	75
عنى	75
ابي	75
خارجة	75
الحفاظ	75
يحج	75
واسع	75
نارا	75
معبد	75
مغني	75
وثبت	75
الحربي	75
وانما	75
مسنده	75
يعطى	75
بردة	75
واختاره	75
الضعف	75
ترجع	75
تذكرة	75
وبعده	75
مجازا	75
الخوارج	75
عصر	75
فرضا	75
الخط	75
قرن	75
العلل	75
الشكر	75
فضرب	74
يجيء	74
علية	74
مطرف	74
يطلع	74
وجعله	74
مخلوق	74
الطرف	74
القيم	74
البحرين	74
الكشي	74
رجليه	74
معناها	74
فأراد	74
حنث	74
أورده	74
آمنا	74
ربا	74
سابقا	74
التركة	74
مكروه	74
سواد	74
الجعفي	74
يعرفه	74
ويظهر	74
قاعدة	74
الوكالة	74
مسكين	74
ظنه	74
قضية	74
دونها	74
الخضر	74
الإجازة	74
فالظاهر	74
يمينا	74
عامل	74
الوداع	74
السجدة	74
مزيد	74
شجاع	74
الجديد	74
لأمر	74
الخراج	74
الفتن	74
شق	74
حقوق	74
يرو	74
عسى	74
مس	74
مضر	74
شيخه	74
عرفا	74
صدقت	74
الهادي	74
وأبى	74
وضوء	74
السيوطي	74
خبرا	74
والأولى	74
المكلف	74
الضعيف	74
النداء	74
الغنى	74
وبيان	74
يعملون	74
كقولك	74
برجل	74
نزيل	74
بالإجماع	74
يجبر	74
الشأن	74
تراب	74
ترتيب	74
التنزيل	74
صيغة	74
الأشرف	74
ساق	74
الحقوق	74
فنظر	74
الخلاصة	74
نام	74
وكثرة	74
برقم	74
الزائد	74
الثابت	74
الوراق	74
فرج	74
مخطوط	74
باقي	74
معجمة	74
لعمر	74
طلقت	74
ينصرف	74
وأجيب	74
القراءات	74
العرض	74
الوصي	74
التسمية	74
رأينا	74
فارسي	74
باشا	74
قديم	74
حملت	74
إمكان	74
بالخيار	74
السري	74
القصص	74
أحمر	74
السادسة	74
قثنا	74
العدالة	74
بالحديث	74
رزق	74
كمثل	74
لفظا	74
الشيخان	74
الكثيرة	74
السهم	74
قبيلة	74
ينفذ	74
دلت	74
الدر	74
النصاب	74
الإعادة	74
والفضة	74
مكي	74
ويعرف	74
حملها	74
لفلان	74
وعبيد	74
البعث	74
القرب	74
بالمال	74
الواردة	74
يومين	74
بيضاء	74
وكلام	74
المتعة	74
المحاسن	74
منتهى	74
والطبراني	74
الحاصل	74
وهنا	74
سبيلا	74
دما	74
يتبين	74
اتفاقا	74
أكون	73
استحق	73
أكرم	73
اجتماع	73
لجميع	73
الخلع	73
الحادي	73
خلقت	73
الفتى	73
تراه	73
لاحتمال	73
طهارة	73
للذي	73
الكفاية	73
فأقبل	73
ناس	73
همزة	73
عربي	73
أهلك	73
الطب	73
دولة	73
العز	73
أورد	73
المأموم	73
اتخذ	73
بالذي	73
الصراط	73
روحه	73
مضت	73
الفضائل	73
منصوب	73
السعي	73
سافر	73
وبركاته	73
وأربع	73
الوالد	73
الموتى	73
يستطيع	73
والقمر	73
الظاهرة	73
العجز	73
نجاسة	73
تقتضي	73
عسكر	73
قبلك	73
توقف	73
الهلال	73
سابق	73
الحمار	73
الجار	73
التخصيص	73
أخا	73
بيمينه	73
مأخوذ	73
فسأله	73
الحلف	73
ابنته	73
الركن	73
اتقوا	73
أوائل	73
فعلم	73
مصلحة	73
الشين	73
وقفت	73
ممنوع	73
قلابة	73
أراه	73
النقص	73
المخزومي	73
ثياب	73
رحيم	73
الوصل	73
طيبة	73
الطاهر	73
خروجه	73
فوجد	73
الستة	73
ونقله	73
يتخذ	73
الوصول	73
أيدي	73
القلم	73
المطلقة	73
فلهذا	73
وبنو	73
هدية	73
بصري	73
يأذن	73
اهل	73
بسند	73
الصوفي	73
اللجنة	73
وسنة	73
البدر	73
بدرا	73
استدل	73
آخرين	73
يتناول	73
وقوعه	73
تغلب	73
أربعون	73
عجلان	73
الموصى	73
مذكور	73
عبدان	73
الورد	73
رشيد	73
الصلت	73
ومجاهد	73
يأخذه	73
هيئة	73
فخرجت	73
الشبهة	73
الأربعين	73
أرضا	73
قصده	73
أفطر	73
الرجلين	73
ينقض	73
بالنظر	73
اشتراه	73
سماعة	73
دنانير	73
استعمل	73
از	73
يكبر	73
برهان	73
ره	73
فوقه	73
الغريب	73
مراتب	73
إيجاب	73
تشهد	73
الاستفهام	73
الخاء	73
بياض	73
بالدين	73
العجلي	73
جاءه	73
بأحد	73
فيصير	73
فيهن	73
شيخا	73
بدنه	73
والنساء	73
المصلحة	73
ونحوهما	73
الحائط	73
يعيد	73
يقضى	73
تردد	73
البيوت	73
خمسا	73
فهما	73
فأذن	72
النزاع	72
يشمل	72
استثناء	72
كلمات	72
وأخبرني	72
الرجعة	72
أكمل	72
أنى	72
رأيه	72
وعيسى	72
الاحتياط	72
يسيرا	72
الجانب	72
المحدثين	72
الخلال	72
موقوفا	72
سماك	72
فسار	72
إقراره	72
عزل	72
البجلي	72
البتة	72
المعارف	72
علل	72
حنين	72
جعلها	72
بكونه	72
أصلها	72
واستدل	72
واو	72
طلبه	72
الاخبار	72
يتزوج	72
نهي	72
والحاصل	72
بيض	72
حرمت	72
وضم	72
مسمى	72
الدجال	72
الأقرب	72
وحمزة	72
ويؤيده	72
يحضر	72
يغلب	72
إقرار	72
الجواهر	72
مقدر	72
ومر	72
الاحتجاج	72
الحرث	72
بطنه	72
أسلمت	72
يبدأ	72
السبكي	72
خديجة	72
وولد	72
تصير	72
أعيان	72
طاعته	72
محالة	72
يتمكن	72
الحداد	72
اليمان	72
وعطاء	72
حاضر	72
اعتبر	72
المشار	72
الاحرام	72
خرجوا	72
روايات	72
إنكار	72
وفد	72
البرد	72
قائلا	72
فانظر	72
فقدم	72
قديما	72
البرقي	72
الطبقة	72
المقتول	72
الصامت	72
النبيين	72
أجله	72
حاصل	72
سرا	72
شديدة	72
الشفيع	72
الخصال	72
نجس	72
اللخمي	72
الصالحات	72
بترك	72
الإثم	72
الأصم	72
والا	72
الذكرى	72
تيمية	72
تحصل	72
قطعت	72
الروايتين	72
وأنهم	72
إظهار	72
أخطأ	72
سبعون	72
ثاني	72
قادر	72
تقطع	72
يقوله	72
موجودة	72
صدقه	72
وخلف	72
بالنصب	72
وحيث	72
هنالك	72
فسلم	72
حية	72
إزالة	72
المفسرين	72
كاملة	72
يزول	72
الطبرانى	72
المشترك	72
الثناء	72
يرضى	72
الحرمين	72
بصره	72
تأكل	72
باق	72
اشتد	72
الغنيمة	72
الغزالي	72
يباع	72
ومضى	72
الزهد	72
غيرك	72
لقيت	72
ضربه	72
الرمي	72
استوى	72
يقصر	72
فأتاه	72
وبلغ	72
بركة	72
الكبر	72
الزركشي	72
القاعدة	72
قرئ	72
الكف	72
الجنان	72
الخطابي	72
والقاضي	72
وجوبه	72
سبيله	72
الشامي	72
قبلت	72
المقدمة	72
بالموت	72
الإلهية	71
الجلال	71
جمل	71
وثلاثة	71
بخلافه	71
فإما	71
خمر	71
حساب	71
فات	71
بدار	71
المهلب	71
خاتم	71
يقر	71
العراقي	71
معطوف	71
انتفاء	71
للبائع	71
شقيق	71
بالذكر	71
معلومة	71
تعدد	71
اختلفا	71
قدرة	71
تحرم	71
فرفع	71
ودفع	71
جندب	71
الجعد	71
حراما	71
الحبس	71
السمعاني	71
رحل	71
ضربت	71
بعنوان	71
الحلق	71
الرؤيا	71
الظهار	71
استحقاق	71
البلخي	71
وآخرون	71
القدس	71
للمؤمنين	71
الفاسد	71
الحسنة	71
أطراف	71
ردها	71
ومنع	71
ممكن	71
جمعه	71
الحبشة	71
الهلاك	71
مشى	71
التدبير	71
مثنى	71
عرق	71
الأبيات	71
الغنائم	71
عزيز	71
وفلان	71
قدرته	71
العسكري	71
والنار	71
المفهوم	71
وخير	71
العقبة	71
الداعي	71
الدروس	71
وجوههم	71
عشرون	71
تصلي	71
وقولهم	71
ميتة	71
إبطال	71
الحوض	71
النظم	71
لجواز	71
سوق	71
أنعم	71
دعواه	71
وآخره	71
الفكر	71
ذكرته	71
ويجعل	71
طاف	71
البعد	71
العيش	71
شبيب	71
المستحق	71
الحميدي	71
الصيرفي	71
قبلهم	71
العقود	71
المشهورة	71
اغفر	71
اذهب	71
فالله	71
دخوله	71
الأزهر	71
شمر	71
فانه	71
ذئب	71
ورق	71
يسم	71
كنانة	71
الرياح	71
بعير	71
وبذلك	71
الجسد	71
فداك	71
الحمى	71
بإذنه	71
يوصف	71
أكره	71
تحفة	71
ويرجع	71
التخيير	71
لأحدهما	71
أرباب	71
وامرأة	71
الكواكب	71
الأعلام	71
اي	71
التصريح	71
تقدمت	71
بصيغة	71
والباقي	71
قبلكم	71
رجله	71
الركعتين	71
غلاما	71
السلامة	71
فاضل	71
ذوات	71
الكشاف	71
كسائر	71
السعادة	71
الشريفة	71
إذنه	71
يلبس	71
جيش	71
عاش	71
نفى	71
الكليني	71
أوفى	71
أصلي	71
الدواب	71
حكمة	71
البلوغ	71
الطيبي	71
خلع	71
واقع	71
الأنباري	71
الفلك	70
ينقطع	70
قياسا	70
بدين	70
كلاما	70
فلها	70
فقيها	70
وأجاز	70
الحفظ	70
للمرأة	70
بابا	70
يعرفون	70
الاحتمال	70
سننه	70
منقطع	70
كفى	70
قرينة	70
والعصر	70
الضعفاء	70
وجزم	70
الحسنى	70
الحوادث	70
سعة	70
البراءة	70
ليل	70
طلع	70
سير	70
السور	70
بمائة	70
فمر	70
المذكورين	70
الإسلامي	70
ضيق	70
أتت	70
ذراعا	70
يطوف	70
رهن	70
الأقوى	70
أسرع	70
فوائد	70
وشرط	70
امرؤ	70
الوقوع	70
السيرة	70
بيوت	70
ظهرت	70
البركات	70
أمثال	70
يسكن	70
مرزوق	70
طهر	70
الرمل	70
ذم	70
أنفق	70
حقها	70
واد	70
بالقول	70
الأذرعي	70
صغيرا	70
ألفاظ	70
يفتح	70
الشيخين	70
وضعه	70
ينعقد	70
روضة	70
اليتيم	70
ومعلوم	70
البدع	70
ولكني	70
قولها	70
فكما	70
الأخفش	70
المقدم	70
فحينئذ	70
الأقل	70
المبالغة	70
فيا	70
الغرماء	70
بواسطة	70
وفعل	70
حديد	70
الهذلي	70
مقصود	70
بذل	70
بثلاثة	70
واختار	70
الأذى	70
الشيوخ	70
زيارة	70
مخصوص	70
شرعي	70
يقبض	70
تعليق	70
دمه	70
الموجب	70
أهلي	70
والخبر	70
يصرف	70
الخصم	70
لصاحبه	70
الأمانة	70
خلت	70
الف	70
قدير	70
الأشهر	70
الأربعاء	70
وخبر	70
المسك	70
أدلة	70
نورا	70
الشفاعة	70
صلوا	70
وعده	70
ولئن	70
وجهها	70
وص	70
استقر	70
الفزاري	70
لدى	70
الشتاء	70
سمعنا	70
الضبي	70
سببه	70
البزاز	70
قومك	70
أرش	70
ولست	70
وأورد	70
الطحاوي	70
مرتبة	70
الحرية	70
باسناده	70
شهيدا	70
يخبر	70
خلال	70
الباطن	70
الجنب	70
الطيالسي	70
بالنار	70
العظيمة	70
واللفظ	70
والرابع	70
الكريمة	70
إياك	70
يجزئ	70
أولي	70
تأخذ	70
العقيلي	70
التعبير	70
صورته	70
والرجل	70
حضرت	70
خشية	70
ولايته	70
صبر	70
الدور	70
تظهر	70
وتلك	70
يعتقد	70
الرملي	70
الناظر	70
روينا	70
الفرقان	70
جنات	70
بالثمن	70
والمغرب	70
ثوبان	70
ويبقى	70
البيض	70
شهيد	70
العجم	70
رفاعة	70
توجب	70
الإتيان	70
ينتهي	70
شرطه	70
عهده	70
احتمل	70
الأديب	70
الشباب	70
جنى	70
يدا	70
الدارمي	70
فارغة	70
الظرف	70
عقوبة	70
الضلال	69
لقوم	69
قتلت	69
لبيد	69
المادة	69
معروفة	69
فعند	69
يلقى	69
كسرى	69
التمييز	69
ياسر	69
وملك	69
المنكدر	69
أمرك	69
والعشرون	69
باطلا	69
مجلسه	69
مررت	69
أعرابي	69
موجودا	69
حنظلة	69
والأنثى	69
وكون	69
وصنف	69
الصبيان	69
بأهل	69
والحال	69
العاشر	69
المبتدأ	69
الفريقين	69
والإمام	69
فأخبر	69
الصائم	69
وعليها	69
عمد	69
آبائه	69
جرم	69
مفتاح	69
المرسلين	69
الرقيق	69
فالجواب	69
ورأى	69
الفهم	69
الحنبلي	69
المحبة	69
غيلان	69
المصادر	69
الكرم	69
غسله	69
إياس	69
بالأمر	69
ويدخل	69
يملكه	69
العليا	69
ظلما	69
ويسمى	69
ويحك	69
الحاضر	69
بوجوب	69
عود	69
تملك	69
برسول	69
النبوية	69
مت	69
أدب	69
خصوص	69
تنزل	69
يتضمن	69
بلدة	69
أمري	69
فتقول	69
العذر	69
الفضيل	69
الأموي	69
تعد	69
والجملة	69
أفتى	69
الصاد	69
انفرد	69
يقرب	69
صفين	69
يعبد	69
النيل	69
ففيها	69
وادعى	69
والمغني	69
وثلاثون	69
فأكثر	69
زرع	69
يدك	69
وكثير	69
بالعراق	69
موقوف	69
فسمع	69
الإحسان	69
بالطلاق	69
الورى	69
بأي	69
فأي	69
أواخر	69
البطلان	69
يترتب	69
أيهما	69
قابل	69
معلوما	69
الشمال	69
حضور	69
العادل	69
كيسان	69
أقسم	69
مثقال	69
قومي	69
التقييد	69
تقرير	69
النبات	69
وجوبا	69
حصة	69
السكيت	69
القلعة	69
الحقيقي	69
فدخلت	69
لعموم	69
حافظ	69
عبرة	69
منسوب	69
الليالي	69
يتعدى	69
لأب	69
سماء	69
بابويه	69
الشرف	69
ارتفع	69
تابع	69
مخافة	69
النمل	69
يتقدم	69
أبيات	69
الأعشى	69
شرا	69
حكمها	69
سبعا	69
الإرادة	69
قتلوا	69
القود	69
حمار	69
يصيب	69
الإصابة	69
آخذ	69
المنافع	69
بقتل	69
كافة	69
عيد	69
وأجاب	69
دفن	69
جنسه	69
ولفظ	69
فروع	69
الإنكار	69
الأرحام	69
وأهله	69
التلف	69
بالتاء	69
يولد	69
المجتهد	69
الوافر	69
ظرف	69
الاستحباب	69
الاتفاق	69
باز	69
فوضع	69
هى	69
جوازه	69
الإخبار	69
جائزة	69
الأجزاء	69
الزاي	69
لفظة	69
نسلم	68
البين	68
فخذ	68
للعبد	68
التأخير	68
فعلوا	68
عقدة	68
جنازة	68
بعينها	68
الإناء	68
الأمان	68
يخشى	68
ولان	68
بشهادة	68
الكسر	68
بالألف	68
الكرماني	68
كلاب	68
زهرة	68
العارفين	68
ويصح	68
سجود	68
غسان	68
أعاد	68
تطلع	68
ال	68
هوى	68
النزول	68
حلق	68
الاجتماع	68
المدارك	68
الإباحة	68
صفته	68
حدثت	68
أتي	68
ويرد	68
وأشهد	68
ظفر	68
تبقى	68
المنذري	68
الزوائد	68
الوعد	68
فاعله	68
وحق	68
وافق	68
اثني	68
فعلها	68
لوط	68
الجهني	68
الأرش	68
جناية	68
القذف	68
تعليل	68
الإرث	68
المجمع	68
تصل	68
والعبد	68
أرضه	68
قسمة	68
اثنا	68
لأنك	68
عذابا	68
متاع	68
فأخبره	68
محض	68
يعتد	68
المنقول	68
اختصاص	68
لون	68
وطء	68
العسل	68
الشراب	68
نصا	68
أجرا	68
يساره	68
الأرواح	68
سيئة	68
إسلامه	68
مستقيم	68
مسجدا	68
فالمراد	68
الشريك	68
الطهر	68
القزويني	68
وليه	68
الجلوس	68
جر	68
زفر	68
الباري	68
ليت	68
نهج	68
عقيب	68
اللازم	68
الأيمن	68
اختلفت	68
الطفيل	68
فلك	68
المستقبل	68
تعملون	68
المملوك	68
كي	68
نظام	68
الإعراب	68
عبادي	68
بصفة	68
الدماء	68
عدلا	68
الحجاب	68
موافقة	68
كأنهم	68
وزيادة	68
يورث	68
الاستعمال	68
حامل	68
دخلوا	68
مملوك	68
بسر	68
بخ	68
نصير	68
والقرآن	68
مكحول	68
جوابا	68
المرة	68
العبيد	68
بأكثر	68
اسمها	68
وأنكر	68
بمنى	68
بكلام	68
الحنطة	68
فاته	68
هاجر	68
للأول	68
الجر	68
أفراد	68
غنى	68
إثم	68
صريحا	68
وجعفر	68
تمنع	68
بيدي	68
نوفل	68
أثره	68
وطئ	68
لبيان	68
الأعداء	68
وجوز	68
بخبر	68
اشترط	68
معينة	68
فصارت	68
قولين	68
شكر	68
فالذي	68
ويحرم	68
أنكم	68
وجملة	68
يوافق	68
ينتقل	68
وجدنا	68
ويخرج	68
الشرب	68
والأصح	68
استعماله	68
وسفيان	68
نشر	68
عقلا	68
الفضة	68
وتبعه	68
الدوري	67
بالواو	67
كفار	67
حمص	67
ملكت	67
المتقين	67
نبت	67
معرفته	67
الحكومة	67
أعطي	67
تزل	67
أسعد	67
الجوع	67
يرده	67
وقرئ	67
غرض	67
رأسها	67
المبين	67
المطالبة	67
الرومي	67
فهرس	67
كذبوا	67
الحديبية	67
المختصر	67
ترجيح	67
يمسح	67
اعتقاد	67
ينفق	67
ثابتة	67
وصلت	67
معكم	67
شهود	67
وولده	67
بعضكم	67
بالكتاب	67
اللعان	67
وحكي	67
مراعاة	67
يومه	67
الوديعة	67
فجلس	67
ضمرة	67
القارئ	67
ابراهيم	67
والملائكة	67
أرجو	67
حاكم	67
الأبيض	67
بالأصل	67
عرضا	67
والمروة	67
الشهير	67
رحمهما	67
وجهك	67
بباب	67
المدح	67
ذراع	67
هاتين	67
كتبهم	67
إباحة	67
أحيانا	67
الصوفية	67
أمام	67
فرسه	67
والمشهور	67
والاستبصار	67
السلعة	67
يغني	67
بعثه	67
عروبة	67
ينادي	67
تتعلق	67
يتغير	67
فسد	67
أرقم	67
الدائمة	67
جميعها	67
وهشام	67
مكتوب	67
القربى	67
الثلاثاء	67
الرق	67
بثلاث	67
التعيين	67
بأمره	67
الفرنج	67
وسعد	67
المجيد	67
قواعد	67
فكانوا	67
بالعين	67
وثمانمائة	67
وكلاهما	67
المعروفة	67
ثمرة	67
الكرام	67
ثيابه	67
الرطب	67
صفية	67
تامة	67
قذف	67
مشايخ	67
العقوبة	67
دقيق	67
الإرشاد	67
جسده	67
تعمل	67
رزين	67
للأب	67
الأعراب	67
صدور	67
شريكه	67
رجالا	67
برواية	67
فوقها	67
العظام	67
والنون	67
للزوج	67
الصحابي	67
والفضل	67
وكونه	67
وصلاة	67
والدي	67
حصلت	67
قلعة	67
الديوان	67
احتاج	67
بالكلية	67
والثوري	67
يخص	67
دبر	67
وظاهره	67
يتعرض	67
فقالا	67
صاع	67
بالنون	67
الصفحة	67
كذاب	67
يقم	67
عزم	67
جوف	67
فأين	67
لأبيه	67
كذبت	67
درجات	67
وأثنى	67
آمين	67
الزمن	67
وانه	67
والدعاء	67
ويأخذ	67
جلال	67
المخالفة	67
منده	67
المذاهب	67
باقية	67
الأيمان	67
ثان	67
ظلموا	67
توهم	67
منازل	67
معقل	67
بالملك	67
العاقل	67
ورسول	67
الجزيرة	67
الدلائل	67
المعدة	67
معن	67
والتي	67
الصبا	67
مباح	67
العظم	67
الجزري	67
بصحة	67
الفهرست	67
نقد	67
بهاء	67
آن	67
المستقيم	67
طريقا	67
وفرق	67
بالعقد	67
للأصل	67
يعدل	67
وحدها	67
بيعها	67
صاعد	67
بالبيع	66
النجف	66
المصباح	66
يسعى	66
أويس	66
أذى	66
الحقائق	66
والإيمان	66
اللون	66
الأمثال	66
نهارا	66
أنشدني	66
أخذا	66
وبنى	66
الشهاب	66
رحمته	66
باتفاق	66
لشيء	66
المجهول	66
الذمي	66
وادي	66
الحرير	66
آثاره	66
الفراغ	66
يعم	66
أمراء	66
واقد	66
ينوي	66
حكي	66
الليثي	66
هبيرة	66
القديمة	66
العمري	66
المقدار	66
شيوخ	66
يجر	66
بعشرة	66
فيلزم	66
يكذب	66
عشرا	66
جميعه	66
شهرين	66
رضيت	66
أعمى	66
الشهداء	66
ميمونة	66
الاكتفاء	66
سلك	66
ذكروه	66
وأقبل	66
حيوان	66
أمسك	66
الخراساني	66
السعدي	66
صنعت	66
الحجارة	66
فأخرج	66
النحاس	66
المدرسة	66
يسر	66
شفاء	66
الكلمات	66
الحزن	66
أهلا	66
المجلسي	66
علاء	66
والعشاء	66
الصغيرة	66
العاقلة	66
بينما	66
الحمصي	66
محبة	66
مسيرة	66
المتاع	66
فقهاء	66
بعدك	66
وذو	66
ركع	66
وفاء	66
يعين	66
المحققين	66
ربها	66
الجرجاني	66
الفم	66
ملائكة	66
خدمة	66
جمعت	66
وست	66
لقب	66
المعتق	66
تركته	66
المصطفى	66
عندكم	66
الحصر	66
الإله	66
يرفعه	66
لباس	66
بتشديد	66
يتصدق	66
الطاء	66
الشورى	66
جزيرة	66
سل	66
ملة	66
صبي	66
العاملي	66
انتهت	66
وجهي	66
السرقة	66
المعلم	66
أرسلنا	66
رفعت	66
لأم	66
الأصابع	66
جبلة	66
الحباب	66
ثلاثون	66
أبيها	66
السكون	66
التطوع	66
انهم	66
علا	66
فأمره	66
للعلم	66
الوعيد	66
المخطوط	66
الأمصار	66
يجعله	66
صخر	66
سيار	66
متصل	66
الدرهم	66
وأنزل	66
لعلكم	66
المتقدمين	66
أناس	66
آداب	66
عتاب	66
وأتى	66
وأين	66
مقابل	66
الحائض	66
قبلي	66
يس	66
القريب	66
الطبيعة	66
الآتية	66
والشمس	66
المشترى	66
ليال	66
تأثير	66
معروفا	66
ذهبا	66
فضال	66
ولفظه	66
ديوانه	66
والعرب	66
وعملوا	66
يمنعه	66
وهن	66
وأخرى	66
والماء	66
تمت	66
أيما	66
الغصب	66
حرفا	66
الحميري	66
إيمان	66
اللطيف	66
الجاهل	66
وطائفة	66
الفرزدق	66
كلثوم	66
غصب	66
فانطلق	66
ينام	66
صائم	66
أراك	66
الصدقات	66
الكبيرة	66
بظاهر	66
أقصى	66
شاب	66
مليكة	66
والمال	66
بذي	66
عدوا	66
تتبع	66
زنى	66
جرح	66
أعرفه	66
تختلف	66
فولدت	66
الاخر	66
جوابه	66
يتوهم	66
لابد	66
بعيدا	66
الجنائز	66
حبة	66
يحد	66
السجن	66
هب	66
روايتان	66
تمكن	65
تحدث	65
ياقوت	65
حقيقته	65
فتاوى	65
التصديق	65
رابع	65
الحذاء	65
الطبع	65
فأولئك	65
الأعمى	65
ومرة	65
هدي	65
تعريف	65
ظالم	65
عتقه	65
بحجة	65
دلائل	65
ذكوان	65
نهار	65
أسباط	65
الذخيرة	65
قريشا	65
وفيهم	65
كسب	65
الهندي	65
الحامل	65
أنشد	65
الرقم	65
والحكمة	65
فذكرت	65
يركب	65
العجب	65
فإنهما	65
تذهب	65
لقمان	65
وفاطمة	65
المنعم	65
وعائشة	65
نادى	65
قاعدا	65
فرواه	65
حمى	65
أخبركم	65
الطائف	65
ادعاه	65
اقرأ	65
مبارك	65
نعت	65
فجعلت	65
التقريب	65
ويعلم	65
إسقاط	65
رقيق	65
يطول	65
ونعم	65
الأصغر	65
عندهما	65
فسأل	65
وجمعه	65
والنظر	65
اجتمعت	65
الهيئة	65
الدينية	65
سوداء	65
عجل	65
العقلاء	65
أجود	65
جلاله	65
والإفتاء	65
وصدق	65
وجعلت	65
الأنهار	65
وقعة	65
الكثرة	65
لين	65
قلتم	65
أهم	65
الرجز	65
بندار	65
رحمهم	65
نقصان	65
أصحابي	65
المثال	65
هن	65
والسجود	65
الوسيلة	65
العكس	65
بنصف	65
طلقة	65
باسمه	65
يليه	65
الأجسام	65
طارق	65
وبن	65
وب	65
قصاص	65
رأسي	65
قليلة	65
الصاحب	65
بيعة	65
ويذكر	65
للآخر	65
قاض	65
فظاهر	65
قلناه	65
تزيد	65
الآمر	65
الزوجين	65
يأتيه	65
وقلة	65
قبيصة	65
دنا	65
سفينة	65
الأجنبي	65
بمعناه	65
كاملا	65
الأسلمي	65
المؤيد	65
ضعيفة	65
أمانة	65
الولادة	65
أتاني	65
الرعد	65
سجدة	65
رياض	65
صومه	65
يؤتى	65
وسبب	65
عكس	65
مسهر	65
السباع	65
قراءته	65
بنفس	65
كثرت	65
أظن	65
المفرد	65
لمسلم	65
كاد	65
وأخوه	65
ثلثه	65
ينظرون	65
جعلوا	65
الآخرين	65
سياق	65
بالغ	65
باليمن	65
الديلمي	65
امتناع	65
تخلف	65
أنزلت	65
طلعت	65
الخلائق	65
وحج	65
الرقي	65
الباهلي	65
تدري	65
البنت	65
الاسناد	65
شئتم	65
يزعم	65
المحال	65
خلاد	65
وحماد	65
اللغوي	65
يفطر	65
والأخرى	65
الزبيدي	65
شتى	65
بالقياس	65
الإمامية	65
القشيري	65
الستر	65
تزوجت	65
بيوم	65
الموصي	65
رؤوس	65
أصلح	65
فسكت	65
العدول	65
البلقيني	65
الخبز	65
صغار	65
ينتظر	64
واسطة	64
التأنيث	64
غائب	64
الشدة	64
المدائني	64
لزيد	64
متعمدا	64
المغصوب	64
إناء	64
بحلب	64
وفق	64
الكبار	64
والعين	64
يسأله	64
المقال	64
بموت	64
فربما	64
والنبي	64
فمتى	64
حلالا	64
الرقبة	64
تكبيرة	64
اليهودي	64
والأنصار	64
بحمد	64
عملت	64
المدبر	64
غفلة	64
وبني	64
تقييد	64
الظنون	64
الشعب	64
مخالفا	64
عددا	64
شد	64
فتحت	64
يعتمد	64
الإجابة	64
الطبيب	64
الاعتكاف	64
يستدل	64
المطبوع	64
فالأول	64
عمرا	64
كتابي	64
واللسان	64
ضل	64
جليل	64
خطر	64
يرسل	64
اسحاق	64
برئ	64
والضمير	64
المولود	64
وسألته	64
مبلغ	64
وعاصم	64
للمولى	64
والملك	64
مشكل	64
سمعوا	64
شاهدا	64
المبرد	64
أيامه	64
هاء	64
آياته	64
الرمة	64
يشك	64
الدرجات	64
الاستحقاق	64
إجارة	64
زادت	64
وبعدها	64
المنزلة	64
مجموعة	64
الضرير	64
خالق	64
ينبت	64
أسر	64
امر	64
فظهر	64
ختم	64
سوار	64
حبل	64
القدم	64
ناسيا	64
مشهورة	64
عماد	64
خفي	64
الفداء	64
الاعتقاد	64
الحبل	64
الأزرق	64
معظم	64
حصته	64
الوزن	64
بلوغ	64
حدا	64
والفعل	64
حيض	64
جاءهم	64
البياض	64
بعلم	64
آلة	64
تعارض	64
لكونها	64
خيل	64
شيطان	64
الاقتصار	64
الخياط	64
بحار	64
تصحيح	64
ليسوا	64
حبيبة	64
جاهلا	64
التشريق	64
والعقل	64
المجنون	64
الورق	64
الخندق	64
فحمل	64
المحسن	64
بعمل	64
العياشي	64
يفصل	64
فثبت	64
قلبك	64
ثبوته	64
طائر	64
سماعه	64
العناية	64
مضمون	64
والقياس	64
التقليد	64
إسلام	64
صديق	64
أوحى	64
فنحن	64
وظهر	64
سيرة	64
كأني	64
صادقا	64
صلح	64
فكأنما	64
انقطاع	64
الطول	64
لحمه	64
العشرين	64
أليم	64
زاده	64
عبدالرحمن	64
فكنت	64
خال	64
حضرة	64
معينا	64
الطرفين	64
إياهم	64
كليب	64
مرت	64
وأرسل	64
الصيف	64
ولمن	64
وثنا	64
شعرا	64
أوقات	64
حالهم	64
الراجح	64
الحياء	64
الخادم	64
اشتهر	64
جامعة	64
مولاهم	64
دينكم	64
قعد	64
العقلية	64
الكافرون	64
لقاء	64
كفه	64
الحكماء	64
ايضا	64
باليد	64
أنني	64
ذنبه	64
أجزأه	64
مكسورة	64
السياق	64
المعجم	64
البكاء	64
أعطيت	64
الحنث	64
المخالف	64
الصغرى	64
سبأ	64
قبلة	64
الطفل	64
الحشر	64
الإشكال	64
يؤمر	64
والعمرة	64
عائد	64
الشهوة	64
وأمي	64
فأشبه	64
فجاءت	64
صراط	64
نيسابور	64
الكشف	64
عصمة	64
تكرر	63
الردة	63
لديه	63
مصطفى	63
ونصب	63
وحضر	63
طيبا	63
يعيش	63
صفاته	63
المحكم	63
مبالغة	63
سرية	63
يغتسل	63
والمقصود	63
انطلق	63
التعليم	63
فلن	63
سريع	63
الموقوف	63
نشأ	63
نيته	63
للإنسان	63
اني	63
وقضى	63
علموا	63
بالإضافة	63
القرض	63
صلب	63
فيصح	63
ذرية	63
اليسير	63
إنشاء	63
الآدمي	63
وولى	63
والرواية	63
شرحبيل	63
معهما	63
الصغار	63
أجيب	63
والزبير	63
تكونوا	63
أنبا	63
أمالي	63
الأبصار	63
الجند	63
المصالح	63
مردود	63
تجمع	63
إنسانا	63
الإستبصار	63
الحلم	63
وكنا	63
رجوعه	63
فحذف	63
تزال	63
وبقية	63
راهويه	63
منيع	63
والباء	63
تصانيفه	63
ذكرهم	63
الموصوف	63
وماله	63
دور	63
ظلمة	63
أعداء	63
انقضت	63
اجتمعوا	63
ووجهه	63
تعود	63
النفل	63
عندما	63
وبعضها	63
الأطعمة	63
الجامعة	63
الميقات	63
وكيل	63
قمت	63
الفرد	63
ومعرفة	63
أنفه	63
فغضب	63
زائدا	63
ضربة	63
الإخلاص	63
وطئها	63
بقرة	63
للقاضي	63
خارجا	63
مسعر	63
أوتوا	63
جمرة	63
وصرح	63
عبدك	63
العساكر	63
ولكم	63
ليعلم	63
سماعا	63
التسبيح	63
أجره	63
فاعلم	63
نيابة	63
عازب	63
ميل	63
ثبتت	63
وحصل	63
مرفوع	63
دواء	63
إيمانا	63
المودة	63
النوادر	63
فلانة	63
ضبط	63
الاختصاص	63
قبوله	63
للمفعول	63
بثمن	63
يخرجه	63
باطن	63
سنه	63
مدرسة	63
جسم	63
ضعيفا	63
مطلقة	63
قطعه	63
وجوبها	63
تأويله	63
قدرا	63
يستوي	63
أصيب	63
خرجنا	63
ومحل	63
معد	63
وأكل	63
بالاتفاق	63
العليم	63
جوهر	63
المطبوعة	63
الأنف	63
التحرير	63
الذئب	63
جاءني	63
بقرينة	63
أمها	63
حمير	63
سند	63
الكلاب	63
ضامن	63
الخفيف	63
السارق	63
الأوثان	63
المالكية	63
ترفع	63
المعز	63
بسكون	63
النعيم	63
السكر	63
البيعة	63
الري	63
قبيح	63
العم	63
ورود	63
أخص	63
المقنعة	63
أخذوا	63
باطلة	63
النفاق	63
وصح	63
البيوع	63
المقنع	63
ورثته	63
إمامه	63
حلت	63
وإياك	63
يقاتل	63
خرجه	63
قضيت	63
يشق	63
الجواد	63
رق	63
حريز	63
تبوك	62
المساكين	62
وشرب	62
وجلس	62
يجزئه	62
إدراك	62
ويشترط	62
الزمر	62
يك	62
مهما	62
لذي	62
ورده	62
حبا	62
لأحمد	62
تقل	62
المثناة	62
القنوت	62
التوضيح	62
تتم	62
والبحار	62
نبه	62
العلو	62
عتيق	62
أبيك	62
بالتشديد	62
النابغة	62
الطين	62
حوشب	62
فعلي	62
البرية	62
وسقط	62
شرك	62
الأنثى	62
أخته	62
الظالم	62
الظلمة	62
شهداء	62
المسافة	62
بسط	62
الصدور	62
العالي	62
بلغنا	62
استأجر	62
فليتأمل	62
بعلمه	62
فجمع	62
الدائم	62
استيفاء	62
مساجد	62
البكر	62
يوضع	62
مشترك	62
قرابة	62
التمتع	62
بجواز	62
وقلنا	62
أدركت	62
ثابتا	62
فأتيت	62
بري	62
العنب	62
نافلة	62
الحاوي	62
المواز	62
رغبة	62
بطنها	62
فذاك	62
يرتفع	62
بعثت	62
أمرني	62
التام	62
الإمكان	62
اتحاد	62
زائد	62
النقصان	62
تصلح	62
ذهاب	62
الامتناع	62
الترجيح	62
حرملة	62
وضعف	62
واصل	62
فاذا	62
ونظر	62
ثني	62
سنتين	62
وقبض	62
أهدى	62
لمعنى	62
يعبر	62
والإقامة	62
ديني	62
أكلت	62
يديك	62
نسوة	62
فصاعدا	62
رمي	62
الماجشون	62
هلا	62
المقري	62
النافلة	62
درس	62
والتابعين	62
أثبتناه	62
للبحوث	62
الإخوة	62
موافق	62
نزع	62
منبه	62
خمسون	62
الوصايا	62
الجنين	62
يضره	62
بمدينة	62
إلها	62
سبط	62
القوي	62
لحيته	62
بحضرة	62
فكأن	62
السكوني	62
اتبع	62
الجود	62
بالنهار	62
بالعمل	62
وكره	62
بكون	62
عجبا	62
الكون	62
تحرير	62
الأنام	62
القوى	62
تؤخذ	62
فقضى	62
بالإيمان	62
الإيجاب	62
خصال	62
العماد	62
حدوث	62
الفخر	62
عرضت	62
بالشرط	62
وجابر	62
يسبق	62
أعد	62
نعرف	62
الإنس	62
ينال	62
ووقف	62
صرفه	62
وسماه	62
يعطيه	62
بالذات	62
يبرأ	62
وعرف	62
يبدو	62
الناسخ	62
أجنبي	62
الثمار	62
التقصير	62
والبحر	62
ديار	62
والخلاف	62
حولها	62
الملة	62
تناول	62
قالها	62
الصالحة	62
ومال	62
اعترف	62
فيخرج	62
الخدمة	62
أعجب	62
أصابع	62
ينطق	62
أربعمائة	62
طهران	62
الفريابي	62
الكفيل	62
وبينهم	62
الميل	62
المد	62
بجامع	62
المنهج	62
أطيب	62
لفي	62
بمقتضى	62
السلفي	62
بكثرة	62
واستمر	62
مقبول	62
نكل	62
ولكنها	62
ورقاء	62
ملكها	62
مريضا	62
يذكروه	62
منفردا	62
إحياء	62
غني	62
والسيد	62
زلت	62
أزيد	62
مجالس	62
ميلا	62
فصلت	62
مغيرة	61
المرسل	61
النفع	61
مؤمنين	61
وثلث	61
بارك	61
مولاي	61
تضمن	61
زمانا	61
لأصحابه	61
ويلزم	61
غفور	61
عدى	61
تقولون	61
وعين	61
تابعي	61
الجهر	61
طاب	61
بعرفة	61
أذكر	61
بأسا	61
الوسطى	61
مختصرا	61
سريج	61
وصله	61
لطيف	61
فقير	61
بحسن	61
وحرم	61
وأطلق	61
وداود	61
المملكة	61
فسقط	61
بمحمد	61
بدنة	61
التقية	61
القصيدة	61
والراء	61
تغيير	61
يصدر	61
أقبلت	61
الأصفهاني	61
اللثام	61
فأقول	61
القربة	61
الفقهية	61
الاشتراك	61
غيبة	61
بكى	61
معتبر	61
تدعو	61
تشبه	61
يدخلون	61
أمك	61
عطفا	61
أحببت	61
وعليك	61
عاقبة	61
الانتقال	61
را	61
أصناف	61
مجلد	61
غرة	61
وماء	61
مسافة	61
السيئات	61
سفره	61
اسماعيل	61
بالأول	61
سهما	61
الحضر	61
آت	61
رائحة	61
وجعلنا	61
وأربعة	61
وقدر	61
تسعين	61
النقد	61
والجماعة	61
والواو	61
سعى	61
ببينة	61
محتمل	61
ناظر	61
مذ	61
فارق	61
أركان	61
وكلما	61
العداوة	61
المنطق	61
قبائل	61
متعددة	61
الشرق	61
الواعظ	61
الأندلسي	61
أصغر	61
اللذين	61
الموافق	61
يتصرف	61
إبل	61
الفحل	61
فاما	61
وضعفه	61
وخالد	61
والى	61
شغل	61
رسالته	61
وحفظ	61
المقبري	61
سائل	61
تحتاج	61
البنات	61
المخاطب	61
بحرف	61
يكونا	61
طعن	61
عاقل	61
المزي	61
غائبا	61
شيوخه	61
القضية	61
عاليا	61
عارفا	61
غرم	61
رهنا	61
يمسك	61
ويصلي	61
مورد	61
لحاجة	61
الأصلي	61
المياه	61
والحج	61
ويثبت	61
يبكي	61
جبال	61
فيدخل	61
وزير	61
الخف	61
بتقدير	61
قربة	61
وأورده	61
تجارة	61
الحارثي	61
التفت	61
الإسكندرية	61
الرجم	61
أعرض	61
ثالثا	61
بالباطل	61
يصرح	61
بالذهب	61
الحلية	61
لهب	61
الظل	61
ورجاله	61
صلاتهم	61
نكاحها	61
النافع	61
العيدين	61
الأمن	61
وأظهر	61
يصب	61
ترون	61
بالفاء	61
التوكيل	61
المعاملة	61
العضو	61
ذلكم	61
راحلته	61
فيحتمل	61
أعضاء	61
سبقت	61
وكفى	61
يحيي	61
برأسه	61
الجهم	61
يغير	61
المعتمر	61
بحذف	61
كذبه	61
أمرين	61
والأوزاعي	61
فجاز	61
قريظة	61
منكرا	61
الفصول	61
الأنساب	61
الذكور	61
صحابي	61
وقاله	61
الجهات	61
النبوي	61
ونص	61
اللزوم	61
مضي	61
خفيف	61
بماله	61
وتوفى	61
تصحيحه	61
فيبقى	61
التقى	61
العورة	61
يشرك	61
راكبا	61
حائط	61
شريف	61
ثمنها	61
الكوفيين	61
والنهاية	61
الموضعين	60
وجدته	60
لذاته	60
وفضل	60
فروة	60
العزم	60
المخرج	60
سد	60
النجاسات	60
الإسماعيلي	60
وقالا	60
موقع	60
الطبقات	60
لأجله	60
يقدح	60
متصلا	60
الوارد	60
وأقول	60
المشهود	60
والأخبار	60
نصفين	60
حاملا	60
الصيغة	60
الخزرج	60
الدينار	60
العدوي	60
فالمعنى	60
سحر	60
بيتك	60
حالها	60
يعذب	60
للملك	60
يدخله	60
فرط	60
حافظا	60
شهدوا	60
بلسان	60
عدوه	60
يستفاد	60
العصمة	60
إملاء	60
أيمن	60
شعري	60
وذاك	60
وأولى	60
يحضره	60
وخمسة	60
علمائنا	60
أشعث	60
تمييز	60
يطعم	60
لابنه	60
والبيهقى	60
القائلين	60
وقدمه	60
مجد	60
السنين	60
كأنك	60
فهد	60
نزاع	60
الأبرار	60
الثامنة	60
النخلة	60
الأحوط	60
وتولى	60
المغازي	60
كر	60
والياء	60
الآفاق	60
الغيث	60
أبوك	60
رجعوا	60
حفر	60
رخص	60
المختلفة	60
حاضرا	60
يخل	60
تعظيم	60
العابدين	60
إطلاقه	60
الأحول	60
المحرر	60
رتبة	60
إخبار	60
يتولى	60
كقولهم	60
للنساء	60
المجيب	60
ممتنع	60
شاعرا	60
مشيخة	60
فطر	60
السرور	60
المحب	60
يكلف	60
والفقه	60
بأربعة	60
الكسب	60
القيد	60
والشام	60
الخولاني	60
متعلقة	60
العنكبوت	60
الصلة	60
بالعيب	60
العطاء	60
تلزمه	60
الفيل	60
والأقرب	60
نظره	60
وسبع	60
دال	60
خبير	60
أفلح	60
تأكيد	60
انك	60
است	60
فبقي	60
دينك	60
دامت	60
كذبا	60
لعنة	60
المنافقون	60
الحية	60
ضياء	60
عادته	60
أسند	60
تكلف	60
سور	60
شركة	60
للذكر	60
النقض	60
تقرأ	60
بالفارسية	60
التلاوة	60
فأخذه	60
زعموا	60
المركب	60
خادم	60
اليمامة	60
حبسه	60
الدرر	60
اللباس	60
الجارود	60
وعكرمة	60
بقصد	60
بفضل	60
الكسوف	60
الكفالة	60
المقالة	60
ضلال	60
حادث	60
مجلدات	60
الخيرات	60
أكن	60
السيوف	60
اليماني	60
مسلمين	60
اخرج	60
سيفه	60
مكية	60
استطاع	60
المنار	60
القران	60
حجاب	60
هذان	60
جاءكم	60
صاعا	60
اخر	60
الجزم	60
للرجال	60
للحديث	60
وفاقا	60
مشقة	60
اجعل	60
سنده	60
الدواء	60
شراب	60
طاووس	60
فم	60
مصيبة	60
محرمة	60
الغرب	60
قريبة	60
يتأتى	60
المكتوبة	60
الذهن	60
فاسدا	60
فر	60
جني	60
الغناء	60
يشكل	60
والبيان	60
نبات	60
ضوء	60
الغداة	60
ارتفاع	60
العلي	60
ونهى	60
بملك	60
السرخسي	60
تلا	60
الفضلاء	60
تسلم	60
الداخل	60
عاشوراء	60
فأكل	60
يزعمون	60
حمراء	60
الراعي	60
ووصل	60
سبحانك	60
أتوا	60
لاختلاف	60
فبينا	60
المسعودي	60
جوز	60
الندى	60
دفعة	60
حجارة	60
الأموات	60
وجودها	60
الغريم	60
فكم	60
جهته	60
واتقوا	60
يأمره	60
أصابعه	60
بالنص	59
فافهم	59
الشيب	59
عدن	59
فريق	59
بعبد	59
تفيد	59
للميت	59
عصبة	59
الملقب	59
الأعور	59
بالنبي	59
التأكيد	59
تقولوا	59
الصاغاني	59
يزد	59
وقصد	59
صعد	59
الهم	59
فأجابه	59
الخرقي	59
بالضرورة	59
ودرس	59
وأنس	59
ونافع	59
وحتى	59
الاقرار	59
ثمر	59
بالإسلام	59
حملا	59
بشران	59
القبائل	59
يختار	59
ويونس	59
لونه	59
حصر	59
العروض	59
الفتاوى	59
الذم	59
تموت	59
يهود	59
المواقيت	59
خلط	59
شاهين	59
وهناك	59
الظهور	59
غد	59
بات	59
بالقتل	59
فلولا	59
أعز	59
العارف	59
حده	59
اتخذوا	59
تصرفه	59
وشدة	59
لدفع	59
بقضاء	59
قدموا	59
واقعة	59
نوادر	59
بوجود	59
علو	59
نظيره	59
وقرىء	59
النجاة	59
اطلع	59
بقين	59
بئس	59
ينهى	59
يصبح	59
الطائر	59
أرسله	59
الصنعاني	59
المرتد	59
أصبت	59
مباشرة	59
مائتي	59
الفور	59
وجاز	59
مستحق	59
أذهب	59
أحواله	59
دعائم	59
للحق	59
إخوة	59
بمقدار	59
تعتبر	59
ويل	59
حزن	59
بضع	59
يشتمل	59
صب	59
خمرا	59
النجس	59
المنصوص	59
فأعطاه	59
وعلمه	59
وورد	59
أسهم	59
التمكن	59
مرحبا	59
نصفها	59
ربح	59
الوهم	59
لذة	59
حلة	59
تضرب	59
النطق	59
البعيد	59
الفاسق	59
السلوك	59
ومذهب	59
أنشدنا	59
الشعير	59
مركب	59
التقديم	59
شرعية	59
يسن	59
الطعن	59
الآداب	59
السلطنة	59
ورحل	59
نفقته	59
لواحد	59
الخصومة	59
المقيد	59
المغربي	59
الخفين	59
حلية	59
الغرر	59
وكيلا	59
مؤلف	59
الكرخي	59
نسائه	59
التفريق	59
بلاء	59
نكرة	59
يفتقر	59
رزقه	59
تحيض	59
الحالف	59
عجيب	59
مقيم	59
الصائغ	59
حيوة	59
البصريين	59
ظله	59
الواجبة	59
فسره	59
أدركه	59
وتاريخ	59
بأقل	59
ويشهد	59
وسكن	59
جائزا	59
بالأرض	59
العلى	59
لمالك	59
ورثة	59
القرعة	59
عميرة	59
وهيب	59
بالسنة	59
أعتقه	59
أقف	59
حريث	59
غزا	59
أفعاله	59
تقدر	59
وكثر	59
البهائم	59
الاقتداء	59
وعدة	59
المصاحف	59
المروي	59
وسمي	59
مكرم	59
دائرة	59
ضمنه	59
والمدينة	59
تصنع	59
المفصل	59
صاروا	59
يسمعون	59
محفوظ	59
بموته	59
اتفاق	59
الأخت	59
غلبة	59
فقيرا	59
بالشيء	59
العنبري	59
القدح	59
اشتراها	59
أمان	59
لآخر	59
وسيلة	59
والثالثة	59
يفعلون	59
مريض	59
النسيان	59
أرسلت	59
الوسط	59
يرجى	59
يدر	59
يقينا	59
المضاربة	59
الأوصاف	59
الضلالة	59
يمضي	59
تسأل	59
حار	59
طريف	59
رؤيا	59
بذاته	59
فروى	59
يتصل	59
وديعة	59
ذكرى	59
الدخان	59
أوضح	59
الزيارة	59
وجع	59
نذكر	59
يأكلون	59
قبة	59
سميع	59
فأخذت	59
الغفاري	59
الفاسدة	59
المقدام	59
وصارت	59
فأشار	59
الدرجة	59
أصبهان	59
التزويج	59
أقدم	59
الكرامة	59
خالفه	59
نزلوا	59
بالعكس	58
السمك	58
ويؤخذ	58
اتصل	58
يروا	58
وأحد	58
الأسنان	58
ثقل	58
فقبل	58
أملك	58
وصيته	58
الثمر	58
المصير	58
تنظر	58
بلادهم	58
السامع	58
فراشه	58
حاجب	58
يشرع	58
تطلب	58
والولد	58
الكناني	58
عكسه	58
العسقلاني	58
لامرأته	58
الطاعات	58
يسع	58
نجران	58
بيتها	58
يرض	58
حنطة	58
الدكتور	58
المكارم	58
ذرة	58
ووجد	58
وقفا	58
أهون	58
بالقيمة	58
زاهر	58
فيرجع	58
مكانا	58
جاوز	58
والكتاب	58
العزة	58
الأشج	58
نسبته	58
الأجير	58
يتوب	58
وأقل	58
العزى	58
تبعه	58
وطلحة	58
وأربعون	58
بصلاة	58
بنيسابور	58
وأبوه	58
الجوهر	58
يحول	58
ضربا	58
شريعة	58
تيسر	58
نطق	58
ترجمه	58
وأخبر	58
فأوحى	58
ومعاوية	58
يناسب	58
عيبا	58
والاسم	58
فغير	58
رخصة	58
حبيش	58
وتخفيف	58
زبيد	58
بالتحريك	58
المتنبي	58
جحش	58
الأبوين	58
ضمانه	58
التجار	58
بيناه	58
هرب	58
زمزم	58
الرجاء	58
الصافات	58
المأذون	58
أحياء	58
حبه	58
المعلى	58
حقهم	58
فأنكر	58
العامري	58
لكنها	58
حدة	58
المحفوظ	58
طرفه	58
للشافعي	58
وعظم	58
بالجنة	58
اعتراض	58
مطعم	58
مرو	58
ادع	58
صهيب	58
مأمور	58
رواها	58
والشر	58
أمروا	58
الوزارة	58
المصر	58
عنوان	58
قادرا	58
اقتضى	58
وصول	58
الراكب	58
الخاتم	58
يستطع	58
فنون	58
بكلمة	58
التخفيف	58
أولم	58
لأني	58
الأيسر	58
نسأل	58
معدان	58
رأسا	58
فأسلم	58
زريع	58
بيانا	58
يخلف	58
وقرأت	58
مثلي	58
القرابة	58
يبني	58
الآحاد	58
عارض	58
بابها	58
وأحب	58
فقطع	58
وبقيت	58
انس	58
حذفت	58
البختري	58
فهمه	58
وراءه	58
لغتان	58
واستقر	58
الألباب	58
إنى	58
الزبيري	58
صبرا	58
شبيه	58
لحوم	58
سهو	58
إحرامه	58
لبون	58
عقاب	58
المشقة	58
صالحة	58
الفؤاد	58
جبر	58
أسقط	58
أزواج	58
بقتله	58
كرب	58
فبينما	58
عبارته	58
محسن	58
تشبيه	58
الاشتغال	58
ندب	58
المنازل	58
مدخل	58
أفاده	58
والذكر	58
بدله	58
والفاء	58
أموالكم	58
إصلاح	58
تضع	58
فعاد	58
ولدي	58
مسعدة	58
ونشأ	58
بيعا	58
المعلق	58
وسبعون	58
بعقد	58
يرمي	58
الأسواق	58
الناظم	58
لأخيه	58
والأئمة	58
الظفر	58
الندب	58
يهلك	58
وبينها	58
المجلد	58
فحمد	58
المترجم	58
أجده	58
جدة	58
ادعوا	58
وكله	58
وسأله	58
عداه	58
أمس	58
ويؤيد	58
الخبيث	58
وبيع	58
تدع	58
ابتدأ	58
وذا	58
وعقد	58
الكيل	58
الحسنات	58
فقمت	58
فسألته	58
فبكى	58
الفتوح	58
القراض	58
كالذي	58
ووجوب	58
وحين	58
ومغني	58
وحد	58
زنا	58
أقوام	58
أشرنا	58
يذكرون	58
أسأل	58
الفدية	58
يجاب	58
ونسبه	58
تحب	58
الشهوات	58
شهوة	57
وغسل	57
التكرار	57
وعندي	57
أحكامه	57
بنفسها	57
وجعلوا	57
المعاد	57
النكت	57
الدنانير	57
الخنزير	57
دعاه	57
الأطراف	57
فوقف	57
الغين	57
المقتضي	57
يرجعون	57
المحرمة	57
بآية	57
الشبه	57
الراجز	57
ترجم	57
العافية	57
جميلة	57
بالعدل	57
طعامه	57
الحضور	57
عشية	57
واجتمع	57
عينها	57
والضحاك	57
ترتب	57
المني	57
الخلف	57
الكاظم	57
الفراش	57
رضاه	57
الآباء	57
فالواجب	57
وسألت	57
عرفه	57
فبين	57
فأتوا	57
شواهد	57
شعراء	57
آكل	57
فجعله	57
لوجوب	57
موضعا	57
نال	57
قدميه	57
البكري	57
بالصواب	57
قرز	57
كائن	57
جهاد	57
لشدة	57
ينو	57
عصى	57
جاهل	57
مملوكا	57
تفرق	57
الجوامع	57
وقوم	57
مقدمات	57
بوزن	57
طرفة	57
التنوخي	57
تعبد	57
سابع	57
المرتبة	57
مقالة	57
آمنت	57
قوته	57
فأخبرته	57
باليمين	57
اخذ	57
الضم	57
الأذن	57
أحفظ	57
فسألت	57
قولهما	57
هواه	57
الوافي	57
حمام	57
يلحقه	57
تصديق	57
يحبه	57
رأسك	57
مفعولا	57
القعنبي	57
طلاقا	57
آلهة	57
يعمر	57
فدية	57
الحصن	57
وقوة	57
التلخيص	57
المغفرة	57
القدير	57
أذرع	57
عجب	57
انى	57
والآية	57
الدقاق	57
عزله	57
وحمله	57
ثمنا	57
الأزد	57
قاضيا	57
بالكفر	57
بطون	57
الصريح	57
وأفضل	57
المنهال	57
البركة	57
سلمى	57
مختار	57
التاسعة	57
يطهر	57
والفتح	57
ضاق	57
يؤخر	57
بقوم	57
النفر	57
الكلية	57
البادية	57
المرفوع	57
المازني	57
فالأقرب	57
علامات	57
الاتصال	57
ولاه	57
نحوا	57
المصلى	57
خطه	57
العنق	57
صبيا	57
إيمانهم	57
بالتخفيف	57
غديان	57
أخف	57
وأعظم	57
كاذبا	57
مزاحم	57
الكرسي	57
والطاعة	57
خلقك	57
الباقين	57
مرثد	57
المكره	57
اشتريت	57
يره	57
طلبت	57
شاكر	57
يتفق	57
واسط	57
اللحية	57
الأصلية	57
الكلم	57
رؤبة	57
أخرجت	57
مستقبل	57
يفضل	57
وروينا	57
حكومة	57
العباب	57
وبشر	57
لازما	57
وشعبة	57
عبس	57
حجرا	57
ينقسم	57
وليها	57
أختها	57
والقاسم	57
منزلا	57
المعتبرة	57
وحفص	57
جنبه	57
والشرح	57
جانبه	57
مسكينا	57
أنفسنا	57
للضرورة	57
ثالثة	57
جازت	57
التهمة	57
نخل	57
والزكاة	57
دعوا	57
التركيب	57
دالة	57
وانا	57
للحكم	57
المفتي	57
فوات	57
لحصول	57
رواحة	57
أمهات	57
بفعله	57
صفا	57
بالقرب	57
نواس	57
يسيرة	57
الأطباء	57
بسببه	57
وباب	57
سهوا	57
كرامة	57
فقراء	57
وصالح	57
حجه	57
فرجعت	57
والليث	57
الوالدين	57
فالأولى	57
مضمومة	57
والليل	57
نفوسهم	57
ولاء	57
أخبرهم	57
وعليهم	57
بالكلام	57
فضحك	57
النهى	57
مشددة	57
اتفقا	57
العلية	57
بول	57
فلقد	57
حنيف	57
مؤنة	57
طين	57
الذل	57
المعاصر	57
لرب	57
الحلواني	57
أطول	57
ارتد	57
الراغب	57
سلعة	57
السبق	57
قاطع	57
المحرمات	57
وركب	57
لصحة	57
صححه	57
الحادث	56
يفسخ	56
فلأنه	56
حيلة	56
نحوها	56
مخرمة	56
عده	56
بلغة	56
ساكن	56
الفضيلة	56
تنزيل	56
بقراءة	56
يبيعه	56
الحكاية	56
اللوح	56
المنهاج	56
الإحكام	56
بذاك	56
جميعهم	56
القرون	56
البيضاء	56
الأفراد	56
يؤيد	56
المكروه	56
الزاني	56
صعصعة	56
الأحنف	56
التمسك	56
طير	56
الجميل	56
أصالة	56
وصفت	56
ينفي	56
واسعة	56
بالبينة	56
البخارى	56
الورع	56
خامس	56
الأوجه	56
وشر	56
لعمرو	56
غداة	56
كراهية	56
الميرزا	56
العلا	56
قتلهم	56
اغتسل	56
اللغات	56
ينفعه	56
فأصاب	56
إياكم	56
ماض	56
يتوجه	56
العصا	56
أعلاه	56
محتاج	56
الأضحية	56
مجال	56
برفع	56
شهرآشوب	56
الأخضر	56
محاسن	56
تتمة	56
والشرب	56
الإسنوي	56
بلاده	56
تعليم	56
التعرض	56
تحرك	56
الجانبين	56
والإنس	56
هداية	56
السكن	56
قولوا	56
إلهي	56
يركع	56
عادت	56
نفيه	56
الغار	56
تجاوز	56
خلاصة	56
فاطر	56
عورة	56
التستري	56
الرفعة	56
مخصوصة	56
الموصول	56
الأساس	56
مبنيا	56
والأدب	56
الماضية	56
أبت	56
الطور	56
الغنية	56
السيل	56
يكمل	56
المضارع	56
الترغيب	56
زينة	56
واجعل	56
الخلل	56
ذؤيب	56
قياما	56
وتفسير	56
طرفي	56
والصبر	56
معاملة	56
تفقه	56
الضيف	56
المباح	56
التمام	56
تصحيف	56
الإنفاق	56
نفعا	56
المؤدب	56
محيي	56
المخلوق	56
قوى	56
نذير	56
زر	56
ربعي	56
اعتقد	56
فرضه	56
وقراءة	56
بدونه	56
عيش	56
موقف	56
رأيتم	56
اختص	56
ثقيف	56
يستقيم	56
بقطع	56
وجرى	56
هلكت	56
أميرا	56
وتفقه	56
كفرهم	56
يدور	56
ورث	56
تركوا	56
وانصرف	56
تفسد	56
الاعتدال	56
فلعل	56
فمعناه	56
مكانها	56
بامرأة	56
بصورة	56
فركب	56
الأقصى	56
ألست	56
يضاف	56
الأنفس	56
يكفيه	56
بسهم	56
والتعديل	56
وكسرها	56
الذال	56
والبخاري	56
مفرد	56
الأشجعي	56
حسنات	56
القبيح	56
الحس	56
رقبته	56
المسلمة	56
تيمم	56
وستون	56
أفاد	56
قطب	56
لموسى	56
نوره	56
بالحكم	56
بواحدة	56
الجنون	56
سوف	56
نائم	56
عملوا	56
المحسنين	56
بطوله	56
الخواص	56
عقبه	56
وتسعمائة	56
راء	56
البغي	56
أجمعوا	56
الوالي	56
ويقرأ	56
المعتز	56
الغفلة	56
العارية	56
حسبما	56
يسمعه	56
الاعتراض	56
والمذهب	56
اثنتي	56
زماننا	56
أمكنه	56
ردت	56
الحاشية	56
قعود	56
والإنجيل	56
كفرا	56
ساجدا	56
السكوت	56
كنيته	56
رفيع	56
بدرهم	56
المعتصم	56
الثعلبي	56
المودع	56
المتولي	56
يوقف	56
يدها	56
ثماني	56
يضم	56
مقسم	56
تكاد	56
الأنماطي	56
صيدا	56
يحسب	56
الراية	56
تاما	56
المعتاد	56
يباح	56
المشروط	56
أخبرناه	56
وخرجت	56
استشهد	56
موضوعة	56
تزول	56
بحاله	56
الضاد	56
كتبا	56
فصول	56
يساوي	56
عذب	56
والحرام	56
خز	56
لهو	56
التفاوت	56
كتابنا	56
الجمحي	56
إنني	56
بالنفس	56
بالعربية	56
دعوته	56
أيسر	56
وخمسون	56
لخبر	56
خلقنا	56
تكره	56
إمامة	56
المتكلمين	56
الجدار	56
تابعه	56
وضعها	56
المعظم	56
الظلام	56
عائذ	56
فذهبت	55
تنكح	55
لازمة	55
شميل	55
وخلع	55
فصح	55
ظننت	55
تلقى	55
وأسلم	55
وليا	55
والرسول	55
والميم	55
معارضة	55
طرابلس	55
بقوة	55
رسل	55
العجاج	55
أضعف	55
الزخرف	55
دفعها	55
سلمت	55
والشعر	55
الحسني	55
تفاوت	55
العينين	55
الشرقي	55
البرق	55
الأشراف	55
سلمنا	55
نجا	55
فقول	55
والدارقطني	55
التسوية	55
المناسب	55
شركاء	55
الإثبات	55
تحول	55
أمركم	55
حدثناه	55
يخرجون	55
غروب	55
وكشف	55
قتيل	55
أضاف	55
معارض	55
الصحيفة	55
الزينة	55
إعطاء	55
المقدر	55
ومصر	55
مقيد	55
تكرار	55
لأمه	55
أكان	55
ينصب	55
موضعها	55
الخلوة	55
أكابر	55
الموقف	55
اللفظة	55
تس	55
شيئين	55
الاستبراء	55
أمتك	55
عضد	55
استثنى	55
يمدح	55
شاذ	55
مذاهب	55
والحارث	55
واختلاف	55
والكفر	55
بالآخر	55
يتابع	55
بنحوه	55
تصور	55
شفعة	55
تزويج	55
تطهر	55
الموهوب	55
بكرا	55
الأشجار	55
السكنى	55
خطبته	55
بريد	55
رسائل	55
واتفق	55
الهيثمي	55
فمنها	55
بدء	55
باللسان	55
لنفسك	55
مليح	55
يطالب	55
القميص	55
يشفع	55
الاطلاق	55
بوجهه	55
مكارم	55
بقلبه	55
واليمين	55
يحمله	55
خزانة	55
خديج	55
والإسلام	55
والبرهان	55
اعتبارا	55
ذنبا	55
فرسا	55
لتلك	55
البناني	55
نصاب	55
غندر	55
المستثنى	55
الرعية	55
الزور	55
وصلوا	55
يسبح	55
يجزي	55
بالخير	55
محلها	55
لعلهم	55
والشهادة	55
وسكت	55
حسنه	55
يهودي	55
ومسح	55
متصلة	55
الماهية	55
رآها	55
جعلته	55
بقراءتي	55
النهدي	55
لمكان	55
الحيرة	55
عرضه	55
رؤيته	55
بالدعاء	55
سب	55
تعمد	55
الحنابلة	55
فامتنع	55
اللحياني	55
راكب	55
بالنية	55
مشايخنا	55
وحذف	55
الأسفل	55
ظاهرها	55
الأغلب	55
لانتفاء	55
دجلة	55
رعاية	55
عفيفي	55
فاسدة	55
المبتاع	55
وصفاته	55
ينكح	55
يعبدون	55
المطالب	55
يدخلها	55
الأقسام	55
فضربه	55
وصي	55
دفعا	55
حلفت	55
الجعل	55
الباجي	55
الحوالة	55
ببيع	55
يجئ	55
هجر	55
يعارض	55
خذوا	55
بالأولى	55
العبرة	55
تاء	55
الرشد	55
الاستغفار	55
تمسك	55
التقدم	55
وساق	55
الاول	55
الغدير	55
خفت	55
بخمسة	55
دعي	55
السعيد	55
المخلوقات	55
بالحاء	55
يقين	55
تقضي	55
لصلاة	55
الجحيم	55
الرخصة	55
دليلنا	55
النحاة	55
لكي	55
قرآنا	55
بالسوية	55
كلوا	55
يزاد	55
بعثني	55
واللغة	55
التدريس	55
النوى	55
التامة	55
عنبسة	55
صحتها	55
المأخوذ	55
العتيق	55
أنزلنا	55
أظلم	55
قيامه	55
والزهري	55
العاصي	55
المجالس	55
الزوجية	55
بعيدة	55
باقيا	55
سواها	55
جبار	55
بالباء	55
ولكنهم	55
فوت	55
وخالف	55
منافع	55
سنا	55
كونهم	55
الصلب	55
مستحب	55
مؤمنة	55
بقرب	55
المناسبة	55
خف	55
فاجتمع	55
بالزنا	55
الشروع	55
البيهقى	55
وبنت	55
القطر	55
دابته	55
تدبير	55
تيم	55
يميل	55
وحال	55
قويا	55
وقسم	54
المفروض	54
كسبه	54
خطيب	54
وافر	54
تخريج	54
صدري	54
المنثور	54
البيضاوي	54
لدلالة	54
أسلموا	54
هذيل	54
المجرد	54
توحيد	54
كلية	54
الكفرة	54
شكرا	54
جواد	54
صف	54
جن	54
واضحة	54
صبيح	54
ذى	54
الغلط	54
أيمانكم	54
سلب	54
شخصا	54
والصدقة	54
أشعر	54
أكثرها	54
استئناف	54
فالتفت	54
يذبح	54
النظام	54
والصوم	54
لعذر	54
قلوبكم	54
المرادي	54
المتصل	54
قرآن	54
بتقديم	54
اتفقوا	54
وأموالهم	54
فماذا	54
مختص	54
شعير	54
بقيمة	54
قسمين	54
الخزاز	54
المفلس	54
الوحش	54
التردد	54
ثلاثتهم	54
نذكره	54
قومهم	54
بالعمرة	54
يجده	54
لزوجها	54
العباسي	54
زوجا	54
عمك	54
التعظيم	54
صحيفة	54
أتينا	54
مفردا	54
جنبا	54
بالقدر	54
الانفراد	54
والعلماء	54
تكليف	54
وعرض	54
والهاء	54
الوجيز	54
نعرفه	54
نريد	54
والدم	54
العيوب	54
سال	54
ينافيه	54
وزنا	54
فهؤلاء	54
زمعة	54
بآيات	54
المزبور	54
المقدسة	54
الديون	54
البالغ	54
اللاتي	54
الباقية	54
يفوت	54
كانتا	54
لأنفسهم	54
نضرة	54
الرعاية	54
أميال	54
ففتح	54
يكشف	54
راجعا	54
ود	54
ويجمع	54
المضمون	54
مجنون	54
فأصبح	54
مقيما	54
الدوام	54
أتاك	54
الحبيب	54
المتفق	54
وأخذت	54
حيدر	54
طاهرا	54
أضيف	54
الحذف	54
ميزان	54
فيأخذ	54
نفذ	54
المالية	54
أقرأ	54
المقيم	54
قالوه	54
بصيرة	54
شهدا	54
الغزو	54
آخرهم	54
الثابتة	54
وتركه	54
بالقضاء	54
يحبس	54
الاحكام	54
بصحيح	54
الإنجيل	54
العرق	54
فمه	54
بالشفعة	54
مالكه	54
يخف	54
رموز	54
بسيط	54
مثلهم	54
متن	54
سقى	54
فأحسن	54
غافر	54
باللفظ	54
مقدما	54
الفن	54
السميع	54
السريع	54
لؤي	54
لقيه	54
الصباغ	54
المحذوف	54
حماة	54
فيصلي	54
لحما	54
محدثا	54
اللقطة	54
يبنى	54
المقتدر	54
اله	54
والأحاديث	54
المنير	54
عهدا	54
وال	54
والكافر	54
القاهر	54
تقريبا	54
صاحبي	54
مبينا	54
أخذنا	54
الرجس	54
تفضيل	54
أسير	54
ومقتضى	54
تقتل	54
عياله	54
وفتحها	54
شاءت	54
وأعطى	54
أذان	54
روض	54
حمران	54
علمهم	54
وسأل	54
يفرغ	54
الشامل	54
استخلف	54
بأصبهان	54
وثانيها	54
تحريمه	54
تكتب	54
عبدوس	54
سي	54
رآني	54
بغيرها	54
موصولة	54
والبيع	54
الزيادات	54
ظنا	54
بالصبر	54
خضر	54
مدين	54
خاصا	54
مثلك	54
وإسناده	54
النوافل	54
والأظهر	54
دنيا	54
بالآية	54
نقلها	54
العقار	54
عه	54
سود	54
الفلاسفة	54
يتجه	54
جيدا	54
والقضاء	54
الالتفات	54
مرآة	54
لولده	54
الخوارزمي	54
ردا	54
الدول	54
وبارك	54
حزام	54
عرشه	54
الكلابي	54
أوتي	54
الموجبة	54
ترضى	54
المعدل	54
الزاد	54
بصيرا	54
التفضيل	54
دائم	54
وعشرة	54
ويكفي	54
مبدأ	54
الناحية	54
الشفاء	54
رواة	54
العجل	54
والمساكين	54
الغروب	54
بينك	54
الحيوانات	54
وثالثها	54
الاعتماد	54
قباء	54
نقطة	54
سبح	54
صنعاء	54
باعها	54
الأدوية	54
والشعبي	54
محب	54
حلقة	54
الحوت	54
الغساني	54
بسنة	54
الفردوس	54
معرب	54
يروه	54
حجته	54
وقتا	54
التحلل	54
كغيره	54
حوادث	54
يسوغ	54
علمتم	54
تصريح	54
للقرآن	54
وسمى	54
عنوة	54
محلا	53
المنهي	53
مشهد	53
وتسمى	53
الواجبات	53
قبح	53
معان	53
وبيت	53
وهارون	53
تسليما	53
جوفه	53
المناسك	53
فعن	53
يستقبل	53
فنادى	53
وحلف	53
وهبت	53
القرينة	53
المشددة	53
البدعة	53
أبويه	53
المفسرون	53
سراج	53
تنبت	53
عصا	53
الوحدة	53
أكلها	53
يتبعه	53
ذكرهما	53
اختياره	53
الأدباء	53
أيا	53
الزيات	53
بقولهم	53
خاتمة	53
قولكم	53
المماليك	53
ووجب	53
أخيك	53
الهيثمى	53
استطعت	53
السمن	53
مصحف	53
يخرجاه	53
امام	53
مائتين	53
المشروع	53
نسيت	53
عيناه	53
وسطه	53
ضرار	53
وبأن	53
والليلة	53
أعبد	53
قطن	53
النائم	53
الأركان	53
إيمانه	53
ويصير	53
أرجح	53
فجاءه	53
الاستسقاء	53
فانصرف	53
المجموعة	53
مشروع	53
الصادقين	53
غنيا	53
والقيام	53
للفقراء	53
الركب	53
يدركه	53
صداق	53
بأحدهما	53
اجتهاد	53
ناب	53
خلافته	53
طبعة	53
الحديثين	53
بإجماع	53
لواء	53
الرضاعة	53
مالها	53
المحاربي	53
قبور	53
اللهو	53
وشبهه	53
محيط	53
المحتاج	53
ذكرناها	53
والعلامة	53
الجهالة	53
ولادته	53
بالقبض	53
هيهات	53
ودين	53
سيدها	53
ملاحظة	53
واثلة	53
الأهل	53
صلي	53
فيقع	53
تقليد	53
مسافر	53
ماتوا	53
مح	53
ولأنها	53
كفره	53
بمحذوف	53
المذكر	53
مقطوع	53
أبن	53
راية	53
صاحبكم	53
تعتد	53
التاجر	53
تطوع	53
هرمز	53
قضي	53
إجابة	53
وعبر	53
المنية	53
يستحقه	53
يب	53
يضل	53
السجستاني	53
حائض	53
واحدها	53
القسامة	53
ثامن	53
تخلو	53
والتاء	53
توجيه	53
ذنوبه	53
قرطبة	53
قرأها	53
والقدرة	53
الخصوص	53
جاءوا	53
ارجع	53
خلون	53
صاح	53
الأوس	53
المفتوحة	53
هدم	53
أحرف	53
الجوارح	53
يأمن	53
مسك	53
والرحمة	53
اتصال	53
فاسق	53
صعب	53
الذهلي	53
ببيت	53
متفرقة	53
مي	53
التثنية	53
الفراق	53
ابنها	53
نقيض	53
أنما	53
السابقين	53
بالقراءة	53
إرادته	53
خرق	53
رسله	53
منازلهم	53
جاره	53
بتمامه	53
المجتمع	53
عزة	53
فليقل	53
فتحها	53
كيلا	53
الممكن	53
اعتمد	53
حيز	53
ومولده	53
أنوار	53
تعدى	53
المسكين	53
بعدد	53
يجهر	53
منهج	53
تنقضي	53
الجريري	53
خشب	53
عاقلا	53
للأمر	53
محركة	53
تولوا	53
نيل	53
صرت	53
وأذن	53
معلى	53
فسمعت	53
ذل	53
الأزواج	53
الشق	53
نعبد	53
خد	53
حاضت	53
الاستنجاء	53
مناسبة	53
والكذب	53
رقيقا	53
موجبا	53
فوجدت	53
وإقامة	53
التمثيل	53
ووصف	53
فراسخ	53
يقتصر	53
العطش	53
استعارة	53
واشتغل	53
بسوء	53
اكتفاء	53
فعيل	53
القفال	53
القزاز	53
رطب	53
الجيوش	53
سادس	53
يخاطب	53
اشتغل	53
الحموي	53
فتلك	53
الذهاب	53
بدت	53
المتعلقة	53
بعوض	53
يقعد	53
التنوين	53
وتر	53
ولبس	53
أديب	53
إفريقية	53
دع	53
خزاعة	53
متعلقا	53
واعترض	53
تلفت	53
يفرض	53
يعجز	53
شامل	53
وسع	53
أخذته	53
لضعف	53
فتوضأ	53
توفيت	53
أفصح	53
والغنم	53
أمسى	53
يضمنه	53
طعم	53
رهط	53
مسندا	53
المنافق	53
تقدمه	53
وسوء	53
تحية	53
عرفات	53
وجعلها	53
للمبالغة	53
مطيع	53
ركبتيه	53
طلبا	53
والأم	53
الزواج	53
قرر	52
كتابته	52
أصحهما	52
الأيدي	52
فتدبر	52
هلاك	52
تارك	52
المعطوف	52
عبادته	52
بديع	52
طلاقها	52
التكملة	52
الثبوت	52
وإنك	52
ورسله	52
مصالح	52
تطوعا	52
الصفوف	52
الغلة	52
فاتحة	52
عديدة	52
يزيل	52
ويوسف	52
والطلاق	52
وحل	52
للثاني	52
أقبح	52
الحصى	52
يستدرك	52
همدان	52
لاحد	52
وأخذوا	52
والموت	52
لتكون	52
مكلف	52
اليسر	52
الأشربة	52
بلالا	52
مندة	52
دعائه	52
للأم	52
طوبى	52
مقبل	52
نأخذ	52
لحقه	52
نصوص	52
نزار	52
صخرة	52
وجدوا	52
نخلة	52
الواهب	52
فلعله	52
طبقة	52
الشوق	52
الأخيار	52
تصانيف	52
الكنى	52
يفضي	52
القرنين	52
وسهل	52
وحكاه	52
وإياكم	52
إدخال	52
كتبها	52
بعدهما	52
طح	52
الفيء	52
وأنشدني	52
قبلنا	52
الرضي	52
شطر	52
وعليكم	52
فحدثني	52
حمده	52
دهن	52
يرجو	52
الضر	52
للمالك	52
العابد	52
المجوس	52
الاستقبال	52
أسوة	52
النيابة	52
وأصبح	52
قصي	52
أحبه	52
يخالفه	52
فأخرجه	52
مصنف	52
قدرت	52
فأخبرني	52
جهله	52
المتبادر	52
غيبته	52
انظروا	52
ودار	52
ينفرد	52
وبينك	52
جلدة	52
يوهم	52
جهد	52
الدفن	52
النبيذ	52
اعتباره	52
التين	52
النصراني	52
واعلموا	52
حرمه	52
يطلقها	52
والقدر	52
وكبر	52
يمس	52
بآياتنا	52
فهلا	52
سالما	52
ملكهم	52
وخص	52
ديته	52
قتلته	52
خواص	52
راح	52
التحتية	52
وأمرهم	52
المساواة	52
قطعها	52
بالقوي	52
الخل	52
لظهور	52
اتخاذ	52
صناعة	52
مقتل	52
الموالي	52
راحة	52
والتقوى	52
الرسائل	52
يوحى	52
وبإسناده	52
ركعتي	52
أمل	52
ميرزا	52
التعزير	52
الربوبية	52
فتقدم	52
الكتاني	52
السهام	52
قطر	52
السكري	52
الجاري	52
يعقد	52
شهادتهم	52
المكاتبة	52
عسر	52
العظمة	52
السعود	52
الغذاء	52
الملح	52
لهؤلاء	52
الأثرم	52
أقدر	52
والخير	52
علاقة	52
كلم	52
وموضع	52
نصيبا	52
العقائد	52
شفاعة	52
بلسانه	52
الصخرة	52
مبنية	52
يدفعه	52
وجاءت	52
خلكان	52
التزام	52
عداوة	52
بانت	52
شرائع	52
الزيت	52
لذكر	52
أوسع	52
تسليمه	52
فمضى	52
فن	52
أصدق	52
الصانع	52
الحرارة	52
الغفار	52
ونظيره	52
لعنه	52
بعيرا	52
البحراني	52
مسلمون	52
وإنها	52
بالصحة	52
أقوم	52
الضوء	52
ألفه	52
بالمد	52
الموافقة	52
قصدا	52
الأهوازي	52
أفندي	52
السخاوي	52
قدح	52
خدمته	52
والإجماع	52
سجوده	52
استمر	52
الركوب	52
عفو	52
ندري	52
كابن	52
فلذا	52
ليالي	52
الهدية	52
صحب	52
أنيس	52
نادر	52
وزر	52
مذهبنا	52
وحجة	52
العنوان	52
يجيب	52
أحوالهم	52
الظلمات	52
برأس	52
والإحسان	52
أضرب	52
الحدائق	52
ضده	52
السبعين	52
التحفة	52
دعوت	52
اليتامى	52
يصعد	52
صوتا	52
السقوط	52
نعمه	52
أخبرك	52
عرفوا	52
المخبر	52
الشهادات	52
ونصر	52
والطبرانى	52
يقوى	52
عسكره	52
بعتك	52
لإبراهيم	52
تمليك	52
صائما	52
المنى	52
بشرا	52
جلده	51
تنعقد	51
الأنواع	51
عذرا	51
هوازن	51
ضبطه	51
مصدرا	51
أعلمه	51
وأعوذ	51
فليست	51
بمكان	51
وحي	51
فراش	51
خصمه	51
الداء	51
تضمنه	51
بايع	51
ويقوم	51
أغنى	51
الجهمية	51
الإكراه	51
الإلهي	51
لوجب	51
وجمعها	51
أراده	51
واشتد	51
فرقا	51
استأذن	51
محلة	51
الصوف	51
ينتقض	51
بالشك	51
الموضوعات	51
اكتب	51
بخمس	51
وجوابه	51
تصغير	51
ابتغاء	51
البخل	51
الجنوب	51
للحاكم	51
تعب	51
داخلا	51
وعيد	51
وصفا	51
لبابة	51
ثنتين	51
فكبر	51
تستعمل	51
التوقف	51
بعذاب	51
ورجال	51
ويرى	51
فو	51
العمامة	51
باء	51
قده	51
ضر	51
الاستواء	51
أفسد	51
قصير	51
مساكين	51
نوم	51
الإنشاء	51
يحمد	51
أمامه	51
سرى	51
العاشرة	51
فسوف	51
بالأندلس	51
ذريته	51
العثمانية	51
التغير	51
أرادت	51
وسورة	51
السهمي	51
البريد	51
آبائهم	51
للحال	51
الفلاح	51
افتتح	51
ونهاية	51
بينهن	51
بالخبر	51
النضير	51
بواحد	51
حملة	51
للسلطان	51
فكره	51
أخلاق	51
الحمرة	51
الأحياء	51
الفسق	51
المقصد	51
منسوخ	51
الحرج	51
دونهم	51
الدقيق	51
جهلا	51
الدبر	51
الآيتين	51
حسام	51
الشكل	51
طرفا	51
مأمون	51
بأم	51
وشرحه	51
معتمر	51
ويترك	51
مطلوب	51
واحتجوا	51
كراء	51
نفعه	51
تعبدون	51
نواحي	51
اعترض	51
الإيلاء	51
ونسب	51
سموا	51
البداية	51
أدخله	51
الاطلاع	51
مهاجر	51
غانم	51
ويقع	51
بهامش	51
قاتله	51
والجد	51
سفرا	51
بارد	51
كسبت	51
العقيدة	51
فأقر	51
بالقلب	51
والشعير	51
ينزع	51
والشراب	51
أننا	51
تنفع	51
فالوجه	51
الموجودة	51
يأتون	51
الذريعة	51
تدعون	51
المحض	51
وطريق	51
التصانيف	51
غنيمة	51
نبيكم	51
المحاملي	51
إضمار	51
والألف	51
بنور	51
التصنيف	51
نصابا	51
مكتوبة	51
فترك	51
يقتله	51
اليأس	51
رطبا	51
لعائشة	51
نجوم	51
السبيعي	51
قميص	51
الكبد	51
قلم	51
كمل	51
الرقاشي	51
خالدين	51
اختلط	51
الأعم	51
طولا	51
تركة	51
وقفه	51
والبقر	51
ساقط	51
محرز	51
ملأ	51
الحمر	51
بهيمة	51
مشتق	51
معجمه	51
أحاط	51
لكتاب	51
والزيادة	51
مجيء	51
بينته	51
عال	51
والخامس	51
تشاء	51
بأيديهم	51
داخلة	51
مطلع	51
لغات	51
للحج	51
والقبول	51
بنيه	51
بالرجل	51
وأعطاه	51
السياسة	51
صدورهم	51
للإسلام	51
قصور	51
التمليك	51
الام	51
حدثنى	51
ربى	51
الأضحى	51
يمت	51
طالت	51
وتمام	51
خفيفة	51
المجني	51
فاعلا	51
رياح	51
فصلوا	51
جواهر	51
عوده	51
علته	51
أبين	51
ثانيه	51
فرده	51
أباك	51
مخزوم	51
معالم	51
تترك	51
قوت	51
يؤمنوا	51
الهمذاني	51
والوليد	51
الخطب	51
الأمل	51
ويحكم	51
والجن	51
الجمرة	51
بقى	51
السلطانية	51
الطلبة	51
للترجمة	51
المضارب	51
فجئت	51
الثرى	51
تقرب	51
القعود	51
الشاهدين	51
وأشد	51
أخضر	51
ثلثا	51
الأفق	51
المعصوم	51
الزهور	51
دوام	51
النائب	51
تدفع	51
ونور	51
شرائط	51
السيئة	51
الحادثة	51
المعارضة	51
والشرط	51
مكتوم	51
فاء	51
بالقبول	51
علمي	51
فرجها	51
حلول	51
ستمائة	51
المكتبة	51
فعليك	51
يقابل	51
للتجارة	51
برب	51
فراجع	51
الكناية	51
فوجه	51
والبيت	51
الحالين	51
وكلا	51
فطلب	51
مشرك	50
بثلث	50
وعندهما	50
بريء	50
لكانت	50
الغمام	50
يبلغه	50
أعمالكم	50
ينشأ	50
ودخلت	50
مسكان	50
أنف	50
وقيس	50
أردنا	50
الصحراء	50
كاتبه	50
القصير	50
ليوم	50
لأهله	50
وجواب	50
والثلاثون	50
يزداد	50
يكونون	50
العزل	50
صحبته	50
أخرجها	50
الذراع	50
ركعتان	50
الدماغ	50
يقتضى	50
مجالد	50
مستند	50
اشتمل	50
ظهوره	50
مضمر	50
بنص	50
الأغنياء	50
بدن	50
والأصول	50
غليظ	50
عب	50
البديع	50
ويحمل	50
مدرك	50
تعجيل	50
خبز	50
إسحق	50
فأن	50
مغفرة	50
ويدعو	50
الشهور	50
فيحمل	50
بوضع	50
الثمانية	50
افعل	50
ثمود	50
يأخذها	50
سريعا	50
ينجس	50
قرأه	50
النصيحة	50
سبرة	50
أكتب	50
بعمرة	50
الخمسين	50
ويسقط	50
علوا	50
حصوله	50
فسدت	50
أذنيه	50
الثلاثين	50
لعمري	50
تبكي	50
وحسنه	50
المقدمات	50
أطعم	50
بجمع	50
جلوس	50
ناسا	50
شربه	50
أذنت	50
رؤوسهم	50
انزل	50
وقضية	50
قديمة	50
الدمع	50
المعقود	50
إخراجه	50
وطول	50
المعقول	50
فولد	50
العاقبة	50
الجبهة	50
القوس	50
جريان	50
وط	50
إطعام	50
اللبس	50
والتحقيق	50
المعتضد	50
أجمل	50
العبسي	50
الصفقة	50
بالغيب	50
الحكام	50
الأنثيين	50
فساده	50
فنظرت	50
تباع	50
الأصناف	50
الغربي	50
بخراسان	50
الزعفراني	50
أيديكم	50
التوكل	50
لحكم	50
باللام	50
البايع	50
سلطانه	50
فلينظر	50
الطاعون	50
إيقاع	50
بالخروج	50
والصفات	50
مولود	50
تغتسل	50
الضامن	50
نسمع	50
ساقه	50
مناة	50
الحجرات	50
يشد	50
الأسانيد	50
داري	50
سماها	50
الجهد	50
نقلت	50
حاطب	50
صباح	50
وحكمه	50
وأمثاله	50
خيرة	50
الحروب	50
الظاهرية	50
شربت	50
المهاجر	50
نيف	50
بذات	50
الأهواء	50
نقدا	50
بالأمس	50
سبقه	50
سعدان	50
المرجع	50
بكاء	50
غلبت	50
للدين	50
سبعمائة	50
ويروي	50
أوصاف	50
وكن	50
رويناه	50
موحدة	50
الأولون	50
ساعات	50
والعقاب	50
شريكا	50
حمر	50
نوعا	50
الصغاني	50
صادقين	50
يؤم	50
موسرا	50
بالجيم	50
بم	50
المخلص	50
يخطر	50
والأعمش	50
ضلالة	50
الأصوات	50
عاملا	50
يضعف	50
يصيبه	50
جند	50
نبوة	50
ونفي	50
عامدا	50
خباب	50
ببلاد	50
خلقكم	50
والباطل	50
مصنفات	50
ويكنى	50
دكين	50
يجدون	50
العبودية	50
شباب	50
مطالبة	50
ثمة	50
والعدل	50
ويرفع	50
مقال	50
وابو	50
مخير	50
والدنيا	50
تقوى	50
وأفتى	50
التعارض	50
فتعين	50
أقيم	50
قاموا	50
قصرت	50
فرح	50
أساس	50
بالعقل	50
توبته	50
يدعيه	50
خفاء	50
الاستمتاع	50
احتياطا	50
كريما	50
سجدتين	50
أقيمت	50
مقدرة	50
البنا	50
الضياء	50
فاشترى	50
ملء	50
صلاها	50
الملأ	50
أساء	50
الثانى	50
العتبية	50
فلست	50
عنق	50
صدوقا	50
لطف	50
الفرار	50
وتوجه	50
بطلب	50
جاءك	50
انتفى	50
واذكر	50
مدى	50
تدرك	50
التقي	50
فعال	50
الجيد	50
وبينهما	50
النكرة	50
يبصر	50
الضأن	50
التاج	50
إحرام	50
كالبيع	50
الآخرون	50
فراس	50
سكر	50
الطيبة	50
للمتقين	50
ندبا	50
تاسع	50
سرعة	50
يصبر	50
اضطر	50
الرغبة	50
وقتلوا	50
سيرته	50
بإزاء	50
الأمراض	50
العسر	50
فلسطين	50
بهرام	50
النصرانية	50
ريحا	50
المقداد	50
أسرار	50
ويمنع	50
الحركات	50
أحيا	50
يكلم	50
الألباني	50
يعلموا	50
سواهم	50
لبسه	50
الاشكال	50
خل	50
بيدك	50
سعادة	50
اثبات	50
ستون	50
تفتح	50
الكنز	50
فهرست	50
شماله	50
اليسار	50
بلغوا	50
قود	50
اللقاء	50
مظنة	50
تلزم	50
إثر	50
فيمكن	50
والأمة	50
أشكل	50
خشي	50
أطال	50
وروح	50
جحد	50
ويلك	49
الأديان	49
قائله	49
المرام	49
بالمؤمنين	49
فيلزمه	49
لنفسي	49
ياسين	49
حيضها	49
يدرى	49
تعدل	49
فينظر	49
يتيمم	49
خزائن	49
خالصة	49
القلة	49
محارب	49
وصحة	49
والعامة	49
بولد	49
أحسنت	49
مناد	49
والأمير	49
الاعلى	49
البأس	49
يطأ	49
بالقوة	49
والرد	49
السكينة	49
ودليل	49
جهات	49
فإنكم	49
أخشى	49
بيوتهم	49
الفنون	49
مصباح	49
الأبدان	49
نحر	49
والآثار	49
كهيل	49
الرياء	49
بواجب	49
الرضى	49
بحمل	49
فجعلوا	49
غرر	49
وعاش	49
موضعين	49
وأرض	49
المعاملات	49
دليله	49
جوار	49
حليف	49
أصابته	49
يجاوز	49
ويلزمه	49
زكاته	49
الاستعارة	49
بالغا	49
والواجب	49
القاري	49
الفوارس	49
ابنك	49
للمسلم	49
ثناء	49
والبزار	49
الإصلاح	49
احدى	49
والقلب	49
الإزار	49
أثنى	49
ويعتبر	49
موتها	49
بالبناء	49
نقصت	49
يرغب	49
تحريف	49
وكلهم	49
يؤول	49
الكراء	49
وأوصى	49
أولادهم	49
مستدرك	49
سألوا	49
بالسلام	49
الغراب	49
الخلاء	49
وبدائع	49
الجراد	49
النحويين	49
نظمه	49
السوداء	49
أشرك	49
قدرها	49
لغرض	49
لعبده	49
الثلثين	49
بفتحتين	49
الأصيل	49
الرماح	49
يستر	49
كاشف	49
وسمعته	49
بنفي	49
الإيضاح	49
يسيل	49
خده	49
العيني	49
العقلي	49
الأدنى	49
المظلوم	49
يستحيل	49
خليلا	49
يوصي	49
الصناعة	49
ولدته	49
لظاهر	49
لطلب	49
يقبله	49
رزقا	49
نكح	49
الكلي	49
عبادك	49
بصائر	49
تقسم	49
جش	49
وقومه	49
خلفهم	49
معسرا	49
خالدا	49
وينظر	49
وملائكته	49
يبيت	49
خيره	49
مصدق	49
المجتهدين	49
الهمز	49
خالصا	49
طوله	49
خلقها	49
بمنع	49
الأشتر	49
أنزلناه	49
نبيهم	49
تراجم	49
وكانا	49
والجمهور	49
بيقين	49
بمثلها	49
اين	49
مصرف	49
الرقة	49
أظنه	49
موافقا	49
المراتب	49
لعباده	49
المعجزات	49
الموسوي	49
فأتي	49
وصى	49
امرأتي	49
واقعا	49
عمدة	49
والعباس	49
البصير	49
فالحكم	49
زار	49
مانعا	49
الرقاب	49
أوان	49
خت	49
فأعرض	49
يضحك	49
شرقي	49
المصيبة	49
واقتصر	49
هلم	49
الموجودات	49
كريمة	49
التفرق	49
المفسر	49
بضعة	49
ومثلها	49
القطعة	49
للحسن	49
يأتيهم	49
الملل	49
التعلق	49
البستان	49
مفسدة	49
المزارعة	49
أرواح	49
الشفق	49
البسملة	49
الفناء	49
آباد	49
المدائن	49
بناه	49
عاقلة	49
بأجرة	49
يقاس	49
بدم	49
الدجى	49
والمسلمين	49
المخصوص	49
الاتحاد	49
استغفر	49
منبر	49
صبح	49
اللباب	49
يفتي	49
عجبت	49
تبدل	49
شهادتهما	49
دخلها	49
وارثه	49
الاستيفاء	49
ضحى	49
وصرف	49
قوام	49
طهرت	49
التعجب	49
وحب	49
فمعنى	49
وقدره	49
أحضر	49
يمينك	49
والوسائل	49
البرقاني	49
أضر	49
كاذب	49
بنون	49
سلاح	49
نطفة	49
إتيان	49
أفاق	49
والي	49
السلب	49
التأمل	49
أصابهم	49
عرفنا	49
فادعى	49
نسخه	49
شره	49
الثقلين	49
وأعلم	49
أبصر	49
عالية	49
ووقت	49
ماشيا	49
أسمائه	49
أمثالها	49
بالنكاح	49
لقلة	49
وأولئك	49
وذكروا	49
فحل	49
أبغض	49
معرض	49
مقبولة	49
رام	49
اجتهاده	49
اقتضاه	49
النعل	49
طرح	49
تستطيع	49
والنصب	49
قانع	49
سام	49
ديارهم	49
طهور	49
جرحه	49
ذمي	49
أنشأ	49
عارية	49
يجدوا	49
ثوابه	49
يمد	49
انتهاء	49
يأكله	49
ولابن	49
مستقلة	49
بدلالة	49
والتمر	48
للحاجة	48
أنشده	48
وترى	48
ببيان	48
نصبه	48
استولى	48
وسلامه	48
إرسال	48
المشيئة	48
الكوفيون	48
أصحابك	48
أوقع	48
الأتراك	48
فيجعل	48
ورضي	48
الأطفال	48
والجهاد	48
تحتمل	48
ضررا	48
الجو	48
العظمى	48
نصلي	48
متابعة	48
وحاصل	48
الي	48
يلبث	48
كتبنا	48
الاستيعاب	48
وقيد	48
بعت	48
للورثة	48
الجاحظ	48
السرير	48
صنعة	48
اختلافهم	48
أيهم	48
موالي	48
أحدنا	48
المحكي	48
سهام	48
مجتهد	48
عارف	48
الرحل	48
وكفر	48
نوعان	48
والفساد	48
بالمنع	48
وأصلها	48
ليتني	48
تلد	48
أخاك	48
رمل	48
ودعوى	48
قوية	48
ضربين	48
الفاحشة	48
وصفة	48
حزب	48
شكل	48
جلست	48
تعلموا	48
تجتمع	48
والكسر	48
باقر	48
فرغت	48
دخولها	48
لؤلؤ	48
وأرى	48
السفن	48
إيضاح	48
خويلد	48
وأهلها	48
ثمامة	48
وقبله	48
يحيط	48
دماء	48
بالدخول	48
التلبية	48
حجره	48
والشراء	48
الكاشف	48
والنفس	48
الإماء	48
وسميت	48
ثلثي	48
استفهام	48
والمجنون	48
والدار	48
بإحسان	48
ترابا	48
المدارس	48
سدس	48
الاعلام	48
مطبوع	48
وسجد	48
الرائحة	48
المتعلق	48
جملتها	48
عمان	48
وثمانون	48
يفيده	48
التزم	48
ينفقون	48
نعلمه	48
فخرجوا	48
وخطب	48
الاستحسان	48
القرظي	48
المنتقى	48
قدما	48
تساوي	48
كرها	48
عقده	48
المطهر	48
وها	48
المبلغ	48
وارد	48
الشركاء	48
ألحق	48
الهجري	48
وخالفه	48
بالرد	48
بالثاني	48
يتأخر	48
الحليفة	48
واشتهر	48
المستعير	48
البذر	48
اشكال	48
الحماني	48
صاحبك	48
فحكم	48
خيرون	48
جدار	48
الانقطاع	48
ويذهب	48
فقبض	48
فلهم	48
متعة	48
تلميذ	48
التقرير	48
رتب	48
التكذيب	48
وبنات	48
ورحمته	48
جماع	48
بيديه	48
السندي	48
بسبع	48
آياتنا	48
الخلقة	48
يجرى	48
بدخول	48
القصار	48
آدمي	48
وقضاء	48
أثبته	48
فظن	48
ولاة	48
مقصور	48
فيحرم	48
المكنون	48
الردى	48
سيدا	48
أرطاة	48
سيكون	48
وقتله	48
والسدي	48
يعجل	48
الأماكن	48
القيسي	48
معصوم	48
القاضى	48
إنهما	48
أتباع	48
حذر	48
والخروج	48
استطعتم	48
والفقيه	48
إتمام	48
مباحا	48
الغائط	48
إفادة	48
وآية	48
بمرو	48
لقيته	48
الصحف	48
ساحل	48
الصنعة	48
وكمال	48
نعمته	48
ثناؤه	48
يابس	48
الدارين	48
يقيد	48
بخلق	48
أشبهه	48
فلله	48
المستفاد	48
صفرة	48
والضرب	48
فليراجع	48
فأخذها	48
أرحم	48
ودع	48
صلاتي	48
حضرته	48
يشتغل	48
صرحوا	48
وستة	48
سعود	48
لعلمه	48
الساعي	48
انعقد	48
والخوف	48
يجيز	48
العمارة	48
كلف	48
مختصرة	48
منافق	48
مسكر	48
الفلاني	48
جمعها	48
وقدرته	48
معاشر	48
جاءنا	48
الغمر	48
الموالاة	48
فراغ	48
الغابة	48
يرحم	48
تشبيها	48
دراج	48
وأيوب	48
والمعروف	48
خليلي	48
رميت	48
والنجوم	48
فيأتي	48
الخنثى	48
منافاة	48
بالزيادة	48
ولكنا	48
قلته	48
بالتوبة	48
الإبهام	48
القتيل	48
وزنه	48
مهرها	48
فخذه	48
طرقه	48
وافقه	48
تنبيها	48
شكا	48
ووكيع	48
الإناث	48
المعمر	48
اختيارا	48
لمصلحة	48
حمرة	48
السفلى	48
يستقر	48
ويسن	48
تك	48
المسور	48
بالشهادة	48
أنفس	48
الظراف	48
حدثتني	48
التواتر	48
الكميت	48
تفرقوا	48
أتلف	48
غايته	48
ومعاذ	48
وليت	48
الحور	48
فأول	48
يرجح	48
وظن	48
بلفظه	48
معلق	48
أنفع	48
الطيبات	48
إعلام	48
البشرية	48
للنفس	48
وغاية	48
أبوها	48
وعمار	48
المجادلة	48
قضاعة	48
بهز	48
الإخوان	48
يأخذون	48
عرب	48
حاصله	48
يظلم	48
ينشد	48
الماشية	48
صلاتك	48
الرافضة	48
للعامل	48
والنكاح	48
الأوليين	48
ولزم	48
يعظم	48
سلمه	48
يتحرك	48
لفعل	48
بالكذب	48
أزل	48
جبهته	48
فيثبت	48
المقابلة	48
فقولوا	48
المضمر	48
القدوري	48
المكلفين	48
قلوبنا	48
بالخلافة	48
اللؤلؤ	48
يعقلون	47
رمح	47
لامرأة	47
اقتضاء	47
المنادي	47
فشهد	47
استغنى	47
هديا	47
الإخراج	47
تعظيما	47
الأكوع	47
أديبا	47
الواحدي	47
وتكلم	47
خلقهم	47
نزلنا	47
يحصى	47
صريحة	47
والقتل	47
الآمدي	47
فداء	47
تأكلوا	47
ويسلم	47
يتجاوز	47
مطابقته	47
مختلفين	47
الانتصار	47
مولد	47
والمعرفة	47
الصوري	47
بأعلى	47
فحلف	47
أنزله	47
بالمغرب	47
يضيع	47
ظهرا	47
وقيمة	47
قرار	47
السماك	47
الرفق	47
العير	47
سرت	47
والمجموع	47
مثاله	47
أعمل	47
أغلب	47
الزائدة	47
وإسكان	47
أفمن	47
أزال	47
لضرورة	47
والسبب	47
الرحلة	47
نظرة	47
يردها	47
قارب	47
قبولها	47
الساكنين	47
خفية	47
اختلافا	47
السختياني	47
يسمون	47
الإمساك	47
وكيله	47
مسه	47
والمسألة	47
بضرب	47
سلطانا	47
وفعله	47
وتسعون	47
الشديدة	47
الإشهاد	47
والسماء	47
النبلاء	47
المستعان	47
الورقة	47
الروياني	47
الثريا	47
يسافر	47
جويرية	47
مكث	47
وتعلم	47
الجلالة	47
صوابه	47
والحجة	47
انسان	47
والرضا	47
بالرجوع	47
همز	47
المحمود	47
السواك	47
سينا	47
بكثير	47
مدحه	47
أصنع	47
إيماء	47
أضل	47
رقعة	47
القدماء	47
الإنصاف	47
فبان	47
المخطوطة	47
تفعلوا	47
شبرمة	47
للدلالة	47
مملوكة	47
أنكره	47
النصيب	47
حلو	47
وكثيرا	47
البهيمة	47
تمرا	47
ثمانون	47
أماليه	47
الواضح	47
السجدتين	47
الطبرسي	47
ظلمات	47
تمرة	47
فدفع	47
كوكب	47
تنقص	47
أخبرت	47
وذكرت	47
رحمك	47
الجمار	47
ظالما	47
العروس	47
يغرم	47
السادة	47
وفضله	47
شأنها	47
ردوا	47
بالنساء	47
موارد	47
حلقه	47
سرير	47
غلة	47
العمدة	47
المساقاة	47
لعلك	47
اتباعه	47
التذكير	47
والقصر	47
غيب	47
لطيفة	47
بذكره	47
الحيلة	47
شبل	47
المسير	47
ناقته	47
الحسد	47
كمبا	47
خراج	47
رباط	47
قاصدا	47
عناية	47
الإعلام	47
خلل	47
انتقال	47
نفلا	47
والمجرور	47
ذبحه	47
وقصر	47
مروا	47
الخفاف	47
ناقصة	47
يجزيه	47
إلياس	47
بدينار	47
فتوى	47
أبالي	47
القاطع	47
أبيت	47
الأمالي	47
دلالته	47
جميلا	47
بنيت	47
الأواخر	47
الجبر	47
تلبس	47
تيقن	47
والعبادة	47
إعراب	47
بالقسط	47
أره	47
ونوى	47
ظرفا	47
مقعده	47
مشاهدة	47
تقتضيه	47
يعلق	47
الشهرة	47
حاجتك	47
الرحال	47
وأطيعوا	47
فنعم	47
البينات	47
وكتبه	47
سيفا	47
مشهورا	47
المسألتين	47
وأثبت	47
للفاعل	47
بعيب	47
طرأ	47
اخبار	47
الثلج	47
قيصر	47
البلدة	47
المتأخر	47
أبصارهم	47
النجفي	47
ينفك	47
والرجوع	47
واقف	47
رواته	47
مودة	47
الحاضرة	47
الجور	47
قائد	47
يقام	47
ديننا	47
الصنف	47
علمها	47
صداقها	47
نعثر	47
عقلي	47
الإمارة	47
والطريق	47
يغشى	47
يبالي	47
الزنى	47
أسرى	47
الدينوري	47
منذر	47
الصعيد	47
هق	47
ينفسخ	47
للكافرين	47
للبخاري	47
البحتري	47
ناقص	47
لدن	47
عربية	47
المكتوب	47
والضياء	47
المن	47
عابد	47
وشبه	47
با	47
آبادي	47
يكف	47
الحظ	47
يتزوجها	47
تتزوج	47
بأول	47
الجعفري	47
الصيدلاني	47
بأخذ	47
اذن	47
عدنان	47
الأزل	47
المستعمل	47
أرفع	47
كائنا	47
يتميز	47
النقاش	47
بالعذاب	47
راجعون	47
التبريزي	47
أحوط	47
لماذا	47
بأصل	47
جبرائيل	47
والقوة	47
البارد	47
مجلة	47
الكاملة	47
النسك	47
عددهم	47
عدمها	47
نصارى	47
لاحظ	47
كأبي	47
المنايا	47
ضاع	47
القدرية	47
للسنة	47
خراش	47
العمى	47
صوف	47
تحكم	47
مقيدا	47
والعراق	47
توثيقه	47
وا	47
المنسوب	47
حرمته	47
لمثل	47
خاله	47
حياء	46
وعدد	46
مخالفته	46
خشيت	46
يريده	46
رحيما	46
مستقر	46
مستحقا	46
ليحيى	46
لنبيه	46
يمن	46
أستاذ	46
لزوجته	46
زهر	46
يسألون	46
سنته	46
فاس	46
زريق	46
وبينكم	46
غصن	46
يجعلها	46
الدعوات	46
والعامل	46
الغبار	46
بأحسن	46
جهم	46
أيدينا	46
قسما	46
يتهم	46
القطيعي	46
نبأ	46
يغيب	46
فوقهم	46
خطيئة	46
بمعروف	46
السم	46
غضبه	46
فليصل	46
أمثلة	46
زيادته	46
الأحبار	46
صواب	46
وطاعة	46
قتالا	46
والعجب	46
ففعلت	46
جنادة	46
ناجية	46
فأتيته	46
الحضرة	46
تجديد	46
بقيد	46
التساوي	46
نوحا	46
السفيه	46
خالية	46
المحارم	46
شجاعا	46
حقائق	46
بعموم	46
الفيض	46
طهمان	46
يتعذر	46
ضامنا	46
مفصلا	46
ودل	46
العوفي	46
الإحياء	46
رض	46
خوارزم	46
الرمح	46
برأيه	46
المخالفين	46
المصريين	46
التحليل	46
بقيمته	46
بالحجارة	46
والثناء	46
الأكابر	46
الدورقي	46
كفيه	46
يوصل	46
وأسماء	46
طوائف	46
سواك	46
عملها	46
مخففة	46
والنسائى	46
لقومه	46
الإقالة	46
تؤمن	46
العلمي	46
ودون	46
ولهما	46
يميز	46
حادثة	46
إجراء	46
نفوس	46
تفريق	46
القطب	46
المثلثة	46
قهرا	46
تكثر	46
تستحق	46
تعجل	46
رقاب	46
مقر	46
يعرفها	46
وبطل	46
الطباع	46
الساعدي	46
الشقص	46
شابا	46
بلوغه	46
والقراءة	46
رؤساء	46
يفسر	46
النهج	46
نبوته	46
ظهير	46
يندفع	46
واتفقوا	46
جهالة	46
لأمير	46
حجية	46
خثيم	46
ومنعه	46
الامتثال	46
الظاهري	46
التصوف	46
بالرجال	46
وتقديم	46
اصطلاح	46
بطلاق	46
رشيدي	46
والبصر	46
الأعراض	46
أبطل	46
جشم	46
إنكاره	46
غيركم	46
النديم	46
برق	46
الخالص	46
ويكتب	46
الصلاتين	46
أسهل	46
بهمزة	46
الناقد	46
وجواز	46
رجح	46
أعدائه	46
عتيبة	46
وضوءه	46
يزوج	46
أتانا	46
ركوب	46
الصواف	46
أرد	46
سكون	46
تقديمه	46
لاح	46
نصره	46
القتلى	46
قتلا	46
وسبعة	46
الرسم	46
بأربع	46
لبنها	46
مخاض	46
جديدا	46
وأقره	46
وتخرج	46
واستعمل	46
ادعت	46
فشرب	46
التعدد	46
يضيق	46
الثمانين	46
المعارض	46
خصائص	46
فطرة	46
والصالحين	46
وناقة	46
الاستطاعة	46
تونس	46
خطا	46
بالجمع	46
أعينهم	46
لغو	46
الخشب	46
رويت	46
المشاهد	46
تتخذوا	46
مؤلفه	46
المعهود	46
بذكرها	46
ولدك	46
تغرب	46
تكذيب	46
مرادا	46
الآلة	46
رطل	46
نصرة	46
تجلى	46
أبقى	46
صلبه	46
المرعشي	46
بموضع	46
هناد	46
إلحاق	46
فرات	46
تقم	46
فوقعت	46
فراجعه	46
عقولهم	46
أطاع	46
حولا	46
تؤثر	46
قتيلا	46
المشبه	46
مستقل	46
طبعه	46
ساعدة	46
ولقوله	46
لبقاء	46
لزيادة	46
التتار	46
الغطاء	46
معتمد	46
الخبرين	46
يبدل	46
ذهبوا	46
فاتته	46
حواشي	46
تقف	46
بعشر	46
لمجرد	46
عملك	46
مكتوبا	46
بالنذر	46
منعها	46
نبأنا	46
نسبا	46
منقول	46
مصدرية	46
القرائن	46
وتجب	46
غم	46
وخصوصا	46
وحاصله	46
طلبها	46
يدفن	46
مؤكدة	46
والطير	46
سراقة	46
أمثاله	46
معلم	46
معانيه	46
أضحى	46
لدين	46
التأثير	46
لثبوت	46
سمت	46
عجائب	46
النسفي	46
الجوف	46
نودي	46
خرقة	46
وأسر	46
زوجتك	46
الإفراد	46
الميثاق	46
ورعا	46
الأجناس	46
أوحي	46
المباشرة	46
الفوز	46
الحرص	46
جمعوا	46
طبق	46
دخلنا	46
أموت	46
وأخذه	46
وفرض	46
وفارق	46
ويعمل	46
فسلمت	46
وهرب	46
عشره	46
أقم	46
أخوك	46
فليح	46
كتابك	46
الأكثرين	46
أيكم	46
وبعضه	46
حاجا	46
قطرة	46
حظه	46
مرداس	46
الشرقية	46
أنبياء	46
قبضها	46
ونا	46
فاتقوا	46
يداه	46
دخله	46
والصبيان	46
هالك	46
يرثه	46
الحليم	46
بطال	46
يلزمها	46
قاعد	46
الراوندي	46
والنخعي	46
دير	46
قرض	46
تجدد	46
طوعا	46
حرز	46
أشعار	45
إثباته	45
وثانيهما	45
ملخصا	45
الهامش	45
وتقديره	45
مخرجا	45
التمار	45
ومئة	45
قبورهم	45
بأمور	45
الدهلوي	45
التكفير	45
فؤادي	45
نصراني	45
لوجه	45
برزة	45
أجرى	45
الراحمين	45
سمعا	45
حائل	45
مسجده	45
طمع	45
يعفو	45
كفارات	45
التكلم	45
والكافي	45
الفرضي	45
البضع	45
متاعا	45
رأيتها	45
أمينا	45
تقصير	45
ستا	45
الشافعى	45
عربيا	45
الديات	45
والتفسير	45
منعت	45
باطنا	45
يعنون	45
صه	45
لتعذر	45
أحسب	45
لجاز	45
جيشا	45
للرسول	45
مرحلة	45
والدال	45
تابعة	45
التعبد	45
بنصب	45
الأسير	45
يقبضه	45
التعدي	45
مدلول	45
بأهله	45
وتزوج	45
المقربين	45
تجر	45
الزيدية	45
صديقا	45
ويشرب	45
الثلثان	45
متعد	45
وكلها	45
بقبض	45
فكر	45
الهلالي	45
الرؤساء	45
مؤسسة	45
قتالهم	45
سنوات	45
جريدة	45
المعاوضة	45
قلع	45
والأحكام	45
وثمانية	45
نصرانيا	45
مذهبهم	45
لزمته	45
الاية	45
زاهدا	45
العارض	45
وربك	45
كرر	45
والنور	45
ادخل	45
موجبة	45
الشريكين	45
الراشدين	45
القطن	45
زاذان	45
سلسلة	45
والحساب	45
الأقطار	45
يستطيعون	45
شيعة	45
البيتين	45
بالوجوب	45
يشهدون	45
والف	45
الحطب	45
ووصفه	45
تنافي	45
الذباب	45
خازم	45
وحميد	45
يخير	45
لدينا	45
العثماني	45
الظالمون	45
فمثل	45
والعتق	45
والروم	45
قسمت	45
مروي	45
معاوضة	45
نواه	45
ويبطل	45
بستان	45
الاستئناف	45
صم	45
بحقه	45
خطيبا	45
وفسر	45
شارح	45
وتصح	45
خبيث	45
الساكن	45
وعندنا	45
موصوف	45
استحب	45
همه	45
امره	45
سودة	45
يقض	45
الستين	45
ميراثه	45
الأخر	45
يسرق	45
منزلته	45
نائبه	45
الدلو	45
وسالم	45
عل	45
يأتوا	45
بثوب	45
غرس	45
بعلي	45
غزوان	45
أذنه	45
وهذان	45
النوفلي	45
مفاتيح	45
الساق	45
وإنهم	45
تنقطع	45
عقدا	45
يقتص	45
عمى	45
بسطام	45
بالدليل	45
يخافون	45
الأحرار	45
قيده	45
سؤاله	45
وخاصة	45
غربت	45
يتقرب	45
حضره	45
مدبر	45
مقصودا	45
الخيط	45
وتحقيق	45
وصحيحة	45
الضيق	45
وخرجه	45
فوجده	45
الغلبة	45
تنازع	45
بوقت	45
رماه	45
رحله	45
فزع	45
وضاح	45
مازن	45
بالعتق	45
المعنيين	45
تبرع	45
ثوابا	45
مذكورة	45
والأسود	45
الأسرار	45
تبرأ	45
عميس	45
محكمة	45
المقامات	45
التأليف	45
نزوله	45
استحسانا	45
إرشاد	45
الأوامر	45
بإثبات	45
ولحق	45
الطهور	45
ويريد	45
وبقوله	45
ظني	45
مقبرة	45
والمؤمنات	45
منظور	45
الولاة	45
واوا	45
الكذاب	45
عسل	45
استقبال	45
وانقطع	45
فسجد	45
فرائض	45
ينكره	45
معتبرة	45
نجدة	45
اللذان	45
منامه	45
رستم	45
فهرب	45
يجزه	45
المفروضة	45
الأصبغ	45
نكاحه	45
المري	45
المدثر	45
الجرمي	45
لكما	45
وكف	45
اكتفى	45
جنازته	45
يختم	45
الاذن	45
الخانية	45
إخوانه	45
لبعضهم	45
باللغة	45
والمشتري	45
فيحصل	45
كرهت	45
سمرقند	45
عورته	45
والكثير	45
المعدوم	45
والشجر	45
صغر	45
بالسجود	45
تخفيف	45
استوفى	45
يلق	45
طاقة	45
للعلامة	45
للوجوب	45
يملأ	45
للفعل	45
يشكر	45
يطلبون	45
والربيع	45
معجزة	45
حرير	45
المنفرد	45
مجانا	45
وأقر	45
غريبا	45
فزاد	45
خفف	45
الفرح	45
جامعا	45
وفيهما	45
ويقبل	45
بيضة	45
وينزل	45
أباح	45
الأهلية	45
يأثم	45
وأولاد	45
هات	45
وأعاد	45
وأني	45
عصام	45
ارتكاب	45
الشاب	45
التغيير	45
الفائق	45
يراها	45
ممدود	45
القبيلة	45
العشيرة	45
أوقية	45
بالصوم	45
أمواله	45
الكفن	45
ابتاع	45
ومثال	45
الكشميهني	45
عنان	45
سعدا	45
أسأله	45
الشبهات	45
شبابة	45
فليكن	45
فكلما	45
ويدفع	45
وعبادة	45
تربة	45
الاصطلاح	45
وظهور	45
رقية	45
الصالحي	45
اتق	45
اشتبه	45
الأبد	45
والعرض	45
يقطين	44
أفرد	44
الدرع	44
فصاح	44
حط	44
ادخلوا	44
وبالعكس	44
للوارث	44
عدوهم	44
تلخيص	44
وبر	44
عظام	44
لب	44
فتبين	44
ارفع	44
وضمها	44
حسبي	44
أزهر	44
مبنى	44
النفاس	44
الثمالي	44
السرى	44
يختلفون	44
فسمي	44
الشرائط	44
وعامر	44
الربعي	44
يصر	44
بغية	44
وخبره	44
وقلبه	44
سخط	44
شيوخنا	44
ضحك	44
والوصية	44
أتاهم	44
حيي	44
الخزرجي	44
حران	44
بالعبادة	44
المندوب	44
منسوخة	44
لآل	44
بصر	44
ومعها	44
وإطلاق	44
والجميع	44
سرح	44
المشاهدة	44
أحاديثه	44
بحبل	44
وكتبت	44
الفزع	44
محصن	44
الحقيقية	44
تختص	44
وعشر	44
الكعبين	44
بآخر	44
المقطوع	44
امرأ	44
أصابها	44
بالآخرة	44
نافعا	44
يعلمها	44
واستولى	44
عضوا	44
خاطب	44
فرجه	44
البالغة	44
الجوار	44
جيدة	44
مفيد	44
بالمسجد	44
كندة	44
شاهدين	44
مجهولا	44
مطبعة	44
والفقهاء	44
القبيل	44
يغضب	44
وفصل	44
أولو	44
المنورة	44
وصورة	44
ينسى	44
الأذكار	44
كيد	44
ونادى	44
هجرة	44
يقدرون	44
حدثا	44
عامله	44
فرقد	44
ألبتة	44
أيمانهم	44
تدور	44
نفخ	44
وإثبات	44
وأجمعوا	44
مجيد	44
وإظهار	44
بالجواز	44
ظهرها	44
استقبل	44
القدوم	44
فيروز	44
ترث	44
أجزأ	44
الهاد	44
الكيفية	44
الدمياطي	44
والخيل	44
يأبى	44
غطفان	44
الاشتباه	44
تحقيقه	44
بأداء	44
فق	44
يكسر	44
وباقي	44
وبناء	44
الصورتين	44
بدينه	44
وقوعها	44
اللذات	44
ففعلوا	44
التواضع	44
التوجه	44
أفقه	44
البدائع	44
فهلك	44
وعامة	44
مجتمع	44
يذكروا	44
المتعارف	44
المعترض	44
المصلين	44
لأصحاب	44
تجز	44
بطلانه	44
أولادكم	44
يكفيك	44
الطاهرين	44
الخشاب	44
انقضى	44
خشبة	44
شهور	44
الوجع	44
بالهاء	44
انعقاد	44
بائنا	44
توضع	44
والمعتمد	44
الخبير	44
كالصلاة	44
تابوا	44
الدهن	44
بالاجماع	44
سكنى	44
وأقرب	44
وأمثال	44
والآيات	44
المجرور	44
أوجبه	44
جسمه	44
معلقا	44
المتقارب	44
المشهورين	44
وأصلح	44
ناصح	44
محقق	44
قوس	44
اعتقاده	44
أجزائه	44
للمؤمن	44
العصبة	44
طلبوا	44
الزهراء	44
لربه	44
سلما	44
طوى	44
إخوته	44
الدراوردي	44
يعاقب	44
فيسقط	44
والمصنف	44
فئة	44
التملك	44
علام	44
تنسب	44
الاجل	44
عذابه	44
سطح	44
للبيع	44
خفض	44
الحريري	44
يشركون	44
يسهل	44
بالعبد	44
فرحا	44
منصوبا	44
وآتوا	44
خاليا	44
اثنتان	44
مدته	44
بخل	44
راض	44
يحكي	44
تناوله	44
مناكير	44
إعادته	44
يستغفر	44
عمومه	44
عرش	44
يفي	44
الجبائي	44
المستحاضة	44
لعلى	44
نومه	44
لسيده	44
وجامع	44
نجسا	44
حرارة	44
وتركت	44
بت	44
والجبال	44
بديل	44
للعالمين	44
بالتحريم	44
إصابة	44
ومعهم	44
القدوس	44
والسين	44
حلاوة	44
عرفته	44
المليح	44
الهذيل	44
بالتي	44
أينما	44
أصفر	44
بالثلث	44
إتلاف	44
الشرطية	44
وأدخل	44
السودان	44
بالغسل	44
مكر	44
ضخم	44
إيران	44
فوجدته	44
القائلون	44
فحسن	44
كماله	44
قص	44
السدوسي	44
ثغر	44
الخيانة	44
خالص	44
والإشارة	44
بأنواع	44
الإدراك	44
مشتركا	44
وعروة	44
الدنيوية	44
رءوس	44
العبر	44
بالفضل	44
قرره	44
أثرا	44
أقطع	44
شرعيا	44
الأزمنة	44
فجلست	44
الأودي	44
نفيل	44
الكرك	44
الاولى	44
صاحبنا	44
الخبث	44
فيحتاج	44
وقبول	44
فألقى	44
تمتع	44
حدثهم	44
بفاتحة	44
الراحة	44
غرضه	44
مصدقا	44
طلاقه	44
الوزراء	44
باطنه	44
والأفضل	44
معانيها	44
مدار	44
اجتمعا	44
يخرجوا	44
فترة	44
وكذب	44
الاتيان	44
شبهه	44
أكثره	44
تابعا	44
السرية	44
خر	44
تحمله	44
التقسيم	44
التربية	44
السمان	44
يطلبه	44
بحجر	44
أزواجه	44
تليها	44
أعناقهم	44
بثبوت	44
مدارك	44
للعمل	44
استيقظ	44
الغليظ	44
بجامعة	44
اجتهد	44
مدعي	44
نباتة	43
فوجهان	43
حجج	43
وأخيه	43
والقسم	43
تقتلوا	43
يلقي	43
يوشك	43
بالإفراد	43
سقي	43
والصيام	43
القعقاع	43
بطة	43
يشعرون	43
نجعل	43
التفرقة	43
دونك	43
كلمه	43
إحداهن	43
ورش	43
أعطيته	43
عس	43
المديون	43
طي	43
العروق	43
معلقة	43
مسالك	43
التطهير	43
الغرق	43
فناء	43
رأوه	43
سألني	43
الصحبة	43
فضيلته	43
ويحصل	43
المروءة	43
الساكنة	43
بداية	43
الحادية	43
موقوفة	43
والمد	43
وأيام	43
رجعة	43
الإحاطة	43
بليل	43
يومي	43
مرتب	43
الواسع	43
وعكسه	43
بنفسك	43
أدهم	43
التالي	43
يوافقه	43
كادت	43
محبته	43
حكمته	43
غدوة	43
تمثيل	43
واحتمال	43
ينفعهم	43
للعبادة	43
وسنن	43
قرضا	43
ناقصا	43
بيوتكم	43
الأردن	43
مالكها	43
الزيلعي	43
تأكيدا	43
مطلب	43
الداني	43
بنته	43
الاشتقاق	43
قميصه	43
والأحوط	43
أتبع	43
بالتراب	43
بغتة	43
إيراد	43
التصدق	43
مضمونة	43
أنسا	43
يديها	43
الحواس	43
وكلامه	43
لثلاث	43
للخبر	43
كسرة	43
موصولا	43
والجهل	43
يبس	43
المولد	43
ثنية	43
بالجامع	43
آخرا	43
انقطعت	43
بفتحها	43
المرهون	43
العبارات	43
المؤنث	43
مؤمل	43
ونحوهم	43
الأغاني	43
التعديل	43
التفاضل	43
ويغفر	43
ولحم	43
مملكة	43
المروية	43
تحديد	43
الكردي	43
ظلمه	43
الواضحة	43
يهوديا	43
أقرع	43
الثور	43
ارتفعت	43
الاعراب	43
فقر	43
درة	43
أعماله	43
يصلوا	43
والعربية	43
بفضله	43
مفتي	43
المؤمنات	43
الأوائل	43
يقاتلون	43
الضالين	43
لزوال	43
الزاهرة	43
أجازه	43
يملكها	43
الوقعة	43
وشرعا	43
يملكون	43
ذنوب	43
بردا	43
المنصوب	43
صدقوا	43
مجلسا	43
حكمنا	43
السني	43
ارض	43
وقرب	43
نتيجة	43
فهر	43
الحجج	43
جزما	43
السنية	43
فرمى	43
التروية	43
الاعتراف	43
وربيعة	43
والمنتهى	43
شبة	43
يوجبه	43
مقبلا	43
ويكثر	43
تسكن	43
الإعتاق	43
نفل	43
الاحتراز	43
حمدون	43
كرام	43
تقلب	43
الأقارب	43
بعضنا	43
ألفاظه	43
والبرد	43
بصوت	43
يطير	43
جناب	43
وطبع	43
وشيخ	43
للمشركين	43
مط	43
هجرية	43
مستقلا	43
وامتنع	43
لآدم	43
لقال	43
بالخاء	43
يعذر	43
تخير	43
بزيع	43
اللذة	43
الخفي	43
ونظير	43
التنقيح	43
المصابيح	43
وصفها	43
فبأي	43
يرمى	43
ألفين	43
لقولهم	43
داع	43
ابنتي	43
الأمهات	43
وحديثه	43
تناقض	43
الهمام	43
عمود	43
خلوا	43
علمك	43
بوصف	43
تمامه	43
والمبسوط	43
خضراء	43
اسمك	43
فك	43
علقت	43
للملائكة	43
سارية	43
المكسورة	43
المواريث	43
اللين	43
حكمت	43
نبيك	43
الضبط	43
وأولاده	43
الكسرة	43
والتسليم	43
صنعه	43
يتكرر	43
تنتهي	43
الطبيعي	43
غنية	43
جهر	43
الموثق	43
داعي	43
نعوذ	43
فقتلوه	43
المصدق	43
عقود	43
النقور	43
غيرنا	43
الإبراء	43
غناء	43
السفهاء	43
مشتركة	43
لجماعة	43
المماثلة	43
معقول	43
الممتنع	43
بالجر	43
مقصوده	43
جعلناه	43
والسعي	43
بيدها	43
ماؤه	43
الخارجي	43
والغسل	43
ينفخ	43
قضائه	43
المرآة	43
وصفهم	43
ورجح	43
التتابع	43
وطال	43
الاثني	43
تقريب	43
فصيح	43
تقويم	43
والخطيب	43
الأهواز	43
تأنيث	43
كونوا	43
تخفى	43
يجعلون	43
كاتبا	43
قمر	43
لقضاء	43
مؤخر	43
المرحوم	43
فتأمله	43
صبا	43
التحية	43
يحكى	43
المميز	43
تمشي	43
فكن	43
وأكثرهم	43
مؤلفاته	43
تأخيره	43
مباحث	43
الحار	43
تهامة	43
لرواية	43
المخلوقين	43
السهيلي	43
إمامته	43
فعرف	43
وفائدة	43
والكفارة	43
فاسقا	43
الحيات	43
أثلاثا	43
الحاصلة	43
الكركي	43
فديك	43
بالابتداء	43
نشاء	43
الثغر	43
رغم	43
مواطن	43
قضاؤه	43
وحقيقة	43
نذره	43
فعمل	43
وفقه	43
فروخ	43
حكيما	43
برا	43
رغب	43
بأنفسهم	43
وبذل	43
سحاب	43
موفق	43
المسبب	43
عمامة	43
حيضا	43
فحصل	43
ألسنة	43
للماء	43
لساني	43
لعب	43
وذي	43
المؤلفين	43
واذا	43
المشيخة	43
أخيرا	43
وكيفية	43
طالبا	43
مفردة	43
تحصى	43
بإقراره	43
أمثالهم	43
للأمة	43
فلقيه	43
فلكل	43
رواد	43
غدير	43
المعينة	43
الغزي	43
بسورة	43
الحجرة	43
بتخفيف	43
وذهبت	43
بدو	43
الوطئ	43
عار	43
غرق	43
هنيئا	43
الآدميين	43
فتكلم	43
نؤمن	43
والرجال	43
القبة	43
مؤجلا	43
مندوب	43
فيض	43
أدخلت	43
رأيتك	43
متهم	43
ومشى	43
الديلم	43
سطر	43
تلميذه	43
ودم	43
ويسجد	43
زوجي	43
النرسي	43
جمة	43
طبيعة	43
الدافع	43
الفهري	43
والكتابة	42
أشراف	42
دبره	42
ركوعه	42
الرباط	42
أعلاها	42
بواسط	42
المعراج	42
يستقل	42
بجعل	42
ثالثها	42
هدبة	42
طولون	42
والعقد	42
غلظ	42
يشترى	42
شوبري	42
الكفارات	42
واتباع	42
صفراء	42
يخفف	42
عاشر	42
وطؤها	42
علاج	42
أسيرا	42
أفراده	42
يحتسب	42
والآخرين	42
اللعب	42
وأمها	42
فاختلف	42
مسيلمة	42
بالطاعة	42
مبشر	42
فوصل	42
تركنا	42
جوامع	42
بلخ	42
فجر	42
المسماة	42
وعاء	42
وألقى	42
ألزم	42
منظومة	42
والأكثر	42
أمم	42
عدت	42
الزيادي	42
سبل	42
الكر	42
الخيال	42
جهينة	42
ويحل	42
الاستقامة	42
المغازلي	42
الموارد	42
شمول	42
يشأ	42
فردا	42
ونشر	42
بريرة	42
رعيته	42
يهب	42
بمعرفة	42
كليهما	42
أولادها	42
والفروع	42
والجزاء	42
والهبة	42
المصيصي	42
والبر	42
معدن	42
يوتر	42
والمكان	42
وظيفة	42
متاعه	42
القانون	42
بالمكان	42
متقدم	42
اعتمر	42
فزارة	42
فجرى	42
بالظن	42
بالصدق	42
يكتفي	42
وشمالا	42
حيوية	42
المؤجر	42
قدوم	42
رووا	42
اتفقت	42
حواء	42
السقاء	42
نائما	42
الاشتراط	42
تقر	42
وجرت	42
قربه	42
جليلة	42
شمل	42
الذاريات	42
الحرز	42
سمعان	42
والوقف	42
سرور	42
الجذع	42
لوازم	42
وجدها	42
ليخرج	42
قلبت	42
واحتمل	42
وغلب	42
ويطلق	42
والسلطان	42
السيرافي	42
أطلب	42
فيقوم	42
خلفاء	42
والروح	42
عجرة	42
متكلم	42
طبيب	42
وإمام	42
سمعتم	42
بطول	42
غضبا	42
يكتسب	42
التشديد	42
الجوزاء	42
مصادر	42
بياء	42
ألقي	42
قصص	42
تعليقا	42
جديدة	42
زعمت	42
تغني	42
وحدة	42
لبيت	42
منقطعا	42
نفقتها	42
الكوثر	42
الشارب	42
معمول	42
الطبيعية	42
وهدى	42
وخذ	42
يدعوه	42
لأي	42
يقولان	42
شعائر	42
الفرنسية	42
جان	42
الراهب	42
وصوم	42
وصوله	42
كبد	42
راع	42
فوثب	42
فاه	42
لسانك	42
محكم	42
فيرد	42
مشروط	42
التقديرين	42
تخالف	42
حادي	42
وقاتل	42
قضاة	42
دحية	42
جئنا	42
والسنن	42
وشد	42
قصدت	42
الزين	42
الثغور	42
دقيقة	42
الموسم	42
الكتابين	42
بطهران	42
بيمين	42
التقرب	42
ألقاه	42
عتقت	42
القابض	42
يوكل	42
التصرفات	42
عصاه	42
فاغفر	42
للكتاب	42
مشتمل	42
شعرها	42
فصلا	42
بالري	42
الحاضرين	42
ضعفا	42
أولهم	42
وهبه	42
تعليقه	42
حاجي	42
بعمله	42
عملي	42
اليابس	42
للمدعي	42
الألوان	42
أتيته	42
المروة	42
وسبق	42
الطائفتين	42
والرفع	42
يعول	42
مصنفه	42
دفنه	42
ويراد	42
كهيئة	42
فأبوا	42
ويجري	42
اكثر	42
فرآه	42
الغوث	42
وتعقب	42
الإتمام	42
ذاهب	42
الطويلة	42
أحكم	42
الساجي	42
تريدون	42
مدنية	42
لعثمان	42
وسعى	42
صدقته	42
جاد	42
المحبوب	42
البارع	42
فحدث	42
فبطل	42
بوقوع	42
عفير	42
وفوق	42
الأحداث	42
كراع	42
واخرج	42
ماكولا	42
إثما	42
أخرجوا	42
هممت	42
كلمته	42
الألم	42
الأخوة	42
فأدخل	42
اتقى	42
مدبرا	42
ووجدت	42
لسنة	42
المواهب	42
الأفهام	42
بعتق	42
والجنة	42
لأهلها	42
بعشرين	42
يدعوهم	42
دنياه	42
تقضى	42
والصلاح	42
بالباب	42
والنحو	42
لوقوع	42
المصائب	42
بنفسي	42
وصحح	42
النطفة	42
تصلى	42
ذميا	42
الم	42
الملتقط	42
والمنع	42
قتلها	42
وسافر	42
للشيء	42
سما	42
ومد	42
يقومون	42
ولرسوله	42
الثاء	42
المنقري	42
الإعراض	42
ومئتين	42
فاني	42
بعثك	42
صباحا	42
خبيب	42
رجعيا	42
الأحقاف	42
الرتبة	42
حزنا	42
تقصر	42
المزيد	42
عروض	42
وقياس	42
جدعان	42
مقداره	42
دهر	42
الرجيم	42
روت	42
عبدالعزيز	42
فأصبحت	42
كونهما	42
شأنك	42
أجلها	42
وإليك	42
عفوا	42
ونزلت	42
والأموال	42
والتذكرة	42
الفاسي	42
اشتملت	42
الأشخاص	42
أزواجا	42
شعرة	42
مرسلة	42
ركبت	42
قتلوه	42
والثلاثة	42
صد	42
دفعت	42
عفيف	42
تطليقة	42
البربر	42
الحذر	42
والحافظ	42
بثقة	42
الإنسانية	42
البنين	42
يعفور	42
مضارع	42
منهي	42
تلي	42
أكذب	42
درج	42
الجديدة	42
الفصاحة	41
تأليفه	41
أخرجاه	41
الغرور	41
اتى	41
تضر	41
الفارسية	41
الإرسال	41
للمال	41
جلب	41
أختي	41
واحمد	41
عدول	41
أهمله	41
برحمته	41
صلحا	41
معز	41
البصائر	41
لأول	41
تلقاء	41
فاتت	41
بخارى	41
مرجع	41
ليسا	41
الأكثرون	41
البروج	41
وعباد	41
ذوو	41
عموما	41
واليد	41
وصلة	41
آفة	41
البارحة	41
التركي	41
قبضة	41
كنيسة	41
وعتق	41
القدوة	41
الست	41
بالشراء	41
رأيا	41
الالتزام	41
يكرهه	41
رداء	41
والكل	41
حضوره	41
اتبعوا	41
الأرضين	41
وتبين	41
نذرت	41
فطلقها	41
متأخر	41
القنية	41
ساء	41
تنزيه	41
حمدا	41
ظبيان	41
إلزام	41
يعط	41
الغرة	41
والحجر	41
القنا	41
دعاني	41
يصليها	41
بالهمز	41
نفرا	41
ربط	41
السفاح	41
رهنه	41
بطاعة	41
تقديرا	41
وج	41
مقتضاه	41
ونقول	41
والهداية	41
ولادة	41
مكاتبة	41
والشكر	41
همذان	41
تخف	41
أرضى	41
تشتمل	41
أحسبه	41
كفن	41
باختياره	41
وآمن	41
جبة	41
أفاض	41
المدار	41
الجهال	41
غرائب	41
فاختار	41
للقضاء	41
والصفة	41
والمفعول	41
منهاج	41
ندم	41
متتابعين	41
عوضه	41
غريبة	41
وطنه	41
الاستصحاب	41
واليا	41
الناصري	41
التعميم	41
الود	41
يمان	41
داعية	41
والشهيد	41
المجرمين	41
وفساد	41
بالدم	41
أفق	41
ويجاب	41
الحلة	41
جلود	41
وأتم	41
بالوحي	41
بالطريق	41
عمة	41
وشق	41
والظلم	41
كلبا	41
فمسح	41
بطعام	41
وجوهكم	41
التمهيد	41
فالأمر	41
تعلقت	41
لينتفع	41
فدخلوا	41
وهلك	41
بناحية	41
الإجزاء	41
رجم	41
خصه	41
وارثا	41
مضمونا	41
نفعل	41
لحظة	41
موضوعا	41
نسائهم	41
أحس	41
مطابقة	41
مسلك	41
أحوج	41
فعلنا	41
سهمه	41
المراسيل	41
عدلين	41
تغيب	41
والأخذ	41
أثم	41
وجيه	41
أرأيتم	41
أقمت	41
تتضمن	41
طهارته	41
أعيد	41
الأمثلة	41
ويضرب	41
ويفرق	41
ينقلب	41
رحلة	41
المس	41
للعهد	41
حملته	41
لاحق	41
الملازمة	41
الهمة	41
الأكفاني	41
صحف	41
ودخول	41
إذنا	41
دولته	41
المدن	41
مواليه	41
غرفة	41
والثواب	41
المهتدي	41
التسهيل	41
نفير	41
اللازمة	41
الحيضة	41
طوال	41
أموره	41
مدني	41
المؤرخ	41
إمرة	41
الانصراف	41
دحيم	41
عمري	41
لبنان	41
الأعين	41
الأفكار	41
أضعاف	41
سهمان	41
ووثقه	41
وماذا	41
بالإجازة	41
مهزيار	41
مسافرا	41
الاتباع	41
الباطلة	41
ته	41
فاتفق	41
فقامت	41
فتجب	41
لحسن	41
الاستقلال	41
ويشبه	41
يجهل	41
المأكول	41
المعالم	41
أوثق	41
وألا	41
أبكي	41
زعمه	41
ونساء	41
مذكر	41
الرضوية	41
كبرت	41
عرج	41
حله	41
بغسل	41
الباطنة	41
علان	41
بالحال	41
ساكنا	41
شرعه	41
حقي	41
والمختار	41
اضطراب	41
القائمة	41
للجميع	41
ماهية	41
بناها	41
طبخ	41
بنعمة	41
القداح	41
الندم	41
مؤذن	41
وصحيح	41
وذكرنا	41
أخباره	41
بقائه	41
والخلق	41
الإقدام	41
مرجح	41
بالطعام	41
الضب	41
الصنائع	41
سئلت	41
خلقة	41
والنسيان	41
بالتكبير	41
الطوائف	41
وتأمل	41
لكنهم	41
أقاموا	41
بالنصف	41
أرباع	41
وميكائيل	41
والطيب	41
مستأنفة	41
يلعب	41
فقتلوا	41
بصحته	41
المستحقين	41
الفروض	41
يحذف	41
مظلمة	41
اللطف	41
أرسلان	41
شربة	41
ايضاح	41
بوجوه	41
أجنبية	41
بالموصل	41
تقام	41
بالوضع	41
وعدا	41
السليم	41
مؤلفات	41
نداء	41
يقتلون	41
الحيل	41
وتأخير	41
فرأيته	41
الرقاع	41
والحمل	41
الغفور	41
ورمى	41
بمحل	41
مثناة	41
أشير	41
بتركه	41
ليلته	41
نهض	41
الغمة	41
بالسين	41
قلبا	41
بويع	41
روايتين	41
منعك	41
أمارة	41
طار	41
المفردات	41
يتخير	41
كمثله	41
ممكنا	41
المحصنات	41
المحمدية	41
سجدا	41
أل	41
لحن	41
لقوة	41
غفرت	41
دراسة	41
الخشوع	41
الخلد	41
محفوظة	41
صفقة	41
سكنت	41
البو	41
الفوقية	41
فمع	41
وبالأصل	41
القائد	41
وبلغني	41
وأخبره	41
نزهة	41
سلبه	41
تعلقه	41
أدبر	41
الثيب	41
والكرم	41
يعتقدون	41
الحضانة	41
إمارة	41
استحقاقه	41
أطلقه	41
يستدعي	41
المتابعة	41
وثب	41
ستره	41
فمكث	41
وسطها	41
الحبر	41
رواياته	41
المحلوف	41
الحواري	41
والغرض	41
ومحله	41
قلما	41
ويقضي	41
الاجزاء	41
خصلة	41
جيء	41
خلقي	41
وأوجب	41
بالاجتهاد	41
اثنى	41
لقصد	41
الغدر	41
إشعار	41
أفي	41
النقيب	41
جدد	41
أبوابها	41
وكقوله	41
فلقيت	41
وألحق	41
بالتوحيد	41
فسمعته	41
بدعوى	41
خياط	41
فانهزم	41
الوغى	41
تكملة	41
الوجد	41
الصين	41
وعلق	41
علقة	41
قدروا	41
تفضل	41
بحالها	41
الإفاضة	41
الطاهرة	41
ومنا	41
يهتدي	41
سيدة	41
زاوية	41
الدرس	40
أنكروا	40
خدم	40
ابدا	40
فمنه	40
يرزق	40
فكلوا	40
لقتال	40
أعتقت	40
اطلاق	40
الاخذ	40
هرقل	40
الحاقة	40
النعت	40
انفسخ	40
مذموم	40
واللبن	40
العائد	40
أستطيع	40
بالحجر	40
الإدغام	40
أف	40
والبناء	40
يعارضه	40
تعالوا	40
ويقطع	40
حجرة	40
عير	40
وثانيا	40
ضروب	40
يشتد	40
كنية	40
يعلو	40
غضبان	40
كظهر	40
ومنصور	40
بالديار	40
للجمع	40
وأنك	40
وقلب	40
الجناح	40
والأعمال	40
بمثابة	40
إقامته	40
ولازم	40
والمؤمنون	40
الشمائل	40
جحيفة	40
فحكمه	40
الصقر	40
آمنة	40
فقاتل	40
فأمرهم	40
تخ	40
آلات	40
التناقض	40
الآخذ	40
يثرب	40
فسق	40
فإنني	40
بعيره	40
تخفيفا	40
ويضمن	40
النيران	40
غلامه	40
بشىء	40
محتاجا	40
الضحك	40
زمنه	40
ورأس	40
خلفها	40
فيم	40
يهدى	40
وربع	40
نقصه	40
وتابعه	40
وتحت	40
اقتداء	40
آكد	40
المار	40
القرار	40
توضيح	40
الترمذى	40
المجاهد	40
بالغة	40
تصوير	40
الموضحة	40
والميزان	40
فارسا	40
تأخذه	40
ريحه	40
تسميته	40
العيال	40
بالمسلمين	40
اعتمده	40
تقييده	40
زنت	40
القابل	40
الواثق	40
غابت	40
بروايته	40
يحبون	40
وأقاموا	40
يتبعون	40
يظلمون	40
يومنا	40
مدا	40
تمنى	40
يسميه	40
أدعو	40
الكوكب	40
يتخلف	40
الأصفر	40
مهرا	40
سرقة	40
ووافقه	40
هادي	40
اختصاصه	40
والمصدر	40
الأبناء	40
زوجه	40
عقيدة	40
حسبك	40
فإلى	40
الموحدين	40
التصحيح	40
العهدة	40
هبت	40
وكلمة	40
التواريخ	40
تجزئ	40
وسعة	40
المحكوم	40
والفرس	40
زبر	40
نسل	40
تسعا	40
ورسالة	40
وذات	40
حفظها	40
النميري	40
الأغر	40
بعبادة	40
وبسط	40
تجده	40
أرجع	40
المبادرة	40
فتصير	40
المحراب	40
غيث	40
الأذهان	40
واستخلف	40
يشاركه	40
والمؤمنين	40
الأنس	40
بخمسين	40
لطول	40
للموت	40
لبث	40
يأمرهم	40
لآيات	40
والنقصان	40
لغيرهم	40
الاختصار	40
وأجل	40
أدام	40
المضي	40
وليكن	40
مجتهدا	40
المشرك	40
اخبرنا	40
يلتزم	40
وبك	40
يخبره	40
ضربته	40
الاغتسال	40
والجامع	40
ظهري	40
مياه	40
حفظا	40
دهرا	40
وخاف	40
والاختلاف	40
اليها	40
ثقيل	40
الآراء	40
وشهادة	40
يطأها	40
مص	40
ينسخ	40
فيبطل	40
ترجعون	40
وصفنا	40
الرضوي	40
القيروان	40
يتذكر	40
بالرأي	40
المظالم	40
خبرها	40
بإحدى	40
الجزئية	40
الإطعام	40
الخطر	40
وأخر	40
يؤدى	40
بائن	40
تزويجها	40
التسعة	40
بالإسكندرية	40
محمولة	40
دعت	40
ونسخة	40
مظفر	40
السمسار	40
التابعي	40
الجزع	40
وعمرة	40
تملكه	40
حاجتي	40
برجله	40
ببلد	40
الديلمى	40
عرفها	40
الذرية	40
وينفع	40
وانتقل	40
سجن	40
ركوع	40
عبلة	40
أعدل	40
استعمالها	40
وأمير	40
جنابة	40
نصبا	40
سوءا	40
يخلص	40
كثيرون	40
قصره	40
يرمون	40
آنية	40
لأمته	40
العمي	40
أصابت	40
لحمها	40
مفارقة	40
برده	40
المستنصر	40
الخلود	40
أبوا	40
بسرعة	40
حاضرة	40
الكسوة	40
النواحي	40
بقليل	40
يجتمعان	40
الحث	40
كفوا	40
آحاد	40
المازري	40
وحبس	40
أسمعه	40
والوعيد	40
وضمن	40
يأتيك	40
فباع	40
الختان	40
عوالي	40
تكفي	40
وشرع	40
غزاة	40
يفارق	40
للعالم	40
مذهبا	40
قسمان	40
ومقاتل	40
رأيك	40
جنون	40
متعين	40
وسيد	40
البلوى	40
أصوله	40
الأنطاكي	40
حقة	40
قضاه	40
للزوجة	40
ونون	40
صنيع	40
أسن	40
بنقل	40
تزعم	40
مكروها	40
يسقى	40
فيعلم	40
بالحجاز	40
تبت	40
يسلك	40
تدعى	40
كسرت	40
خلو	40
كردي	40
خيف	40
منكرة	40
للمحرم	40
يكتبون	40
والريح	40
أمورا	40
قبيحا	40
حذرا	40
للقتال	40
مخلوقة	40
الرطوبة	40
يحتمله	40
الجائز	40
سكان	40
المزاج	40
رضاع	40
تطهير	40
المشتركة	40
ألفي	40
طلاب	40
شفيع	40
والزوج	40
صبروا	40
ساحر	40
أدم	40
اشهد	40
الصافي	40
الحوائج	40
الجنات	40
يتردد	40
وتمامه	40
مزية	40
التجريد	40
الهجاء	40
فالحق	40
نفوذ	40
فهى	40
السعودية	40
اضرب	40
بجزء	40
سني	40
موصوفا	40
محضة	40
يتقون	40
الفواحش	40
خاتمه	40
بالقاف	40
المزكي	40
صرفا	40
فانطلقت	40
حصاة	40
أدرى	40
جلالة	40
يتيسر	40
قاتلوا	40
ونقص	40
ظهورها	40
شاهدان	40
استعمله	40
بيبرس	40
تجويز	40
صوابا	40
بحقيقة	40
والأربعون	40
الخلط	40
الصولي	40
هر	40
بالحسن	40
الجسر	40
وأبعد	40
صاحبة	40
يلقب	40
يخطئ	40
يخصه	40
التراث	40
اذكر	40
بموجب	40
الشىء	40
قبيس	40
المدلول	40
ألوان	40
إقرارا	40
السعة	40
الغيوب	40
خطوة	40
يتوصل	40
وجدا	40
صلاحه	40
عائدا	40
انفصل	40
جلوسا	40
بحثه	40
خفتم	40
وسلام	40
متجه	40
الفهرسة	40
البراج	40
تشرب	40
والهمزة	40
آثارهم	40
أولهما	40
خم	39
صلت	39
أسري	39
أعور	39
ذكرتم	39
وبكر	39
بغلة	39
مشروعية	39
لنفي	39
دعاهم	39
فافعل	39
وددت	39
التراجم	39
لأكثر	39
الاستئذان	39
صدقا	39
السحرة	39
شبر	39
نوبة	39
فتزوجها	39
وثم	39
طوافه	39
جعلا	39
المشعر	39
فيظهر	39
ازداد	39
الأضداد	39
الشامية	39
أثواب	39
الوجهان	39
اللات	39
أهدي	39
تلاوة	39
الطعم	39
المجمل	39
فعرض	39
كفارا	39
يقبلها	39
والإبل	39
هديه	39
صحح	39
وفرس	39
يوثق	39
مه	39
وشك	39
المسبوق	39
أعرابيا	39
الشوكاني	39
عادتها	39
مخلصا	39
هبته	39
شرفا	39
الصبغ	39
اليقظة	39
مضرة	39
تعجب	39
مشيئة	39
النشر	39
نسك	39
فغسل	39
تحبون	39
فسئل	39
برؤية	39
الكرب	39
مظعون	39
خولة	39
وصلي	39
يقلب	39
كفل	39
حالية	39
فؤاد	39
ينكرون	39
ارتحل	39
الزجر	39
آتاه	39
لعلة	39
الحديثة	39
فبعد	39
الغلمان	39
شاءوا	39
وروايته	39
الأيلي	39
وأجازه	39
تدبر	39
الحبة	39
غض	39
والسكون	39
الأجنبية	39
فاجعل	39
المعيشة	39
إكمال	39
المستملي	39
سندا	39
الناقص	39
أنعمت	39
الغيظ	39
اجلس	39
للعرب	39
بقرية	39
الجعفريات	39
تجيء	39
نزولها	39
وأجمع	39
اهتدى	39
الغنوي	39
الغر	39
فعلته	39
واستشهد	39
الغي	39
أصابك	39
بعذر	39
ويده	39
السجزي	39
بتأويل	39
يربوع	39
حجب	39
يذكرها	39
اسمع	39
والنفقة	39
ثبوتها	39
أقصر	39
التراخي	39
همة	39
مأخوذة	39
الصغر	39
فسماه	39
خاقان	39
المضطر	39
العزاوي	39
بالبينات	39
يسري	39
للولد	39
ادعاء	39
أعتقها	39
للتأكيد	39
بقايا	39
عجوز	39
سبي	39
يقرع	39
والثلث	39
مشاركة	39
ببني	39
الأوقاف	39
وبئس	39
أوحينا	39
يتلو	39
التعجيل	39
روحي	39
فحملت	39
فشق	39
القسطنطينية	39
حلم	39
الشدائد	39
تعم	39
بركعة	39
لامتناع	39
للسهو	39
وردان	39
تفريط	39
وياء	39
للنهي	39
السرة	39
بالتمر	39
بالصفة	39
أخل	39
درع	39
سمعها	39
دمي	39
إخراجها	39
وأبيه	39
غازي	39
البزازية	39
الأبار	39
أخره	39
والترمذى	39
وعلما	39
خالي	39
اللامع	39
الصمت	39
فرضت	39
الثبات	39
وطيب	39
الداري	39
الآبق	39
والكبير	39
قصب	39
كساء	39
لديهم	39
تدخلوا	39
أبشر	39
وأداء	39
والنسب	39
بسماعه	39
طاهرة	39
جنايته	39
والمجاز	39
الجويني	39
خاتما	39
بالتنوين	39
تخصيصه	39
فرسخ	39
تحقيقا	39
تعني	39
استمرار	39
للغير	39
لتحقق	39
بكونها	39
ولقي	39
بشبهة	39
لإمكان	39
غبار	39
التخلف	39
لقريش	39
لقيط	39
حملك	39
سها	39
عهدة	39
مرتفع	39
ويضع	39
وقعد	39
أبيح	39
بالوطء	39
عينك	39
لقيام	39
لنحو	39
ودية	39
فاحشة	39
واستغفر	39
رحمتك	39
عطفه	39
المشاركة	39
التنازع	39
والمقام	39
المهمات	39
المائتين	39
عاتقه	39
تصدر	39
قبضت	39
استواء	39
احتيج	39
الآمال	39
والاجتهاد	39
قدومه	39
للحافظ	39
أذينة	39
غراب	39
مشايخه	39
مستقيما	39
كفاه	39
الرياسة	39
مقصورة	39
والتشديد	39
تميز	39
آتي	39
قحافة	39
الحناط	39
الصاع	39
مجمل	39
بالإشارة	39
وواحد	39
فزعم	39
يحرك	39
تذكرون	39
وبالغ	39
منزلي	39
الكاذب	39
رافعا	39
مبطل	39
الإفطار	39
الديباج	39
ووهب	39
فوض	39
أوليائه	39
حرية	39
جاهلية	39
المشرفة	39
ضروري	39
للدنيا	39
الحجب	39
بشرح	39
الزيارات	39
فجعلها	39
درر	39
محضا	39
مولاة	39
أسفله	39
نافذ	39
لفظها	39
الأخطل	39
الامكان	39
الخطايا	39
حالي	39
نر	39
يتناوله	39
حسناته	39
المهمة	39
المهلبي	39
يطيق	39
كلي	39
الشقيق	39
بصفات	39
خلفا	39
رقة	39
كيل	39
البقعة	39
بإقامة	39
ببطلان	39
غدر	39
فأنتم	39
ينوب	39
إنتهى	39
بحديثه	39
السكران	39
بدفع	39
يرجون	39
وشرف	39
الطوال	39
المهاجرون	39
السواء	39
تلحق	39
عظمة	39
الهداة	39
بأسرها	39
التفات	39
لعمرك	39
المرور	39
أمورهم	39
تكلموا	39
السكين	39
ويقيم	39
وجهة	39
العطية	39
ونفس	39
عجيبة	39
مظهر	39
تنكر	39
اليهودية	39
الطمع	39
التبرع	39
وبرع	39
العقيق	39
اللتين	39
حفظت	39
الخزانة	39
البرمكي	39
بيعت	39
يتعلم	39
يدوم	39
بالصدقة	39
يقوي	39
الساحل	39
وصلها	39
أنهار	39
أتدري	39
بالدنيا	39
والأولاد	39
حيضة	39
الهجر	39
أقوالهم	39
فأخذوا	39
الزهر	39
الخال	39
ووقعت	39
حياتي	39
والهدى	39
ومسجد	39
وقرر	39
الصغائر	39
شذرات	39
ترجمتها	39
مجهولة	39
الرعب	39
الطاغوت	39
حمارا	39
بالرواية	39
بالقتال	39
مأكول	39
ومراده	39
بتقوى	39
ورتب	39
والأفعال	39
كافية	38
العلوية	38
خداش	38
مفهومه	38
ملح	38
حقك	38
مختارا	38
ألسنتهم	38
بحصول	38
الحكمين	38
فأتت	38
والوقوف	38
جامعه	38
لنبي	38
وأحل	38
الأغراض	38
بعلة	38
يتقي	38
جدته	38
تركيب	38
التعريض	38
التجيبي	38
يرحمك	38
يحجب	38
والإكرام	38
الحواشي	38
وإرادة	38
لأربع	38
المؤثر	38
المفقود	38
المحلي	38
الفارس	38
بالغين	38
بولاية	38
صبيحة	38
يستثنى	38
التقويم	38
وعرضه	38
فعلهم	38
قضيته	38
التمكين	38
تطهيرا	38
المستدل	38
الخثعمي	38
حيثما	38
المعدن	38
نازل	38
أشق	38
قرابته	38
وأكرم	38
الحلول	38
أوسق	38
يجتهد	38
صيانة	38
الإبانة	38
كتابتها	38
والأقوى	38
جور	38
اللواء	38
وخرجوا	38
رفعا	38
ونظم	38
الخصيب	38
إحداها	38
يتلى	38
وعم	38
قصبة	38
سقف	38
أنساب	38
عبيده	38
بعثنا	38
برئت	38
بخروج	38
النوبة	38
فسكون	38
المقابر	38
الأزمان	38
استدلال	38
البهية	38
الأماني	38
بالولد	38
مكاتب	38
الملكية	38
المحجور	38
يعترض	38
بالقصر	38
حاصلة	38
أمران	38
يطيب	38
جسر	38
فجأة	38
خصم	38
يسد	38
تكبيرات	38
ويقدم	38
زي	38
رابعة	38
واتخذ	38
فدعاه	38
والغضب	38
البنيان	38
للشيطان	38
تبديل	38
زواله	38
يمشون	38
رداءه	38
المنفصل	38
علمته	38
يحي	38
ذكاة	38
القيوم	38
رجلي	38
الفترة	38
الطهراني	38
والنسخة	38
فراق	38
حسرة	38
دمت	38
أهلية	38
خصومة	38
سيل	38
العجائب	38
قيم	38
سوط	38
وعدل	38
الزينبي	38
إخواننا	38
الأمي	38
مغفل	38
التبيين	38
ظهورهم	38
درك	38
اسمي	38
والورع	38
صلاتها	38
أصلية	38
نقضه	38
المجاهدين	38
ووجود	38
والحزن	38
تسير	38
العذب	38
والباب	38
باختصار	38
يزوجها	38
عملهم	38
وفهم	38
بينت	38
البيضة	38
فحضر	38
ميثاق	38
العاملين	38
فماتت	38
فكأنها	38
المشهد	38
بعلو	38
واتبع	38
أهو	38
قتلى	38
فذكروا	38
حسا	38
الهموم	38
أنكرت	38
البقية	38
وعزل	38
مستعمل	38
الأشباه	38
يفعلوا	38
يتحدث	38
المعجزة	38
رأيتني	38
واقفا	38
وسطا	38
وتحريم	38
الحلقة	38
أشكو	38
ببعضه	38
ميقات	38
تقريره	38
عيال	38
بعدا	38
تكسر	38
وجودا	38
العجمي	38
بالوضوء	38
سري	38
وأبان	38
يوقع	38
وختم	38
اللعن	38
النصرة	38
فخطب	38
نفيا	38
مجزوء	38
سحابة	38
دق	38
الصفدي	38
المستحب	38
الذبائح	38
بالعرض	38
العاجز	38
الخوانساري	38
والزوجة	38
مهلا	38
واستثنى	38
ضيف	38
يحتاجون	38
عنترة	38
منية	38
صفي	38
القوت	38
أقواما	38
المحيل	38
الفصيح	38
الاهتمام	38
وزهير	38
هرم	38
اخبرني	38
بى	38
بأسماء	38
خيانة	38
جعدة	38
الغضائري	38
الاستمرار	38
مشرف	38
فعلة	38
العقبى	38
بأكل	38
يأمركم	38
بأدنى	38
اخترت	38
مجردا	38
سابقة	38
أقرانه	38
بمسجد	38
الضروري	38
العلاف	38
الكاذبين	38
ملعون	38
يؤاخذ	38
الدائرة	38
حقق	38
يظنون	38
بنوا	38
تعقل	38
المكفول	38
يثني	38
لسبع	38
المتمتع	38
ورأسه	38
زجر	38
وسلمة	38
كأس	38
رئاب	38
القاذف	38
سكينة	38
الأوراق	38
الحجرية	38
نجيب	38
أفضى	38
الخلاص	38
الغزل	38
فضلك	38
بالآيات	38
حاج	38
الراحلة	38
مركبا	38
وفرغ	38
مسكن	38
والجمال	38
جندل	38
السطر	38
العادات	38
لدي	38
ودلالة	38
قبلهما	38
تؤدي	38
وينهى	38
التوكيد	38
الصواعق	38
وأسد	38
وثق	38
نائبا	38
والخلف	38
المكتب	38
البلاغ	38
أكثم	38
الحصول	38
درجته	38
الأفاضل	38
المزمل	38
وضمير	38
تلقي	38
والحر	38
إنزال	38
السبي	38
الطحان	38
تحصيله	38
يحلق	38
الانتهاء	38
منشأ	38
مأمورا	38
رمت	38
سديد	38
ضمنا	38
ببلده	38
خبث	38
امرأتك	38
اتسع	38
مكرها	38
المؤمل	38
ملا	38
باشر	38
أجعل	38
الأملاك	38
المنقطع	38
الجندي	38
صنم	38
نهيه	38
المستفيضة	38
يبول	38
والضلال	38
الموات	38
امتثال	38
المعطي	38
وانتهى	38
المجتبى	38
وزارة	38
غفل	38
والعفو	38
اشتكى	38
حلي	38
بالراء	38
المقبرة	38
رشدين	38
حديثان	38
فيتعين	38
قفاه	38
يندب	38
رأيهم	38
وزعموا	38
السعد	38
فيعتبر	38
وأتباعه	38
أخبرته	38
الفتيا	38
طعمه	38
مظلوما	38
إليهن	38
جنود	38
والزاي	38
واذكروا	38
لأبى	38
المتصلة	38
كورة	38
سترة	38
قصاصا	38
ثوبين	38
عجزه	38
انتقض	38
وأبقى	38
رابعا	38
اتحد	38
رشيق	38
وك	38
حميم	38
وبكى	38
لمعاوية	38
الوعظ	38
المعلول	38
عهدي	38
تعرفه	38
كسوة	38
فتوفي	38
تشد	38
والاه	38
نظائر	38
والقوم	38
بالضمان	38
اعملوا	38
سارة	38
القصب	38
فالأصل	38
نسيئة	38
المنفي	38
اليزيدي	38
الدراية	38
تخاف	38
لبنا	38
طولها	38
موعظة	38
بركات	38
مفضل	38
صيحة	38
برز	38
ضبة	38
ظنك	38
القضايا	38
والإجارة	38
حينا	38
فقدت	38
صمت	38
القصور	38
تجاه	38
يجامع	38
والإرشاد	38
بالحقيقة	38
لفوات	38
تعقلون	38
شرق	38
بالفقه	38
إجازته	38
افترى	38
مقاما	38
المقلد	38
شبرا	38
وأخبار	38
فراغه	38
وحصول	37
المتيقن	37
وعدمها	37
مؤيد	37
حليم	37
مناسب	37
خطة	37
الوحيد	37
ملكة	37
ثوبي	37
تكرير	37
والقصد	37
السالفة	37
ووفاته	37
يلزمهم	37
والشرف	37
والصبي	37
القمح	37
يرعى	37
مجنونا	37
فيؤخذ	37
يتكلمون	37
فقعد	37
غل	37
الباقلاني	37
الريان	37
فلاحظ	37
وهاهنا	37
متحد	37
عدوك	37
ومروان	37
المحمول	37
وجمهور	37
اتخذت	37
الغم	37
الدموع	37
يؤكد	37
تثنية	37
واتبعوا	37
لفقد	37
شقي	37
ومأجوج	37
الشجاعة	37
نسائكم	37
الجزائري	37
القدمين	37
ركنا	37
أنطاكية	37
المسكر	37
العلاج	37
يصرفه	37
والكمال	37
زور	37
مقصودة	37
جاؤوا	37
تغفر	37
راوي	37
يكلمه	37
نسخت	37
ويقتل	37
فعلوه	37
تعتق	37
الناصب	37
اعبدوا	37
خسر	37
وعمران	37
يسمي	37
التعب	37
الجاهلين	37
الخوئي	37
جاريته	37
ميم	37
وتركوا	37
وسن	37
والحاوي	37
جوادا	37
مباركا	37
الحسان	37
القرآنية	37
قلد	37
عادتهم	37
جريح	37
البعيدة	37
شذ	37
الالتباس	37
ورائه	37
وكنيته	37
التراويح	37
طهورا	37
ترتفع	37
والروضة	37
واسمها	37
تكلمت	37
أودع	37
راجعة	37
استأجره	37
والجمعة	37
آقا	37
فيقدم	37
الأجانب	37
وعذاب	37
يبسط	37
والصدق	37
تسجد	37
عابدا	37
وصدقه	37
مفصل	37
بالمرأة	37
تماما	37
المدين	37
للكفار	37
خراب	37
بتحريم	37
إلقاء	37
المواد	37
قوموا	37
نقف	37
آتينا	37
حذفه	37
نهيك	37
التابوت	37
رجعنا	37
فباعه	37
النسيم	37
وصفوان	37
لأرجو	37
الزانية	37
والرابعة	37
خرجا	37
بالاسم	37
نكون	37
عدالته	37
تنقض	37
المدعو	37
لسائر	37
البدنة	37
هراة	37
عرس	37
للشمس	37
بشارة	37
رأيي	37
بعهد	37
السامي	37
زوجك	37
أقاتل	37
ومكان	37
بالنسب	37
النبيء	37
نشهد	37
مصلى	37
حنيفا	37
والمسجد	37
صلاتكم	37
بالوجه	37
بدائع	37
عادل	37
يبكيك	37
الغصن	37
وعلة	37
علماؤنا	37
أيده	37
استأنف	37
تنقل	37
ذهل	37
القسمين	37
بمدة	37
مختصة	37
الأعاجم	37
أبرأ	37
نفاه	37
غر	37
والعدوان	37
والمحقق	37
والعالم	37
سقوطه	37
أستاذه	37
نستعين	37
بالحمل	37
منصب	37
بسيفه	37
شأنهم	37
أمنا	37
ساقطة	37
بدونها	37
للفظ	37
الأصوليين	37
والدنانير	37
للوكيل	37
سيئات	37
وأنثى	37
والجار	37
تقسيم	37
تحذف	37
والشك	37
بمهر	37
واحده	37
بضمتين	37
مبينة	37
النمر	37
فصعد	37
صدرت	37
الدرة	37
شعار	37
العقرب	37
ماضيا	37
ظنوا	37
درهمين	37
ورم	37
الآفات	37
يشكو	37
إياي	37
لذا	37
للامام	37
والمسلمون	37
المفتاح	37
الأردبيلي	37
وفر	37
منقذ	37
ملكي	37
الواسطة	37
الحين	37
يجبه	37
وتلا	37
الفوات	37
تحفظ	37
فأقبلت	37
بشهوة	37
بإسكان	37
جسد	37
الوسيط	37
والخطاب	37
لبست	37
يبيعها	37
والكاف	37
ذكرك	37
الغازي	37
المقبوض	37
والديه	37
قرنه	37
والكلب	37
يعجبني	37
لشخص	37
بالنهي	37
منير	37
يحشر	37
أعطوا	37
الحزم	37
اليشكري	37
حابس	37
فتبسم	37
ويفعل	37
الذيل	37
الحيري	37
أبياتا	37
أسانيد	37
بنكاح	37
يطمع	37
بحضرته	37
والتوحيد	37
المحلة	37
مصنفاته	37
حبذا	37
أمد	37
أيديهما	37
رمز	37
يخرجها	37
والخنزير	37
نظيف	37
لحاجته	37
المفردة	37
فاز	37
عتقها	37
علمني	37
الغيرة	37
فتركه	37
انتقلت	37
علقه	37
إيجاد	37
بشراء	37
شاع	37
الضمة	37
وقوته	37
الكرى	37
دان	37
والوتر	37
وعشرا	37
بصدقة	37
المشكاة	37
صادقة	37
وجوها	37
وصفته	37
ليله	37
المرضى	37
والسيف	37
وحبيب	37
يمنعك	37
بنين	37
تركب	37
الخرق	37
وجرير	37
يفر	37
أقاربه	37
أوجبت	37
رفعها	37
وأفاد	37
جعلهم	37
وقامت	37
وعلمت	37
كرهه	37
بأحاديث	37
المكرمة	37
للقوم	37
مشتملة	37
قصرا	37
والحياة	37
ميسر	37
الغزاة	37
والجيم	37
الشاه	37
ضربان	37
غنمه	37
حث	37
ينابيع	37
وضوئه	37
سلخ	37
نفيس	37
الصابوني	37
أخيها	37
المبيت	37
إفراد	37
مهموز	37
عقر	37
لملك	37
الضبع	37
التغلبي	37
تحريمها	37
الخصوم	37
لائم	37
قحطان	37
فاتك	37
المضمضة	37
الصابرين	37
محمودا	37
الخارجية	37
زمنا	37
وحسين	37
مقدور	37
للجنس	37
أنصار	37
الشجاع	37
تدبيره	37
العنزي	37
الوصال	37
إرث	37
أنسب	37
والفتوى	37
بالهدى	37
اذهبوا	37
ونصفه	37
حلفه	37
أجرهم	37
آمر	37
للأمير	37
عشائر	37
عذرة	37
المباركة	37
محبا	37
عاجز	37
انضم	37
بسببها	37
الاضطرار	37
وصحب	37
تنتقل	37
والزمان	37
ووهم	37
لتعلق	37
ترعى	37
يزني	37
نسيم	37
ويأكل	37
تهمة	37
واختيار	37
البشارة	37
أبيهم	37
واليهود	37
طرد	37
والآن	37
ببدر	37
لديك	37
وفيات	37
ونفى	37
لورثته	37
جنسا	37
وقوف	37
وأحكامه	37
معطوفا	37
خالدون	37
تنقسم	37
يسمونه	37
المعافري	37
وتفرد	37
بنتا	37
نسمة	37
ملازمة	37
وأحكام	37
الجمعية	37
إبله	37
الفئة	37
والإرادة	37
المقدمي	37
ماؤها	37
الثعلب	37
الاجر	37
الاستعداد	37
المخلصين	37
طالوت	37
الجواري	37
كفا	37
ليذهب	37
فيرى	37
وتقدير	37
ويتبع	37
العكبري	37
المعلومات	37
شرعت	37
الإجمال	37
صوب	37
أثقل	37
سليما	36
بابل	36
بالحكمة	36
سابور	36
للمعنى	36
أصفهان	36
يسوق	36
عاداه	36
فدفن	36
نخرج	36
البهائي	36
وقيام	36
الذكاة	36
هواء	36
خفيفا	36
ولزمه	36
وحلق	36
يزن	36
وزينب	36
ورثه	36
بمقبرة	36
مستندا	36
يطعن	36
مريد	36
محذور	36
أقرت	36
وأعرض	36
فلقي	36
أحسنوا	36
الأقدام	36
رياء	36
الأفلاك	36
الحمراء	36
الذاتية	36
الحظر	36
عليما	36
حاد	36
أحمق	36
والنصف	36
والتأخير	36
حقيقي	36
السامري	36
معذور	36
بفرض	36
غسلها	36
للعموم	36
قومها	36
السبل	36
كافيا	36
وكونها	36
مرتبا	36
الحبوب	36
منتصف	36
اشتمال	36
الظهيرية	36
يكرهون	36
احتجوا	36
وإحدى	36
وأطلقهما	36
مستهل	36
وولاه	36
حرث	36
السهل	36
رأته	36
المعبر	36
محظور	36
والتصرف	36
الظباء	36
أراني	36
وسيف	36
أجناس	36
بالإسناد	36
الخصائص	36
ولمسلم	36
فارجع	36
إزار	36
والزهد	36
النسابة	36
بقر	36
المعافى	36
استصحاب	36
يقولها	36
الحجامة	36
المقابل	36
بمذهب	36
إيصال	36
الممالك	36
وأنى	36
المكرم	36
مدن	36
تركي	36
خصوصية	36
تنوين	36
مستثنى	36
وأظنه	36
بالشعر	36
مأذون	36
وعمله	36
الدباغ	36
فعليها	36
نادرا	36
لدخول	36
بأيدي	36
ميراثا	36
بئرا	36
صحاح	36
السكة	36
أوتر	36
جسما	36
ودينه	36
المحيض	36
بالحمد	36
الشهادتين	36
دالا	36
وثبوت	36
غفورا	36
وقولوا	36
الممات	36
شارب	36
الزبيب	36
فسمى	36
الحدوث	36
الآلهة	36
ولام	36
وتقبل	36
الزبرقان	36
مواضعها	36
وعمه	36
بود	36
السطح	36
حان	36
حذافة	36
سجدتي	36
والأنبياء	36
للخير	36
وتصدق	36
تفريع	36
قبضته	36
يستند	36
السعر	36
وسر	36
بقلب	36
والشهداء	36
يكتفى	36
البخيل	36
انصرفوا	36
منتجب	36
أعود	36
يفيض	36
تغيرت	36
يتضح	36
المرفق	36
والاعتبار	36
الاعتداد	36
فانظروا	36
موتي	36
العنبر	36
موليا	36
خنيس	36
فولى	36
إحسان	36
وشعر	36
تولد	36
والأوجه	36
يدخلوا	36
ممنوعة	36
تسعى	36
المعسر	36
وثلثمائة	36
وزوجها	36
تطيب	36
قصيدته	36
والإقرار	36
منكبيه	36
المتوسط	36
الاستعانة	36
غزة	36
التفويض	36
المناوي	36
لغيرها	36
المنون	36
معلما	36
أجلا	36
متنه	36
الطوفان	36
رشدا	36
دواب	36
الغربية	36
عاقلته	36
لكنا	36
لأمره	36
الدستوائي	36
آلاء	36
والبصرة	36
الخالية	36
حظا	36
دمها	36
أيتها	36
ويلحق	36
الشافي	36
التابع	36
شقه	36
والمنكر	36
يعجبه	36
الإفك	36
العجوز	36
أنفسها	36
ومفهوم	36
الحاجات	36
ضيعة	36
أنيسة	36
أداه	36
الارض	36
فكسر	36
جذع	36
بالتسليم	36
يتسع	36
ابتلي	36
أدل	36
وزياد	36
وأحضر	36
قانون	36
فوائده	36
والقاف	36
عظمت	36
اذ	36
اثر	36
لدينه	36
فأردت	36
جماهير	36
لفظي	36
والخمر	36
اعتماد	36
المحلى	36
بابك	36
رسلنا	36
المزدلفة	36
مركبة	36
يعفى	36
بالهمزة	36
الأسقع	36
يطع	36
المكر	36
عرضها	36
سكران	36
فرارا	36
نبى	36
تضمنت	36
اختصار	36
أستغفر	36
استقرار	36
واه	36
فحيث	36
صانع	36
بتحقيق	36
المخرمي	36
عنهن	36
تنقيح	36
فحسب	36
وعمره	36
تخلل	36
المدخول	36
ويقدر	36
تتكلم	36
التالية	36
أرطال	36
جالينوس	36
لشئ	36
بالبر	36
أعضائه	36
فادع	36
النشأة	36
تفصيلا	36
المعبود	36
الدواوين	36
أخفى	36
المراسم	36
وعندهم	36
العار	36
المحافظة	36
والأمراء	36
تصوم	36
تجعلوا	36
الغزال	36
أعطاها	36
غار	36
مقيدة	36
والدواب	36
بالشرع	36
دارهم	36
تحسب	36
تمثل	36
العجيب	36
وأصاب	36
وتعلق	36
الأكمل	36
احتراز	36
وتأويل	36
والسادس	36
مستوفى	36
جمعهم	36
حارة	36
الملا	36
الهندية	36
ولزوم	36
بقبول	36
وثابت	36
القولان	36
بطاعته	36
أبدل	36
خلقوا	36
نسيان	36
الحنظلي	36
سياسة	36
اتباعا	36
والمتوفى	36
المرزبان	36
بشرطه	36
منعوا	36
مواضعه	36
الجبن	36
للصائم	36
تجدوا	36
الرمان	36
الوطن	36
ولغيره	36
المعري	36
بكت	36
لصدق	36
بينكما	36
الزوجات	36
أصوات	36
الزنج	36
ومهر	36
إبدال	36
الرؤوس	36
قلبها	36
أموالا	36
تتخذ	36
اللغو	36
الإثنين	36
وسلمان	36
معونة	36
صيفي	36
فيمتنع	36
البشرى	36
أقتل	36
ينفر	36
ناسخ	36
التخلص	36
الناسي	36
رددت	36
القدسي	36
بالمصدر	36
أنفقوا	36
مسمع	36
اللآلي	36
معيط	36
أسوأ	36
لكلام	36
النبت	36
متعديا	36
الصادر	36
جاءتهم	36
وامرأته	36
جف	36
طلبة	36
دخلا	36
استوت	36
وشريك	36
موصول	36
شهبة	36
يبحث	36
أحلف	36
زان	36
النوري	36
والعام	36
حملوا	36
المحلل	36
تستر	36
فحمله	36
الضعيفة	36
وصاحبه	36
ساجد	36
ورفعه	36
بقرطبة	36
كلهن	36
المفسدة	36
مرج	36
القبط	36
النبأ	36
عمته	36
الأسر	36
المتوفي	36
للعين	36
وتحمل	36
شائع	36
بقدره	36
الاستحاضة	36
بالنجاسة	36
كنوز	36
فورا	36
مخنف	36
وقفوا	36
يومها	36
انكشف	36
معطوفة	36
تتقون	36
لعلم	36
يتبعها	36
فقدمت	36
وأنبأنا	36
وضح	36
ويحسن	36
فمنعه	36
ضابط	36
تواتر	36
زانية	36
المؤلفة	36
والسؤال	36
قطيعة	36
الخد	36
والاستغفار	36
وسهم	36
الشيعي	36
المطابقة	36
تقدموا	36
يتيم	36
كذابا	36
أماكن	36
القرافي	36
للموصى	36
الهرم	36
فصاروا	36
فضلاء	36
نظرنا	36
الأشاعرة	36
عذره	35
امرأتين	35
ببناء	35
واليقين	35
بخصوصه	35
عمرك	35
وأعلى	35
الجدة	35
بالإذن	35
أحرى	35
اختلاط	35
المناظرة	35
شرطية	35
وافى	35
تعلمه	35
الساحر	35
مليا	35
السود	35
هاربا	35
خروجا	35
مولاها	35
تصنيف	35
يسألونك	35
نجده	35
تسبيح	35
يكذبون	35
والغالب	35
احكام	35
والبعد	35
غروبها	35
مضطرب	35
حبك	35
يميني	35
يوزن	35
بائعه	35
مرا	35
بدأت	35
ولأجل	35
يأجوج	35
اتبعه	35
وعلو	35
ورابعها	35
وبحث	35
أشجع	35
يتركه	35
والمولى	35
موصوفة	35
الاحتياج	35
الخبيثة	35
كافرين	35
فسادا	35
أباها	35
والمعتبر	35
جذيمة	35
وعموم	35
وعلل	35
الذاتي	35
الكلأ	35
غرب	35
المنظر	35
وصاروا	35
جملا	35
أخطب	35
نقصا	35
عبثا	35
لكثير	35
بدعاء	35
تتحقق	35
بائنة	35
الرجلان	35
ومهما	35
وأرجو	35
يعينه	35
بطرف	35
أدركته	35
فصيحا	35
المذكورات	35
مرفوعة	35
ذكور	35
إزالته	35
فوالذي	35
بالدراهم	35
عيلان	35
المقاتلة	35
الكراهية	35
تحريك	35
انتهوا	35
الطيور	35
بنوع	35
فأحب	35
مرادهم	35
كاذبة	35
ومعمر	35
ويحلف	35
والنبوة	35
أصحابها	35
يتمنى	35
وعمارة	35
تدرون	35
المحدود	35
استحبابا	35
المخصوصة	35
بشهر	35
بسائر	35
مرضا	35
يخلط	35
الأخيرين	35
فوضعه	35
وشهر	35
ببقاء	35
النبيل	35
شيراز	35
عشت	35
سائلا	35
مسرور	35
هيبة	35
بظهور	35
صدرك	35
بصدق	35
جخ	35
مؤرخ	35
ونهيه	35
عينيك	35
شفع	35
والحالة	35
بشرى	35
وظهرت	35
مهنا	35
التفريع	35
أشركوا	35
عشاء	35
للخلق	35
الديك	35
التزوج	35
قربت	35
مائه	35
بالعفو	35
عشيرة	35
منسوبة	35
التكلف	35
ببطن	35
بحفظ	35
فنسب	35
شامي	35
اللقيط	35
بالنقل	35
يحط	35
وكتابه	35
الآلات	35
وتعقبه	35
وصلا	35
يأتى	35
اللعنة	35
وأخت	35
سمن	35
مطالب	35
فانا	35
الخدم	35
فليتبوأ	35
مقارنة	35
سلاما	35
لامه	35
لقى	35
وقريب	35
واسعا	35
يعهد	35
بعلبك	35
أعطاني	35
عدالة	35
رجحان	35
تفسيرا	35
خطبنا	35
فضائله	35
يشارك	35
سارق	35
نحوي	35
الأسرة	35
وتبقى	35
الصفرة	35
برج	35
والعذاب	35
الشحم	35
حكمهم	35
كبيع	35
قميصا	35
الجنايات	35
الحائري	35
والأخوات	35
وعزاه	35
الغرم	35
واتصل	35
مسألتنا	35
العاقد	35
أرضعت	35
الأراضي	35
خلص	35
فضربت	35
درب	35
اقتضت	35
الجياد	35
بخيل	35
الاختلاط	35
اقتدى	35
أحكامها	35
شربها	35
ثيبا	35
يكفرون	35
والتدبير	35
نراه	35
مماليك	35
الشيئين	35
يناله	35
اللمعة	35
حبلى	35
حسنها	35
بإضمار	35
وتجوز	35
حيوانا	35
يستمر	35
والمعاني	35
صغارا	35
بالكتابة	35
يرتد	35
والأب	35
الأشعار	35
المحكمة	35
والدهر	35
الفجور	35
مخطوطة	35
فردها	35
الخواطر	35
المشتمل	35
أئمتنا	35
فيضمن	35
يمل	35
لفساد	35
والسير	35
يوشع	35
وخروج	35
كبشة	35
للخروج	35
يدرس	35
المدرس	35
والاختيار	35
وضربه	35
الكافية	35
يثق	35
أقطار	35
العراقيين	35
منة	35
تمكنه	35
الضبعي	35
السوسي	35
تحسن	35
يشتريه	35
أصبحوا	35
خذها	35
فاصبر	35
قتلة	35
إزاره	35
مقدرا	35
وكثرت	35
بالقيام	35
عجزت	35
هدانا	35
حينما	35
عزمت	35
وأصول	35
ويسعى	35
فلابد	35
المتشابه	35
بطيب	35
المختص	35
الثقل	35
الفضولي	35
تلقاه	35
سألوه	35
واليمن	35
وتركها	35
سعيه	35
افتقر	35
العصير	35
مفعوله	35
لآية	35
وسعه	35
كرة	35
البسط	35
فنزلوا	35
والصغير	35
الأحمق	35
والشيء	35
التبيان	35
نافية	35
بلبن	35
يدعوا	35
بسيف	35
يوجه	35
عاتكة	35
مصري	35
أمهم	35
الثلاثي	35
غرناطة	35
عريض	35
نمر	35
الفلسفة	35
اقتص	35
ثانيها	35
تعطي	35
اخرى	35
مواقع	35
اشتراك	35
رسلا	35
ننظر	35
بحد	35
ضعفاء	35
فعلمت	35
تعال	35
المقبل	35
تفسيرها	35
وسم	35
عقول	35
خروجها	35
تشترط	35
إننا	35
وحملت	35
بكتابه	35
يبتدئ	35
حاصلا	35
أزواجهن	35
للأرض	35
العصيان	35
للعلماء	35
كرمان	35
والنقل	35
العقيقة	35
تعميم	35
لطائف	35
المعارج	35
نزعه	35
والإنسان	35
حركات	35
أطرافه	35
جزية	35
فطاف	35
قرا	35
مفيدة	35
الأشقر	35
أتباعه	35
يدين	35
زكرياء	35
الغافر	35
ذيله	35
سنجر	35
وثمود	35
نكاحا	35
واشترى	35
المتقي	35
الإضمار	35
ويأمر	35
فجائز	35
سخر	35
اصحاب	35
وينقص	35
الضرع	35
الآل	35
بوادي	35
مفتوح	35
التفريط	35
أكد	35
الرزاز	35
يطرد	35
بحرا	35
موهب	35
ثلثها	35
مرتضى	35
الانفصال	35
مراكش	35
داعيا	35
عيدا	35
يشبهه	35
الاضطراب	35
شيخي	35
وإياه	35
فارسية	35
باثنتين	35
تأتيهم	35
يأتيني	35
يقنت	35
الغرام	35
سلوك	35
البقيع	35
وصدر	35
عظمته	35
سهلا	35
شافع	35
قرأته	35
يعدو	35
أحجار	35
بجيد	35
تكبير	35
شحم	35
وشعيب	35
المروذي	35
واللحم	35
قارئ	35
مراحل	35
تكفير	35
الارشاد	35
الشاميين	35
بالسماع	35
جذعة	35
بالبعث	35
بصاحب	35
عبارات	35
بابي	35
فرسخا	35
طريقته	35
الرملة	35
صغره	35
الظروف	35
بأربعين	35
المتواتر	35
العقدي	35
مجلدين	35
وغضب	35
حرك	35
وظل	35
الشعور	35
والنجم	35
ويتم	35
بنائه	35
والقطع	35
طفل	35
فحج	35
قبري	34
الصعب	34
لخمس	34
المنة	34
المفاتيح	34
سدرة	34
محمولا	34
وبلاد	34
غزية	34
إبقاء	34
وطاوس	34
الفاجر	34
فعلتم	34
انكسر	34
وأفعاله	34
وأجر	34
غذاء	34
اللائق	34
تميل	34
والعلة	34
يعقب	34
أخطأت	34
مقلة	34
تنفيذ	34
الرداء	34
أيد	34
قر	34
جرجان	34
خلة	34
أعجمي	34
بكلمات	34
ويفتح	34
والسفر	34
زوجت	34
العذرة	34
بإقرار	34
حالك	34
تدركه	34
همته	34
مقامات	34
رأيتهم	34
ضرا	34
يطاق	34
الكنيسة	34
الأخرس	34
الخليلي	34
بإسقاط	34
الظرفية	34
وأنزلنا	34
فيذهب	34
الريق	34
بفساد	34
مفسر	34
وارتفع	34
مقرا	34
اللوم	34
تعبير	34
والحاجة	34
كلمت	34
فتصدق	34
مائتا	34
المعركة	34
السقف	34
رومان	34
الضخم	34
الوشاء	34
يتصف	34
العلائي	34
وأسألك	34
إحسانا	34
وأنشأ	34
المبدأ	34
كافور	34
قومنا	34
ريبة	34
حلل	34
يطل	34
علوان	34
فسخه	34
النسائى	34
بأيام	34
انهزم	34
القامة	34
أعطاك	34
بعرض	34
القابلة	34
يؤذي	34
أشرت	34
التكاليف	34
شئنا	34
أتبعه	34
النخيل	34
نبيذ	34
فرسان	34
وأسامة	34
وردا	34
سيره	34
وأدرك	34
العتمة	34
ورأيته	34
مقابله	34
يهم	34
يلونهم	34
والمعتزلة	34
الگلپايگاني	34
والحيوان	34
التدليس	34
الجوزجاني	34
جزاكم	34
ينصر	34
وتظهر	34
حسبنا	34
يستأذن	34
وفسره	34
والروض	34
المثبت	34
الخشني	34
مملكته	34
المتواترة	34
وكعب	34
فأعطى	34
دوني	34
وبات	34
اصطفى	34
حقيقتها	34
المعمول	34
يبرح	34
خفة	34
عاجلا	34
ونفسه	34
نهاه	34
راكعا	34
السقي	34
والأصحاب	34
والترك	34
الثمرات	34
الكأس	34
خبزا	34
والمعاصي	34
الشواهد	34
الحشفة	34
بشاة	34
مجلز	34
يسكت	34
درست	34
البقاع	34
وكرمه	34
والعدد	34
المخصص	34
ويمين	34
فمما	34
ينتفي	34
مضغة	34
مشاهير	34
النسوة	34
مستمر	34
يذم	34
الداودي	34
قررناه	34
يأخذوا	34
بويه	34
بأنك	34
شم	34
مستعملا	34
أعناق	34
مصابيح	34
بساط	34
وحرمة	34
الفسطاط	34
يبيح	34
دخان	34
الرضوان	34
للولي	34
موتا	34
أغلظ	34
المهملتين	34
لرسوله	34
الضياع	34
وأنواع	34
بأخبار	34
قيراط	34
سكة	34
والوقت	34
فتوجه	34
اشتر	34
هواك	34
ويميت	34
أمرهما	34
وتردد	34
المعرف	34
دلالتها	34
الروذباري	34
الخضراء	34
بغض	34
يؤد	34
الضد	34
فحذفت	34
بناته	34
وبيانه	34
البصيرة	34
والخطأ	34
مأذونا	34
لوح	34
ضربها	34
والقصاص	34
المخاطبين	34
فكتبت	34
الخبرة	34
الطحاوى	34
خنزير	34
ثمار	34
والوضوء	34
أدع	34
عهدهم	34
تحلل	34
والزبيب	34
الجب	34
خيرها	34
وعملا	34
وتم	34
وماتت	34
والنسبة	34
غلا	34
إصبع	34
عطس	34
التنزيه	34
تسألني	34
سببها	34
انتهيت	34
والمنافقين	34
الأختين	34
عددها	34
قصيرة	34
المعادن	34
وبأنه	34
ربكما	34
بألفاظ	34
يسرع	34
والعزى	34
لأقل	34
السراية	34
مثلكم	34
الجري	34
اشتباه	34
الصيمري	34
الزيتون	34
والمنسوخ	34
يعرج	34
باردة	34
الخشبة	34
بنسبة	34
الأدعية	34
تقيم	34
الجليلة	34
والأمانة	34
خادما	34
الفضول	34
يرثي	34
أتلفه	34
تؤمنوا	34
شرار	34
غنما	34
مقالات	34
مكانك	34
زوجتي	34
المعير	34
ذاتها	34
بثمنه	34
وفاق	34
الرحيل	34
اذكروا	34
كسرها	34
بائع	34
والتحرير	34
جرد	34
يضاعف	34
ويصدق	34
حفاظ	34
سلط	34
وبقى	34
بالبقيع	34
المبني	34
بيوتا	34
قرع	34
تبعث	34
تعريفه	34
والاستدلال	34
احترازا	34
حفرة	34
فتوح	34
رووه	34
أدر	34
سريره	34
يضرك	34
التشيع	34
تنال	34
فرضنا	34
باقيه	34
الحفر	34
قراء	34
ملجأ	34
يستغني	34
فاحش	34
عصفور	34
جود	34
فيقبل	34
صيغ	34
استحالة	34
محدود	34
تحليل	34
أوسط	34
فيقتل	34
العقب	34
يغسله	34
أغار	34
والاحتياط	34
بالمدرسة	34
بالجناية	34
عميد	34
مخلصين	34
يأتيها	34
الزرقي	34
لقبه	34
وآخرين	34
بالضرب	34
ظريف	34
وتسعة	34
نبهان	34
شيئان	34
فيحلف	34
برقوق	34
عزا	34
نرجو	34
الزعفران	34
يليها	34
رطوبة	34
المخطوطات	34
يراعى	34
النصح	34
المرضعة	34
المتعاقدين	34
نقش	34
المضروب	34
بضاعة	34
مصورة	34
منقطعة	34
الموضوعة	34
ولأهل	34
وردها	34
يبغض	34
يورد	34
ينص	34
نعمل	34
القادسية	34
مركز	34
البشرة	34
مقاصد	34
يدبر	34
وراجع	34
معدوم	34
الصدفي	34
المهدى	34
عمها	34
ثراه	34
بالتيمم	34
فتحا	34
قرون	34
أسس	34
النتيجة	34
المتعدي	34
كذاك	34
ذباب	34
التنور	34
ويد	34
القبل	34
حنان	34
بالشر	34
يحاسب	34
اشتراطه	34
والفقر	34
يحق	34
ضاقت	34
والزرع	34
ماشية	34
المؤنة	34
الخارجة	34
يستوفي	34
المتأخرون	34
لغوا	34
مثلثة	34
إخباره	34
الظاء	34
العمرى	34
فرحون	34
عزيزا	34
أرسلناك	34
تكفر	34
شاطئ	34
وبيده	34
بزيد	34
حربي	34
يفنى	34
قسط	34
وضبطه	34
شوقا	34
التأويلات	34
وباطنا	34
اللفظين	34
عبيدالله	34
ليأخذ	34
بالحجة	34
ذاكرا	34
صيامه	34
النعام	34
واستدلوا	34
قائلون	34
معتبرا	34
شامة	34
براء	34
يحس	34
ولسان	34
توجهت	34
والطعام	34
يتمثل	34
والتكبير	34
عج	34
المفارقة	34
وقر	34
ينهض	34
صرد	34
فتن	34
الصنم	34
الشعثاء	34
المقدور	34
والفرض	34
ملكوت	34
السيارة	34
واحدتها	34
واختلفت	34
سعي	34
أحرار	34
والدخول	34
انتفع	34
أرضهم	34
قعدت	34
مسير	34
خلدون	34
الحارة	34
بلادنا	34
كفة	34
زيادات	34
الفلق	34
فاكهة	34
يجتمعون	34
وبحمده	34
بأسانيد	34
مغول	34
فيعمل	34
حتما	34
والضعف	34
الافعال	34
يعز	34
الناطق	34
والثمن	34
اشتدت	33
اللغوية	33
الأديم	33
الذبيحة	33
أعوام	33
وللحديث	33
المبحث	33
جهرا	33
القواد	33
ريحانة	33
المورد	33
والتاريخ	33
بنوه	33
متقدما	33
بالإقرار	33
الكيس	33
والضم	33
عصب	33
بأصحابه	33
الداخلة	33
مزينة	33
سعيدا	33
ففرق	33
السرح	33
خائف	33
نعمتي	33
آلهتهم	33
للآية	33
بالوصية	33
صنعوا	33
أثرها	33
يسكنها	33
الحويرث	33
والشين	33
للمرتهن	33
أمشي	33
فبدأ	33
بالفرض	33
خياره	33
الواسعة	33
للقول	33
صفوف	33
حركته	33
علمية	33
وندب	33
شاس	33
أرواحهم	33
فوضعت	33
الحافر	33
للشك	33
وباسناده	33
حلا	33
وجهل	33
بالجملة	33
القطعي	33
رجعا	33
والسلاح	33
يثاب	33
ديات	33
والدة	33
خالفوا	33
حملنا	33
ورجعت	33
طريقان	33
فبما	33
حرق	33
القريبة	33
أسنانه	33
الانعام	33
إحسانه	33
أغنياء	33
والمحبة	33
بزوال	33
يشاهد	33
الآجري	33
الأعلم	33
جاريا	33
بالوصف	33
شرطها	33
جزع	33
الأوهام	33
والأيام	33
فرضي	33
محفوظا	33
ويبين	33
أترى	33
حديثين	33
اخراج	33
استويا	33
حمامة	33
انصرفت	33
افترض	33
وثاب	33
يود	33
جليلا	33
يعرب	33
قاضى	33
منتف	33
عاصيا	33
وعباس	33
توكيل	33
الفاسقين	33
فيدل	33
وحكمة	33
المدنية	33
سلول	33
والمرسلين	33
وآخرها	33
الوقائع	33
فعبر	33
والرأي	33
فسبحان	33
والإخلاص	33
السفل	33
فأولى	33
الطلاب	33
وإزالة	33
جوع	33
بأني	33
الحمير	33
مختلفا	33
مراجعة	33
ويقسم	33
للمسافر	33
والذهب	33
ناطق	33
فكنا	33
والخلاصة	33
زعمتم	33
وقبره	33
أبق	33
بذنب	33
مطهر	33
مشارق	33
وحجاج	33
والكتب	33
متوجها	33
العرفان	33
باتباع	33
السعادات	33
أحال	33
لومة	33
بالعهد	33
حقوقهم	33
الإصبع	33
العامي	33
مقدمته	33
مفلح	33
انتظار	33
البعثة	33
ورواها	33
وانتفع	33
بالزاي	33
يلتمس	33
لكنت	33
العملية	33
الآمل	33
زدني	33
وبينا	33
المنازعة	33
حضرموت	33
الإقبال	33
والحجاز	33
الخضوع	33
دافع	33
فأعاد	33
الجحفة	33
لأجلها	33
اشترك	33
التضعيف	33
تضمين	33
ظفرت	33
المرعى	33
ويوجد	33
وعطف	33
حمدويه	33
نحاس	33
بأشياء	33
اللاه	33
بروح	33
أرق	33
واثنان	33
تمس	33
بعدكم	33
وأمكن	33
الفعلية	33
مصغرا	33
وضيق	33
حديثهم	33
اللبيب	33
أعان	33
ينتج	33
القلانسي	33
وواحدة	33
المجاورة	33
أموالنا	33
بهجة	33
حججت	33
هاد	33
الحبال	33
تبق	33
سفل	33
وطبقته	33
خود	33
وأقوى	33
الأضاحي	33
عشري	33
هبط	33
الغلو	33
مطابق	33
اجتناب	33
بخيبر	33
مساويا	33
حلوا	33
ورع	33
بصرى	33
القواريري	33
مشي	33
ملائكته	33
يعطف	33
ترجح	33
الإشراك	33
البستي	33
الاستيلاء	33
دهره	33
المطلع	33
يعترف	33
السيدة	33
مختصا	33
الرشاد	33
يرخص	33
لينظر	33
والرسل	33
وجنة	33
بالسوء	33
والمؤنث	33
نكتة	33
يقيمون	33
بأنا	33
التوجيه	33
غفار	33
خرب	33
نسخته	33
لالتقاء	33
ماجد	33
يلوح	33
عودا	33
بالنبوة	33
الفرسان	33
يعتذر	33
أد	33
زيادتي	33
أديم	33
وذريته	33
والنشر	33
رجوعا	33
طبرستان	33
واعتمد	33
التيسير	33
مانعة	33
فحق	33
فقده	33
حذو	33
التسعين	33
وتعذر	33
تقربوا	33
متنا	33
النسل	33
شراحيل	33
ملحق	33
شرابا	33
فأطلق	33
التوسل	33
الصالحون	33
تأخيرها	33
وعرفت	33
بتاريخ	33
بإسلامه	33
خبيرا	33
الألقاب	33
خائفا	33
أغلق	33
السمين	33
نفسى	33
والعسل	33
المكاسب	33
وتوقف	33
معتاد	33
حوض	33
قدام	33
المريد	33
بظلم	33
وعجز	33
جابرا	33
دارت	33
فلق	33
الثقيلة	33
الأشبه	33
سفه	33
لمنع	33
الشقاء	33
يؤجر	33
وثوب	33
لترك	33
العضد	33
أتاكم	33
يخدم	33
المرتفع	33
أنشدك	33
عقابه	33
بحب	33
مغيث	33
ساروا	33
العهود	33
قسمه	33
بتمام	33
بلزوم	33
ثبات	33
فأرسلت	33
صلينا	33
أسنده	33
للموكل	33
يلقاه	33
أخلاقه	33
تكمل	33
الجدل	33
اعتكاف	33
الأوصياء	33
الأحيان	33
استعار	33
وترا	33
وجائز	33
الطرسوسي	33
الأحباب	33
غنام	33
الظبي	33
تعبدوا	33
وحذيفة	33
الأرقم	33
بالطهارة	33
مستحبة	33
صقر	33
زنكي	33
كنى	33
نصبت	33
السموم	33
المطيع	33
بقلة	33
يكونان	33
والتوبة	33
فأهل	33
الكائن	33
مخصوصا	33
يجزى	33
اليقظان	33
الافتتاح	33
وقليل	33
أيمان	33
التأبيد	33
يبصرون	33
واغفر	33
المثاني	33
كيوم	33
الكلى	33
والظن	33
موطن	33
حربا	33
أتاها	33
تصديقه	33
بمد	33
الان	33
وعقبة	33
تأول	33
ومجمع	33
مباحة	33
فيحكم	33
المأمومين	33
تأمر	33
عادوا	33
ويعود	33
وجدي	33
معدودة	33
أضحية	33
ظهار	33
وسنذكر	33
للحرب	33
يفلح	33
تدعوا	33
بالبركة	33
لعمل	33
أية	33
والبدن	33
فيء	33
المعاصرين	33
جملته	33
وانفرد	33
بالقرعة	33
الرشيدي	33
عدله	33
المحتال	33
ينحر	33
الملكة	33
فأجاز	33
معنيين	33
لزومه	33
قزوين	33
صدرا	33
الخاطر	33
نعتا	33
النماء	33
الأولوية	33
كلامي	33
المفاسد	33
والصاد	33
التحرز	33
وغدا	33
مستقبلا	33
الخيرة	33
فأمسك	33
ينجو	33
حسد	33
معلومات	33
قابلا	33
بدراهم	33
وحاشية	33
توكلت	33
ثيابا	33
كتم	33
ويسأل	33
الأعز	33
للعباد	33
لفاطمة	33
المحمل	33
منصوبة	33
العشق	33
الركاب	33
ولسنا	33
تنفذ	33
والظفر	33
القوانين	33
طور	33
الطائفي	33
اليمني	33
المتضمن	33
تالله	33
يعجب	33
برأي	33
وبقاء	33
مكاتبا	33
الرمادي	33
الخطوب	33
أسبابه	33
وحكمته	33
شاهده	33
فاليوم	33
قدمها	33
منزه	33
وصيا	33
الاسلامية	33
ينعزل	33
أهوى	33
تحسبن	33
يسعه	33
السلسلة	33
وبغير	33
معسر	33
جدك	33
يلبسه	33
وشاهد	33
الطباطبائي	33
ثنى	33
كائنة	33
مضاربة	33
بالظاهر	33
المكتري	33
ورزق	33
عصابة	33
النزع	33
ابا	33
والطواف	33
خاب	32
الفخذ	32
بكسرها	32
الشاشي	32
الثقيل	32
إي	32
لكني	32
لقمة	32
يعرفوا	32
مقرونا	32
هيهنا	32
أوردها	32
فاشتد	32
وولدها	32
مجاشع	32
البطون	32
طابت	32
عراة	32
للقتل	32
آثر	32
للحمل	32
بدلها	32
الشاطبي	32
تشركوا	32
يشترك	32
بالإمام	32
لبعد	32
بالنيات	32
كتفيه	32
الأسفار	32
الرحبة	32
مظاهر	32
الجنود	32
ويحب	32
وعلامة	32
بالسكون	32
ينادى	32
يقلد	32
أخبرتنا	32
بموسى	32
وبلال	32
يقطر	32
مؤثر	32
لعان	32
الممكنات	32
تركتها	32
رأيناه	32
وضعته	32
ذخيرة	32
الفواكه	32
وحملها	32
الأعذار	32
ومنكم	32
كرسي	32
انقلب	32
بحكمه	32
اجزاء	32
المسكن	32
أجبر	32
واضحا	32
أجمعت	32
الحصار	32
بالفضة	32
نقيب	32
تأكلون	32
تبنى	32
تمضي	32
فاقتتلوا	32
يعنيه	32
قراءتها	32
الرفيع	32
نعل	32
يشهدوا	32
بسلام	32
التحديث	32
المعاش	32
شب	32
خمسه	32
وصبر	32
المقادير	32
بليغا	32
امتناعه	32
والهوى	32
أعطاهم	32
مذكورا	32
بالدار	32
توافق	32
بالأخبار	32
والبغوي	32
مدع	32
يصدقه	32
أرطأة	32
بذله	32
وأوضح	32
قناة	32
برحمة	32
الفائتة	32
أنبيائهم	32
المواقف	32
تدريس	32
الكرة	32
قدوة	32
طس	32
والفاعل	32
تو	32
آمنين	32
الصفراء	32
وبكل	32
صرفها	32
وبحر	32
أهلكنا	32
أطيعوا	32
لصاحبها	32
إمساك	32
العصب	32
تنام	32
ينطلق	32
لسعد	32
فعول	32
الاستيلاد	32
الوليمة	32
وضعا	32
وتخصيص	32
مجاهدا	32
وشيبة	32
مستلزم	32
لليهود	32
أصولها	32
مارية	32
الطمأنينة	32
للإيمان	32
المشكل	32
ضمنت	32
الحجام	32
ذوى	32
الزحف	32
الفارق	32
والحلم	32
والأخلاق	32
أقواله	32
مستأنف	32
لوارث	32
والشرك	32
ملجم	32
أقاويل	32
جنسها	32
النجاد	32
واعتبر	32
وتعرف	32
شهرة	32
الممدوح	32
والشعراء	32
ومكة	32
يمكنهم	32
الفراوي	32
اليم	32
بعدت	32
متكئا	32
كثيره	32
منعهم	32
خالة	32
تركوه	32
والاجماع	32
الإنزال	32
وشيخنا	32
غدت	32
كقولنا	32
مالت	32
إيش	32
تا	32
كفي	32
والشدة	32
بجانب	32
أصابوا	32
الموعود	32
وصوابه	32
عثر	32
قدرنا	32
بنار	32
جوده	32
بحج	32
فهنا	32
صاد	32
وأشرف	32
ميثم	32
بشعر	32
يعلمهم	32
العنان	32
وأوله	32
ديتها	32
يهتدون	32
ذكري	32
والعجم	32
العذري	32
انتظر	32
ومدح	32
والذى	32
أفواه	32
أحلى	32
لؤلؤة	32
ساعته	32
الاستقرار	32
هول	32
وظنوا	32
والنذر	32
حضير	32
وطعام	32
كلكم	32
فاجتمعوا	32
رطبة	32
غريم	32
صفد	32
ملئت	32
يبلغوا	32
مناط	32
انطلقوا	32
شيعتنا	32
الاعتذار	32
يتفرقا	32
التونسي	32
عامرة	32
حماه	32
معدي	32
والمختلف	32
كلامك	32
تتغير	32
أولوا	32
تباعد	32
الأبعد	32
والبحث	32
وضبط	32
شرحها	32
مختصره	32
مطرد	32
الصليب	32
أردتم	32
التسع	32
أجرته	32
والدية	32
أصواتهم	32
بقعة	32
الحمامي	32
شوك	32
بصاحبه	32
الممتحنة	32
فالمشهور	32
إناثا	32
إحداث	32
استبراء	32
تصيب	32
أزواجهم	32
الصب	32
اضطرب	32
الضمائر	32
غلمان	32
يزيدون	32
بالطبع	32
لنفس	32
أروى	32
بالجهل	32
ويتصدق	32
يفترون	32
فتحه	32
استخراج	32
والنظم	32
فترى	32
وأشباه	32
إقبال	32
يباشر	32
متكلما	32
الديانة	32
والعدة	32
فاضرب	32
المعمور	32
أبواه	32
يزالوا	32
هدر	32
نقلته	32
الأقلام	32
يمنعون	32
بقلم	32
يحذر	32
تغسل	32
والباطن	32
والتخفيف	32
مرد	32
المشتملة	32
أناسا	32
وزيرا	32
أحبك	32
والعافية	32
ين	32
فخاف	32
وزوجته	32
وكمبا	32
العوالي	32
يفارقه	32
المعنوي	32
بالتقوى	32
بالصاد	32
مؤنث	32
الأخيرتين	32
الضابط	32
يتب	32
لحفظ	32
لقطة	32
معاذا	32
مبلغا	32
الجحدري	32
المجيء	32
مشارك	32
الحريق	32
بطني	32
أسلوب	32
زنجويه	32
بادر	32
فاعتبر	32
سجستان	32
البينونة	32
صدقات	32
والشاهد	32
التحمل	32
الأغسال	32
يحقق	32
للتبعيض	32
بينات	32
وحيا	32
مرارة	32
الأجساد	32
نسخا	32
ثانيهما	32
الأبهري	32
ضارب	32
خفيه	32
أديت	32
والوزن	32
مفسد	32
مجردة	32
الزهراني	32
ومسألة	32
الخطيئة	32
منتخب	32
ظلال	32
ألقت	32
فرصة	32
وأريد	32
وأجرى	32
يؤيده	32
ولقبه	32
بشاهد	32
البائن	32
التصغير	32
التبعية	32
عدوان	32
المعول	32
الانكليزية	32
نأكل	32
فرضها	32
الأخص	32
جئتك	32
أخوات	32
ماهان	32
قالون	32
يستجاب	32
الرفاعي	32
ضلالا	32
مجراه	32
عدوكم	32
أنفقت	32
يبن	32
يجلد	32
طبعا	32
ويستعمل	32
آتيك	32
عبدالملك	32
ونصه	32
معناهما	32
معيبا	32
احتجم	32
وزيره	32
وأنعم	32
التحالف	32
ويهدي	32
دارم	32
المفيدة	32
راضيا	32
خوفه	32
والمرض	32
المغنم	32
مطولا	32
الشخير	32
منهال	32
نضلة	32
التحديد	32
رسولك	32
مناديا	32
العليل	32
المجوسي	32
شريفة	32
مهم	32
بخمسمائة	32
الأمران	32
عقدت	32
مريدا	32
جم	32
وليعلم	32
الجبان	32
اعتمادا	32
حركتها	32
معصيته	32
وصدقة	32
جرحا	32
بالفرق	32
شيرويه	32
خلفي	32
لسنا	32
إخواني	32
لذات	32
فاجر	32
ويصلح	32
أتدرون	32
وطاعته	32
ونية	32
فوجدنا	32
ضمنها	32
مائدة	32
السابقون	32
والخمسون	32
الارتفاع	32
ولقب	32
بغدادي	32
الفعال	32
يقص	32
هلاكه	32
شرحا	32
الجدي	32
البروجردي	32
المغاربة	32
الدجاج	32
فانتهى	32
رجس	32
يحملون	32
بقدرته	32
ليدخل	32
فأصابه	32
رفيقا	32
رفيق	32
المدخل	32
واشترط	32
يوضح	32
بكيت	32
تربية	32
البليغ	32
الانقياد	32
تهدي	32
الرحى	32
حصى	32
واديا	32
وسعها	32
مشغول	32
محذورة	32
شاذة	32
قبيحة	32
مؤجل	32
طبعت	32
تعيينه	32
المر	32
ويطلب	32
والصبح	32
تل	32
لموت	32
والمغيرة	32
بقاؤه	32
سرقت	32
مجيب	32
بالغداة	32
تضلوا	32
الفاكهة	32
مقصورا	32
خطابا	32
المدفوع	32
بطونهم	31
ريحها	31
لأمتي	31
فروي	31
يشبع	31
القلع	31
وخوف	31
نذرا	31
التخريج	31
رائق	31
اشتركا	31
الفرصة	31
وأمن	31
المتين	31
مجتمعين	31
الوهاج	31
نظروا	31
رحمها	31
عصرنا	31
والربع	31
الكلالة	31
تنجس	31
بقتال	31
عداها	31
أقامت	31
ويسمع	31
استقل	31
لعنهم	31
دعواهم	31
وتفصيل	31
عريانا	31
المحنة	31
الآي	31
كبائر	31
وأحاديث	31
فلس	31
يقابله	31
فأنى	31
بظهر	31
وههنا	31
تروك	31
بوضوء	31
بزر	31
شعاع	31
النافعة	31
يتحمل	31
والثوب	31
يتقيد	31
يحفظه	31
ذكورا	31
المبهم	31
قصته	31
وأظن	31
الألفية	31
ارتكب	31
لعظم	31
شبابه	31
التغليظ	31
الأسرى	31
شوكة	31
فضلة	31
يزرع	31
فاقتلوه	31
فإذن	31
متقارب	31
بشدة	31
إرساله	31
بأهلها	31
يحفر	31
وتصرف	31
اللمس	31
وقيده	31
اعتبارها	31
رآهم	31
أرسلني	31
نجار	31
دقائق	31
تضم	31
الأظفار	31
الحالات	31
فأعتقه	31
فورك	31
صبغ	31
أداة	31
مقرر	31
والشارح	31
فضول	31
عمارا	31
الزبد	31
ونهارا	31
لاجتماع	31
فيعتق	31
الدرك	31
باد	31
القوافي	31
أفاء	31
تقية	31
فرفعت	31
صادف	31
بالشيخ	31
يمحو	31
لقلت	31
واشربوا	31
وبصره	31
وأكمل	31
والصلح	31
بالشين	31
الأحسن	31
أضاء	31
صوره	31
للنظر	31
لمذهب	31
ثبتا	31
ومعي	31
تعطيل	31
العباسية	31
لكمال	31
والنوم	31
فابن	31
وعزم	31
ومسند	31
لونها	31
بنان	31
ينشر	31
القوية	31
البقل	31
دينها	31
منفعته	31
فأخبرهم	31
برة	31
نسبت	31
مجيئه	31
مشروطا	31
لبنى	31
الفجار	31
بإخراج	31
مذحج	31
وقولي	31
الجمهرة	31
سهلة	31
جعلوه	31
ومالي	31
المنقولة	31
خصما	31
والقبض	31
الإفرنج	31
السماوية	31
المعيب	31
فعلان	31
فالحاصل	31
العتاهية	31
التفكر	31
وأدى	31
عمرته	31
يهجو	31
برضا	31
راوية	31
حثمة	31
الإنذار	31
قابوس	31
آراء	31
الاجتماعية	31
وناب	31
الولايات	31
عبدين	31
الحالية	31
تؤكل	31
والأخ	31
يسهم	31
لرفع	31
أعاده	31
للكل	31
يحزنون	31
حارث	31
وحفظه	31
فنقل	31
بالتصرف	31
المؤجل	31
وأصبحت	31
يتحلل	31
باسمك	31
محسنا	31
الأذنين	31
ينبغى	31
جاهلي	31
الحدثان	31
العصاة	31
يسب	31
فائدته	31
هاني	31
قاطبة	31
المشتبه	31
الأسبوع	31
يجلب	31
خلوة	31
التجوز	31
الشراح	31
قف	31
صنعته	31
السرج	31
أعطني	31
راو	31
مصلاه	31
للزكاة	31
ومعناها	31
ذبحها	31
والأحوال	31
خارجه	31
كليا	31
فرجعوا	31
فسألوه	31
ايام	31
الاستغراق	31
أدراك	31
حبها	31
فعرفت	31
والثلاثين	31
فكلمه	31
السرايا	31
مناسك	31
العمة	31
المحققون	31
سماحة	31
معدود	31
يقصده	31
ولابد	31
قولويه	31
عاطفة	31
كرد	31
سنذكره	31
رضوا	31
والمجد	31
ضالة	31
وسد	31
يطرح	31
فدفعه	31
خيمة	31
حاشيته	31
اجماعا	31
والوجيز	31
يخفي	31
الاستغناء	31
تراني	31
نخلا	31
الصعود	31
وسقطت	31
أقضي	31
والآداب	31
تبيع	31
وحديثا	31
الياس	31
يتوقع	31
برماوي	31
شياطين	31
موسر	31
التعلم	31
موجبات	31
ومعجم	31
آتاكم	31
نفيسة	31
شين	31
الخيام	31
وآثار	31
حنش	31
عقدها	31
سوطا	31
وحرف	31
والحاء	31
واحترز	31
المفلحون	31
الأحجار	31
يناقض	31
الشحامي	31
الأشهل	31
طمعا	31
والثياب	31
مجملا	31
بالذين	31
الشطر	31
ووجوه	31
دلف	31
مائتان	31
اللفظي	31
للعقد	31
بقلعة	31
هامة	31
نهوا	31
مرار	31
مقامي	31
هذي	31
بالأمور	31
الغريبة	31
رجز	31
قاف	31
يستأجر	31
ردته	31
المباحة	31
الجميلة	31
لعشر	31
فرائد	31
نجاسته	31
يؤتيه	31
مقالته	31
ورجليه	31
مكررا	31
بياضا	31
اعتدى	31
هجرته	31
فالبيع	31
الموسر	31
الحط	31
أراكم	31
الركبان	31
وكرم	31
ذخائر	31
سقت	31
أصبع	31
مؤكد	31
دمياط	31
تحزن	31
والمؤمن	31
زدت	31
سليمة	31
اعتبرت	31
المخففة	31
يرونه	31
فتاويه	31
سنقر	31
المنابر	31
شاؤوا	31
محمل	31
بالتصغير	31
سترا	31
حاز	31
مبيع	31
وإيتاء	31
طرا	31
حس	31
يقتدى	31
بالإحسان	31
يطبخ	31
رقيقة	31
والرسالة	31
فوجدوا	31
العصابة	31
كلفة	31
الموانع	31
نقدر	31
بالأعمال	31
الانتقام	31
الافراد	31
الراح	31
الهزيمة	31
أقله	31
أنهن	31
الوعاة	31
زبد	31
بالرحمة	31
والعتاق	31
بالمثل	31
بالإمامة	31
وبرة	31
رجعية	31
ودعاء	31
فكأنهم	31
مشاهد	31
بستة	31
وكالة	31
ينفعك	31
السلاطين	31
قفل	31
الأخوات	31
والثانى	31
فنام	31
فنهى	31
مرضي	31
إثباتها	31
الأثناء	31
يهدم	31
بفلان	31
بالدية	31
أبر	31
وتغير	31
صنفه	31
كرامات	31
والرهن	31
حذفها	31
حبر	31
طوق	31
لباب	31
تقوية	31
الخوض	31
بعدة	31
الزراعة	31
والاستثناء	31
أخرت	31
احفظ	31
قزعة	31
ونصفا	31
فأقل	31
وجدتم	31
والتوفيق	31
غربي	31
الفريق	31
كفرح	31
ضيقا	31
فضلها	31
مناقبه	31
ودفعه	31
زبان	31
أخماس	31
نعمان	31
المؤخر	31
والمريض	31
وأشهب	31
والميسر	31
يصيح	31
تعديل	31
كمه	31
الذوق	31
أمرتك	31
ولازمه	31
تفوت	31
المرجئة	31
وضربت	31
يضرهم	31
وزكريا	31
ضياع	31
الاسرار	31
الخميني	31
وجهت	31
قبلا	31
مقول	31
بادية	31
قلاوون	31
تتبعوا	31
أصم	31
طفلا	31
بالنصر	31
مكروهة	31
ورسم	31
مخرجه	31
القسري	31
والنص	31
جهز	31
العترة	31
ميدان	31
كسره	31
القسط	31
والأخت	31
بالعدد	31
نأتي	31
غزو	31
فمال	31
عالي	31
واليه	31
الغرباء	31
والإضافة	31
يضربون	31
عليين	31
أقيموا	31
فمنع	31
شياه	31
بشكوال	31
الميمون	31
الحطيئة	31
يبعثون	31
وسير	31
توعدون	31
تهوى	31
أخبارهم	31
والدراهم	31
القاعد	31
الظواهر	31
فلزم	31
بأطراف	31
غنائم	31
الجماعات	31
تكبر	31
إدارة	31
بلدا	31
يعالج	31
ثنتان	31
الركعات	31
نصل	31
والصحاح	31
تحققه	31
لكونهم	31
يسقي	31
فلاح	31
الحميم	31
عافية	31
شيعته	31
الزكي	31
منسوبا	31
الهدايا	31
الحصون	31
الإلزام	31
مشركي	30
اللئيم	30
والحب	30
مستقرا	30
ينفصل	30
يفسره	30
الأقرع	30
آمد	30
والمسلم	30
بالأخذ	30
والكبر	30
حباب	30
بالسند	30
ويفهم	30
تفهم	30
بإرادة	30
غسلا	30
فأصبحوا	30
والنهى	30
وقصة	30
وأطال	30
الخاسرين	30
النعاس	30
احد	30
فرادى	30
العمران	30
المغضوب	30
ونبه	30
المبدل	30
آخران	30
قوليه	30
لمولاه	30
واجتناب	30
دارنا	30
بثوبه	30
فيكفي	30
لسليمان	30
للكافر	30
بحساب	30
للهجرة	30
غريمه	30
صداقا	30
بإظهار	30
قتلنا	30
شرها	30
وأشهر	30
بالدال	30
الجلود	30
لسبب	30
لحرمة	30
وقولنا	30
والقلم	30
عنزة	30
ريال	30
متأخري	30
أقروا	30
دعني	30
ويصلى	30
والقائل	30
النفيلي	30
يلبي	30
بعرفات	30
نويت	30
يظفر	30
الألواح	30
اسود	30
النوعين	30
وبمعنى	30
المصنفين	30
الثدي	30
فرجة	30
يرشد	30
تقابل	30
أسقطت	30
المنجم	30
القوسين	30
تفصيله	30
ذاكر	30
عطش	30
الجزائر	30
زعيم	30
الغيم	30
العرس	30
تضمنته	30
الهدنة	30
فبنى	30
جيشه	30
للرحمن	30
الوفد	30
وأضاف	30
مائها	30
شغله	30
اللاحق	30
ومقتضاه	30
العميد	30
وثمن	30
الباشا	30
أنبيائه	30
الإعطاء	30
حروب	30
تجعله	30
تورث	30
مبهم	30
يمسي	30
وبدأ	30
وأمرت	30
أفعالهم	30
وأسند	30
عفراء	30
بولاق	30
منصوص	30
الاستئجار	30
محققا	30
الكفين	30
بسام	30
محذوفا	30
والنعمة	30
قصدوا	30
يسرا	30
داوود	30
مهمة	30
وأنكره	30
نادرة	30
المعروفين	30
اللقب	30
القبح	30
الحسبة	30
سادة	30
سباع	30
حبيبي	30
وزال	30
محيصن	30
تعريض	30
طاعتك	30
الويل	30
تضعيف	30
وانهزم	30
فأنشأ	30
المباشر	30
طبعاته	30
التحريف	30
مشروعة	30
وحش	30
ضميره	30
وتفرق	30
شركا	30
ويجلس	30
لمثله	30
أجنبيا	30
اليهم	30
دمع	30
يعدون	30
برجال	30
يعدم	30
ينقضي	30
مرابحة	30
المحتمل	30
الخفية	30
يطيل	30
لتحصيل	30
ولعمري	30
جراحة	30
كور	30
مشكاة	30
ساقها	30
للمجهول	30
رئيسا	30
تشرك	30
لأخذ	30
ويحتاج	30
الحماسة	30
صلاحها	30
وأنفق	30
الإتلاف	30
فراشا	30
للعقل	30
تصدقت	30
يستأنف	30
بزمان	30
اللؤلؤي	30
مؤمنون	30
ليزيد	30
مميز	30
غلطا	30
بهؤلاء	30
المسؤول	30
وهبة	30
إجمالا	30
يعذبهم	30
فعسى	30
المرزباني	30
النبل	30
فصيام	30
أعدت	30
الإعجاز	30
اجتماعهما	30
توحيده	30
الريبة	30
يترجح	30
مجلدا	30
فاذهب	30
ورأي	30
لوجهه	30
صابر	30
أكملت	30
لينة	30
تفعله	30
المنكرات	30
الزركلي	30
يتلف	30
إخوان	30
توسط	30
لمعرفة	30
فأكلوا	30
الفأرة	30
الخالة	30
إعانة	30
أبطأ	30
ويعيد	30
للتعليل	30
جلة	30
وذكرها	30
ويستثنى	30
الدلال	30
لتأكيد	30
بالحسنة	30
البحيرة	30
إبلا	30
بوجوده	30
عقال	30
ليعرف	30
حقيقية	30
مؤكدا	30
قاتلهم	30
القافية	30
جزافا	30
لينا	30
تنصب	30
بأبيه	30
تحد	30
المضمومة	30
السوط	30
مصيب	30
ابتلى	30
أغمي	30
المسلك	30
لخوف	30
لوجهين	30
وبال	30
يزكي	30
تقبض	30
يبع	30
ينبه	30
أفلس	30
المحذور	30
جوازها	30
للمصنف	30
أصلحك	30
تجلس	30
مسرة	30
بالقطع	30
بغيا	30
لأنهن	30
الخصمين	30
مقابر	30
حقنا	30
ائت	30
بنجاسة	30
خلقناكم	30
ذنبك	30
والنبات	30
بالسواد	30
الباردة	30
تهب	30
المكذبين	30
الجاه	30
فاستوى	30
غيرة	30
إقليم	30
فعلية	30
شريفا	30
الفضاء	30
بمشيئة	30
المعتمدة	30
فالصحيح	30
ظبي	30
فعليكم	30
الأحمسي	30
جري	30
اللحد	30
وليسوا	30
فسرت	30
مقامها	30
موثقة	30
بحصته	30
ويسر	30
كافرة	30
والولاية	30
وبحمدك	30
سدير	30
صبرة	30
للابن	30
اعتذر	30
الغليظة	30
اشتقاق	30
الأمعاء	30
المراكب	30
بع	30
فتصح	30
يمنعني	30
وجمال	30
وبلغت	30
تأكله	30
بالعرف	30
الطراز	30
شدد	30
كفايته	30
دعلج	30
جانبي	30
ظلمهم	30
وبدل	30
موضوعه	30
باتت	30
حسبت	30
الذاهب	30
يتولد	30
يسكر	30
المتضمنة	30
التتر	30
وسوف	30
الريب	30
عيانا	30
المقارنة	30
التربة	30
الخازن	30
ومحبة	30
النجيب	30
مظلم	30
لولد	30
كش	30
مباركة	30
جبينه	30
سعر	30
شهوته	30
مفعل	30
يدفعها	30
يلقون	30
الصيحة	30
لحية	30
والتعليم	30
والتحريم	30
التطويل	30
فرب	30
سوقة	30
متواضعا	30
وإجماع	30
آباء	30
ذبيحة	30
معترضة	30
يصنعون	30
وعدي	30
ائذن	30
ذراعيه	30
التلفظ	30
المظهر	30
الدبري	30
إضافته	30
نعامة	30
انهما	30
الكرامات	30
مرتدا	30
بالحياة	30
إفساد	30
تبريز	30
المهد	30
أحمل	30
والعادة	30
الواطئ	30
مشركين	30
دعوتهم	30
القهر	30
والفراء	30
الشعوب	30
فدك	30
عداد	30
التحري	30
منافعه	30
إبن	30
قهر	30
دارك	30
وشيء	30
بأحكام	30
السببية	30
يفهمه	30
المجردة	30
الايجاب	30
والصادق	30
بمضي	30
أحلت	30
أجابه	30
النادر	30
الاذان	30
وأقيموا	30
نطقت	30
كرهوا	30
حوائج	30
وعسى	30
الخفيفة	30
يتحرى	30
ايها	30
يتيقن	30
بانتفاء	30
غازيا	30
ام	30
الأرزاق	30
الجدال	30
الجلاب	30
يفرح	30
سادات	30
رديء	30
سرورا	30
والخزرج	30
غلبه	30
والشرائع	30
الجوني	30
طرفيه	30
أوصافه	30
الأعصار	30
العرفي	30
المقصودة	30
وجنوده	30
وعدهم	30
بالقلم	30
الشوك	30
بحمص	30
نحره	30
الأنصارى	30
والدعوة	30
وعيون	30
منكما	30
ودهن	30
فأعتق	30
مستتر	30
أربابها	30
لقبول	30
طيبات	30
يمنعها	30
الباطنية	30
الأجناد	30
حضروا	30
أنفسهما	30
اليسع	30
الحلقوم	30
حائضا	30
منفصل	30
يشغله	30
الأعداد	30
الإسفراييني	30
الزلزلة	30
ركبته	30
التصوير	30
والفاضل	30
الإفادة	30
متقاربة	30
يزور	30
يضحي	30
الفقار	30
خضرة	30
حجا	30
أطلقت	30
ونسبة	30
الباعث	30
ويغسل	30
عزير	30
ميكائيل	30
مالهم	30
ثلثمائة	30
راجح	30
متناهية	30
ألقيت	30
الميدان	30
بالأدلة	30
يجزم	30
كأنهما	30
بوصية	30
يسره	30
يعده	30
الاكل	30
يقطعه	30
جا	30
جمادي	30
فيصدق	30
النقدين	30
نظائره	30
مثلنا	30
قبلته	30
البقال	30
أصبر	30
التفاسير	30
الأخنس	30
سوادة	30
التبليغ	30
وأجرة	30
العمومات	30
الشخصية	30
المواعظ	30
فشيئا	30
شفعته	30
الحيا	30
المهم	30
والحرية	30
برقبته	30
العبادي	30
المقتضية	30
تبدو	29
وأئمة	29
للواحد	29
وفارس	29
قطعي	29
تعقب	29
الألوهية	29
يابسا	29
لإقامة	29
نصفان	29
خيال	29
ثيابها	29
قنت	29
وللشافعي	29
ويعطي	29
خيلا	29
الباهرة	29
الافطار	29
اشتروا	29
ماعز	29
بتسليم	29
وزفر	29
وأنشدنا	29
الفتيان	29
ليوسف	29
المتون	29
يقدروا	29
حلوان	29
يدى	29
الامرين	29
الحصة	29
قدمي	29
عقار	29
وتصلي	29
فيشترط	29
نوعه	29
يحدثه	29
أنفذ	29
وترد	29
إعادتها	29
المقتضى	29
واتخذوا	29
شيطانا	29
تجرد	29
وزوج	29
صدرها	29
صفوة	29
فتارة	29
يلد	29
مستور	29
الإسكندر	29
الهرب	29
والسمع	29
ورجحه	29
بجهة	29
يعطون	29
خلى	29
أنواعه	29
وحدك	29
يستعين	29
أشرب	29
إكراه	29
عزوجل	29
إشبيلية	29
سارت	29
والروايات	29
مخاطبة	29
اتهم	29
المصطلق	29
يستخرج	29
بكمال	29
تكذبان	29
أبدى	29
عاجزا	29
تلفه	29
مهين	29
وأكبر	29
وقضيته	29
عكا	29
المستوعب	29
كتبوا	29
ودخلوا	29
الإقليم	29
الرباب	29
حوى	29
جامعها	29
اغتسلت	29
والعود	29
التحذير	29
والنفاس	29
الكافور	29
الضيافة	29
الأواني	29
آجر	29
حاول	29
افتتاح	29
إبراء	29
المقذوف	29
مغربها	29
والدلالة	29
وسنده	29
وتأخر	29
المقتدي	29
البذل	29
ووضعت	29
الجعدي	29
إدراكه	29
يقضيه	29
للكلام	29
النظير	29
مرضت	29
وغفر	29
أجزت	29
فصبر	29
نثر	29
يأوي	29
ضال	29
اطلعت	29
الركاز	29
مخيرا	29
علت	29
ولسانه	29
التشريع	29
حريم	29
القضاعي	29
وكنتم	29
يمانية	29
عويمر	29
مفيدا	29
برقة	29
أجرها	29
الباغندي	29
أجري	29
ورأوا	29
الفاحش	29
ونهر	29
لازمه	29
المرافق	29
يحملها	29
العطاردي	29
العنت	29
آتاهم	29
الأسلوب	29
يسبحون	29
يبذل	29
بلي	29
وعليا	29
وحقيقته	29
فحين	29
مأمونا	29
بالسؤال	29
كالذين	29
والحرب	29
حكام	29
وجزاء	29
لإطلاق	29
ونعمة	29
الرخاء	29
وتأتي	29
أكثروا	29
العدوان	29
حبشي	29
لإثبات	29
المستند	29
الاسمية	29
صاحبا	29
وساروا	29
للمقر	29
حكاهما	29
سألتك	29
لذوي	29
الدهور	29
قياسه	29
الخصوصية	29
يجمعون	29
بره	29
يشار	29
تخلق	29
ليحصل	29
لأصالة	29
بإضافة	29
الشفع	29
واعتبار	29
يضلل	29
الجيران	29
يتيما	29
أعراض	29
فاشتراه	29
فأبت	29
الضالة	29
مخلوقا	29
بخصوص	29
شكره	29
الغش	29
اليتيمة	29
مزيدة	29
ذنوبهم	29
يقتلوا	29
ثار	29
المؤدي	29
المطعم	29
يفوته	29
أكلا	29
المطهرة	29
مثقالا	29
عقلية	29
الصفر	29
القهار	29
تدعي	29
ولعن	29
المانعة	29
جزى	29
سيوف	29
بأمان	29
الديني	29
اليمامي	29
هادوا	29
كفيل	29
تسبوا	29
والحقيقة	29
بإطلاق	29
يسمه	29
إمكانه	29
دول	29
ويمتنع	29
القرامطة	29
نجاة	29
ضمة	29
معرفتها	29
الجزار	29
الألسنة	29
والدارمي	29
يعزر	29
تخريجه	29
المفسدين	29
يجود	29
فأمرني	29
برهن	29
بالمقام	29
يحرق	29
مثالا	29
والقواعد	29
فبقيت	29
وعدت	29
الآيتان	29
دينية	29
التتمة	29
فرقت	29
حديثها	29
مقرن	29
الرقاق	29
زوائد	29
الخباز	29
المنتظر	29
فمشى	29
العلامات	29
يفد	29
الفلاس	29
يفقهون	29
ويوما	29
وأعجب	29
بالهند	29
تكفل	29
مضافة	29
للسائل	29
ونسي	29
والعدم	29
جهده	29
اكتساب	29
أوراق	29
العقوبات	29
زمرة	29
يرثون	29
سبيلهم	29
بالقوم	29
مشرق	29
جويبر	29
حرمها	29
قرنا	29
شبع	29
تبليغ	29
وعالم	29
ضرره	29
يسألني	29
وروده	29
بالعموم	29
جائر	29
سجدت	29
يقارب	29
مؤنثة	29
اعتكافه	29
وذوي	29
زلة	29
البغل	29
وأولادهم	29
الجارح	29
كفيلا	29
لستة	29
الاكتساب	29
للتنبيه	29
بعيسى	29
شتم	29
سحرا	29
ابنتها	29
والسرقة	29
البهاء	29
وجدناه	29
التراضي	29
التحصيل	29
الفخار	29
بعود	29
الجراحة	29
محصور	29
وقص	29
ينتظرون	29
يغفل	29
واخذ	29
حاكما	29
والتعظيم	29
فالكلام	29
فسكن	29
الأصيلي	29
نسج	29
صوتها	29
شارك	29
والصحة	29
الرئاسة	29
المصنفات	29
لانها	29
صادر	29
ولوا	29
الخرقة	29
المنذور	29
السفه	29
إيه	29
مملوكه	29
الانكار	29
قسمته	29
إقامتها	29
الزبور	29
وآدم	29
فأوجب	29
السائمة	29
نضر	29
وقفة	29
موكله	29
صورتها	29
أفهم	29
يشتبه	29
ينتصب	29
وذم	29
النصيبي	29
حققه	29
المبتدعة	29
قوائم	29
توقع	29
بالذال	29
وترجم	29
شروح	29
والإماء	29
العلق	29
فلحق	29
دعبل	29
المدرك	29
لاستحالة	29
يتق	29
فجميع	29
والواحد	29
المواطن	29
أغير	29
والصورة	29
لمدة	29
بحرمة	29
وكأنما	29
كبش	29
وأرادوا	29
برقان	29
بصريح	29
وبخلاف	29
والسلامة	29
الأسارى	29
وصيه	29
بظاهره	29
السقطي	29
الذلة	29
فرقوا	29
وقذف	29
أحدثك	29
تلامذة	29
الأعناق	29
خسف	29
فحول	29
قرني	29
مبحث	29
ويتوجه	29
وللآخر	29
يكتم	29
يعاد	29
يستغنى	29
عزمه	29
ويتجه	29
الاخوة	29
وأمسك	29
بهلول	29
إخوانكم	29
البري	29
استعملت	29
أترك	29
معرضا	29
الاستماع	29
السبط	29
يناسبه	29
مطالبته	29
تتوقف	29
المخاض	29
بربه	29
فتحة	29
والمحرم	29
والفصل	29
الحالتين	29
البابين	29
يكال	29
الغاشية	29
للوضوء	29
للرد	29
يستمعون	29
خفيا	29
وفتحت	29
التوبيخ	29
أجوبة	29
المغصوبة	29
سلموا	29
ويعتق	29
عتيك	29
الأحلام	29
برأ	29
السويق	29
والحد	29
ففى	29
يموتون	29
لسعيد	29
والملح	29
اقبل	29
تراهم	29
كرز	29
حام	29
فسميت	29
وعرفه	29
بكفر	29
تشكرون	29
الجزور	29
يزالون	29
السمر	29
بالحناء	29
الرمية	29
القحطانية	29
كسبوا	29
بغلام	29
مستدركه	29
وقتيبة	29
الرجعية	29
كملت	29
أعلمك	29
كربلاء	29
تنفسخ	29
يوفق	29
الاعرابي	29
مست	29
التركية	29
آوى	29
يهوى	29
مبتدع	29
الثنية	29
معللا	29
أرضها	29
وحجر	29
بيانها	29
فتية	29
شفا	29
تواضع	29
تطمئن	29
وأتاه	29
الخالي	29
الخافض	29
النفخة	29
ملكان	29
عيوب	29
ثدي	29
واستعمال	29
أنفقه	29
المعلومة	29
بالواجب	29
المقالات	29
نصرا	29
هلكوا	29
بصفين	29
جعلني	29
بماذا	29
بصوم	29
مكره	29
الأزهار	29
صوما	29
المشارق	29
قعر	29
بالقدرة	29
أحدثه	29
الرطبة	29
طبقا	28
اشتغال	28
فغلب	28
الدولابي	28
انتشر	28
المحتسب	28
جمعية	28
عاص	28
نحكم	28
توهمه	28
المواشي	28
والمكاتب	28
فبات	28
ندى	28
عرى	28
تبسم	28
نعليه	28
بفارس	28
زيت	28
تغيره	28
العتكي	28
فريقا	28
الكاذبة	28
كلامنا	28
آثم	28
أسره	28
يقطعها	28
الانفاق	28
ذنوبي	28
الساعات	28
طائل	28
يرثها	28
موجبه	28
درهمان	28
عارم	28
فليفعل	28
بدهن	28
وقيمته	28
برحمتك	28
يرجعوا	28
يجدي	28
اعمل	28
جماعات	28
فيشمل	28
رجحه	28
للإجماع	28
الكبش	28
جنده	28
طينة	28
فاستأذن	28
تسلط	28
لعطاء	28
غصبه	28
المورث	28
حبست	28
الأبنية	28
معتمدا	28
الفريد	28
الحمق	28
بوله	28
وانتفاء	28
ولكنك	28
والايمان	28
أبيهما	28
سحيم	28
عصمته	28
المرجح	28
احدهما	28
ونعيم	28
الكاهن	28
خالفهم	28
تتلى	28
يدريك	28
يعسر	28
وملكه	28
متمتعا	28
أصحابهم	28
سلفا	28
أيامها	28
الشاذ	28
مخففا	28
راكع	28
المزارع	28
والكوفة	28
القن	28
بحالة	28
وضعوا	28
ثمانمائة	28
خميس	28
حيويه	28
الختم	28
وحدي	28
والكفار	28
ذهنه	28
بقولي	28
الجلي	28
يمتد	28
صحبت	28
هين	28
ويدعون	28
الأرب	28
الأنصارية	28
تغليبا	28
الناصرية	28
وهاجر	28
فالأصح	28
وتذكر	28
السقط	28
التحيات	28
صير	28
والحيض	28
حدوثه	28
أظهرهما	28
دخولا	28
مفروض	28
السياسية	28
المكيل	28
سلار	28
بالسيوف	28
وشمل	28
عاقبته	28
ودام	28
باس	28
الخاتمة	28
الطالع	28
بارعا	28
القراءتين	28
لوقت	28
يعطوا	28
تخبر	28
جنته	28
فأنشده	28
يتضرر	28
الصريحة	28
مشروعا	28
يتساءلون	28
والمشركين	28
يعمله	28
بتفاوت	28
مرضى	28
نقي	28
جبلا	28
ذريتهم	28
التصريف	28
ومختصر	28
تكميل	28
المنافي	28
الروع	28
رياسة	28
متساوية	28
حرفين	28
صديقه	28
نعله	28
اجعلني	28
والخمس	28
وأمثالها	28
وصلاته	28
قفيز	28
الملزوم	28
مدرسا	28
وسلموا	28
أسكن	28
ليقولن	28
ليعمل	28
بالشئ	28
تشعر	28
ينقله	28
طريقين	28
السعير	28
قاصد	28
امتلأ	28
بشق	28
باللعان	28
للاتباع	28
تفعلون	28
سالت	28
بكلامه	28
والاخر	28
بجير	28
بأفضل	28
الباغية	28
الأقوام	28
لبشر	28
أبصرت	28
تقارب	28
قذفها	28
مل	28
وعما	28
سكوت	28
الملاعنة	28
يعلي	28
يتقبل	28
تقاتل	28
خالويه	28
الحسام	28
خليد	28
ورقه	28
النصري	28
وصدره	28
والسابع	28
فهن	28
والنصر	28
وسادة	28
مبادئ	28
بالدفع	28
وصلاح	28
اللواتي	28
تظن	28
وحرام	28
الطالبين	28
تساويا	28
الياقوت	28
وفضة	28
ذريعة	28
بالولاية	28
واستشكل	28
تلمسان	28
تنفس	28
المرفقين	28
منطقة	28
معرضون	28
أذل	28
نلت	28
أبرهة	28
فأكرمه	28
والامر	28
الأمكنة	28
الحكمية	28
شرقا	28
بإعادة	28
وأبلغ	28
فها	28
الصادقة	28
متواترة	28
الاستعاذة	28
والسرائر	28
اتصف	28
طالبه	28
شاربه	28
بالفساد	28
الرباني	28
الملكين	28
النتاج	28
آتيناهم	28
عماله	28
غليظة	28
حكموا	28
ومكحول	28
غرضا	28
حراء	28
ويقرب	28
روحا	28
نقلناه	28
الفيروزآبادي	28
بعتقه	28
يبتغون	28
ركاب	28
محدثة	28
اللحن	28
ضرورية	28
والبخارى	28
عوج	28
والبغضاء	28
نرد	28
أرضي	28
يعطه	28
محتملا	28
ونسخ	28
والنية	28
الحسية	28
بواو	28
مكرمة	28
هام	28
ألق	28
المفاصل	28
دبرها	28
معصوما	28
السمطين	28
جانبا	28
يحلفون	28
يضربه	28
سألنا	28
الخليج	28
فروض	28
كصلاة	28
صفتها	28
يبايع	28
أنقص	28
نامه	28
خصيف	28
برك	28
نمت	28
المجازي	28
الصبرة	28
الميعاد	28
تتابع	28
يشربون	28
أعدائهم	28
مدخول	28
حكاها	28
حبب	28
ودعوا	28
تأذن	28
ماتا	28
وأحوال	28
العراقيون	28
كشفت	28
وسل	28
للنار	28
والكسوة	28
مسرعا	28
برح	28
والأولياء	28
بتاء	28
تلاوته	28
للمساكين	28
ممكنة	28
فويل	28
يقلع	28
والفقير	28
فحدثنا	28
ومدينة	28
الابتلاء	28
المتقون	28
ببلدة	28
قبضا	28
وسببه	28
جلوسه	28
المختصة	28
الشوارب	28
العتيقي	28
رزقكم	28
بمنه	28
الحولين	28
آثارها	28
الوظائف	28
شرطهما	28
كيس	28
الضال	28
وقاتلوا	28
وعقل	28
تقصد	28
رويدا	28
مخبر	28
قيما	28
تستطع	28
وحفصة	28
بالطائف	28
مفرط	28
وأمته	28
لقينا	28
وموت	28
فارقت	28
افتح	28
استقام	28
أعلمهم	28
بحضور	28
لقرب	28
تجرى	28
للمسجد	28
بالأداء	28
أغر	28
صبرت	28
والخامسة	28
معتقدا	28
مزاج	28
والولي	28
بولي	28
استند	28
نهيت	28
قبرا	28
بايعت	28
الداهية	28
يتعمد	28
عندى	28
مشركا	28
ويكبر	28
وإرادته	28
امرىء	28
شيب	28
للقلب	28
وإخراج	28
وأقبلت	28
ألك	28
بالمهملة	28
يعتكف	28
الأسئلة	28
استحل	28
عفي	28
التهديد	28
والعلوم	28
رءوسهم	28
خيفة	28
حللت	28
الرائي	28
تذكره	28
يقتدي	28
محنة	28
وقائع	28
وتمكن	28
اللصوص	28
أوصي	28
محافظة	28
المكث	28
معلول	28
جوزنا	28
عدوي	28
يهد	28
عدلت	28
الرماد	28
إعتاق	28
تتعين	28
مقعد	28
يراجع	28
تبيين	28
سمعي	28
يهل	28
فإنى	28
النوازل	28
نافعة	28
سين	28
ذمه	28
الشماخ	28
وأسروا	28
ثمره	28
تسعمائة	28
رئاسة	28
بالقصد	28
خالفت	28
جرا	28
لجمع	28
المنسرح	28
الخطابة	28
والجلوس	28
التنعيم	28
الانتظار	28
تلاميذه	28
فتزوج	28
العلاقة	28
الأشهب	28
لمرض	28
يعتقده	28
أبرأه	28
الجون	28
يسلمون	28
زكى	28
النازعات	28
فيصل	28
امض	28
ومدة	28
أقسمت	28
هتك	28
بحرية	28
اختارت	28
قدمته	28
التشبه	28
وعدنا	28
تنكحوا	28
الخز	28
فرش	28
السرعة	28
مكلفا	28
محذوفة	28
شخصه	28
وكلوا	28
وينسب	28
بجواب	28
الأقاليم	28
القواس	28
زاهد	28
خثعم	28
المصدرية	28
المملوكة	28
حبي	28
تجريد	28
القيء	28
البرء	28
وحبسه	28
المسروق	28
الحزامي	28
بشماله	28
مشيه	28
نزح	28
مفقود	28
أعطيك	28
يتأمل	28
هاج	28
منطق	28
فإننا	28
المدى	28
حوالي	28
يخضب	28
فأظهر	28
كناه	28
أفلم	28
فليت	28
وعظ	28
دائمة	28
تخلص	28
الفاضلة	28
للجماعة	28
الاستهزاء	28
إيمانكم	28
أسألكم	28
تميمة	28
ائتني	28
قابلة	28
بحير	28
انحصار	28
وحشي	28
وزوال	28
اعتدت	28
والغزالي	28
أجلي	28
فشبه	28
وطئت	28
يشغل	28
لقطع	28
والتعبير	28
لربك	28
الكحل	28
للعطف	28
لاطلاق	28
نخاف	28
لقائه	28
والحمار	28
سكين	28
لبنة	28
بالسواك	28
واعتذر	28
نسوا	28
وصعد	28
بالسبب	28
المسئول	28
الجودة	28
الفلاة	28
المجرمون	28
الفحشاء	28
الرامي	28
للشرط	28
طالما	28
أسفلها	28
ويعطى	28
الشرايع	28
غاصب	28
جنح	28
أراها	28
أدائها	28
السراب	28
أهواءهم	28
بيعته	28
البان	28
وفرقة	28
لأصل	28
تدر	28
نكير	28
ومنك	28
فيسلم	28
بحران	28
ونفقة	28
البدنية	28
بالأحكام	28
سيئاته	28
تقوله	28
يتهيأ	28
وولدت	28
لثمان	28
بغا	28
قليله	28
العقر	28
مشعر	28
يقرون	28
التعقيب	28
وع	28
وظلم	28
جذام	28
معتق	28
الراجع	28
فدنا	28
رحى	28
السدر	28
جزاؤه	28
القروح	28
الحرائر	28
مبسوط	28
السالم	28
المظاهر	28
أشر	27
وطاف	27
بالنفقة	27
بربكم	27
المقدرة	27
والخميس	27
كفالة	27
يسلمه	27
الإمالة	27
حقيق	27
للعباس	27
الاعتناء	27
والمأموم	27
الولدان	27
مطهرة	27
وعلقمة	27
يابسة	27
يف	27
وغاب	27
إخوانهم	27
فانقطع	27
الصمة	27
ظلمت	27
والحرم	27
وجزء	27
نجسة	27
البرزالي	27
ذبيان	27
زمام	27
مغرب	27
والجود	27
بجماعة	27
البزنطي	27
للشفيع	27
هداه	27
الخسران	27
وليمة	27
وخلاف	27
فركع	27
الأسنة	27
الأكراد	27
ربعه	27
مسئلة	27
مملوءة	27
الشبع	27
والفخر	27
وزان	27
وأكثرها	27
مى	27
بملاحظة	27
يسمعوا	27
كلامها	27
القليلة	27
الشرطة	27
فاغتسل	27
يدلك	27
بالمرة	27
سيفي	27
وغنم	27
الإبدال	27
المعتدة	27
والنحل	27
ليلتين	27
بالوقف	27
يلعبون	27
الأقدار	27
أومأ	27
يغتفر	27
دخولهم	27
ينبئ	27
أطرافها	27
وإخوته	27
الخمار	27
وزين	27
يسلموا	27
الشقيقة	27
بالعود	27
وبرد	27
نكحت	27
تطوف	27
يمسه	27
مرتفعة	27
بالشمس	27
ليظهر	27
نوعين	27
تأخرت	27
فأحضر	27
الرهاوي	27
القاهري	27
تاجرا	27
أنبت	27
فأمرها	27
بالعجز	27
يقله	27
وباع	27
الطالقاني	27
كادوا	27
ضعفت	27
الغافلين	27
جاعل	27
والثمار	27
رفض	27
بإبراهيم	27
ووافق	27
وأراه	27
أحوالها	27
نصيبين	27
الأقراء	27
السعاية	27
المراغي	27
يستفيد	27
خاطر	27
والوقار	27
موضحة	27
المصاب	27
ذكرتها	27
قيدا	27
ساهيا	27
والفرائض	27
إسنادا	27
تولية	27
ومحمود	27
استحسان	27
نازلا	27
بالأم	27
مخصص	27
الخلة	27
ومخالفة	27
السد	27
المنسوبة	27
مفعولين	27
أبعث	27
كفرت	27
معهن	27
تعددت	27
نسق	27
النفقات	27
إسقاطه	27
علانية	27
منصرف	27
المعني	27
راجعها	27
ثيابهم	27
اسكت	27
بالأدب	27
الموجز	27
عدلان	27
يتطرق	27
والعياذ	27
ضلوا	27
الهمم	27
وستر	27
والحركة	27
مشيئته	27
بالضاد	27
الاستدراك	27
فؤاده	27
أفواههم	27
ببعضها	27
الدعاة	27
توصف	27
مخاطبا	27
حرجا	27
عمال	27
اجعله	27
والورق	27
والإثبات	27
السجاد	27
نشرت	27
جاهد	27
الجاثية	27
أحرق	27
فاخرج	27
أكرمه	27
متوجه	27
جهتها	27
العلوق	27
ويختلف	27
نصيحة	27
ثمرات	27
أوامره	27
حلها	27
لف	27
وحملوا	27
اعتكف	27
تقديمها	27
المنسوخ	27
والرجاء	27
قضت	27
وحكما	27
جنين	27
بالأقل	27
تلاميذ	27
مسد	27
الدير	27
خنثى	27
صفاء	27
فالذين	27
تسوية	27
المرسلة	27
جعفرا	27
روضات	27
عزيمة	27
أميل	27
الطريقين	27
باختيار	27
وفلانا	27
ومقابله	27
الأليم	27
دأب	27
ليبين	27
الأقاويل	27
جعلتها	27
ينجسه	27
للحاج	27
متمكن	27
يستحلف	27
وافقهم	27
والضراء	27
أخرجنا	27
خافت	27
وتشهد	27
فتخرج	27
امرأتان	27
الإسكافي	27
علله	27
زهد	27
طريقها	27
تأويلا	27
والبول	27
بلغك	27
فدخلها	27
تراها	27
عبيدا	27
أسلما	27
والزنا	27
أسبق	27
الحسب	27
وعفان	27
باليوم	27
بطرق	27
نهاره	27
نبذ	27
والحمير	27
عالمين	27
وخصوص	27
الإقناع	27
فكشف	27
قشر	27
ورخص	27
ويقف	27
أخوة	27
اليزدي	27
شماس	27
الشفة	27
أخلف	27
بأعمالهم	27
فيموت	27
خافوا	27
بمعصية	27
يحك	27
تطويل	27
والوكيل	27
الأصلين	27
وسبحان	27
فأكله	27
يلاحظ	27
لأحدهم	27
أرجوزة	27
السراويل	27
باليمامة	27
الأحرف	27
نهيا	27
أواق	27
يسود	27
حجابا	27
فأيهما	27
الكتان	27
هجاء	27
وأصح	27
الغانمين	27
نعمت	27
دعاك	27
دمعي	27
للمرء	27
الخفاء	27
ينظروا	27
والمنقول	27
بالمعجمة	27
المحمدي	27
لتقدم	27
مورثه	27
النقود	27
المطالع	27
يلاعن	27
استئجار	27
جزاك	27
التمني	27
استقلال	27
مقطوعة	27
والحفظ	27
والتسبيح	27
إجابته	27
المزبورة	27
عاجل	27
يصيبهم	27
بعبده	27
سائغ	27
فيكره	27
أطلع	27
فضلت	27
معتد	27
بشأن	27
بالأجرة	27
قتلتم	27
يغوث	27
وباء	27
يسمح	27
وتسع	27
القطا	27
بعيني	27
دعى	27
بجوار	27
معقود	27
والأربعة	27
أبنية	27
وذهاب	27
فتيان	27
فتاب	27
وعهد	27
فهمت	27
مصليا	27
وثلثا	27
والمقداد	27
والغنى	27
إخوانا	27
راضية	27
وإنكم	27
أهديت	27
البلغم	27
الأخريين	27
النابلسي	27
أعداد	27
حائطا	27
المؤاخذة	27
أكرهه	27
الإزالة	27
صبابة	27
بالوفاء	27
شريعته	27
أودعه	27
سقم	27
تعرفون	27
الأراك	27
والمسافر	27
الأثمان	27
لاقى	27
وعفا	27
تلقوا	27
وسلك	27
الكلاعي	27
المزار	27
القصوى	27
يتحول	27
النازل	27
باغ	27
يغدو	27
ويرضى	27
الميمنة	27
خيط	27
المحصن	27
القبائح	27
أجزائها	27
والذال	27
والصرف	27
المحاضرة	27
بنيان	27
دماءهم	27
استحال	27
مشكوك	27
الحشا	27
حرصا	27
وصليت	27
فيئا	27
بنيته	27
الممنوع	27
فاقتضى	27
أجب	27
الدباء	27
أذكره	27
فسقطت	27
منفرد	27
المطلوبة	27
وحشة	27
بياع	27
الرقية	27
محجور	27
الجذامي	27
تكشف	27
أنذر	27
احتمالا	27
ترمي	27
القناة	27
فتحنا	27
انشقت	27
وردوا	27
والتصديق	27
حديدة	27
لمس	27
والاستنشاق	27
والدابة	27
بخت	27
البسر	27
متحقق	27
ينصرون	27
العلانية	27
بفناء	27
الضيعة	27
ممتنعا	27
بمحضر	27
قطعوا	27
بعثوا	27
العجلة	27
المفسد	27
الافتراق	27
قفا	27
سلوا	27
بالرسالة	27
فورد	27
جوانب	27
مستفاد	27
طورا	27
حليما	27
عونا	27
ورضيت	27
فينزل	27
الخرائج	27
مسجدي	27
لشيخ	27
ضع	27
بالكل	27
يبتغي	27
فحدثت	27
أنشأها	27
مجاوزة	27
انتصب	27
والشرع	27
بالزمان	27
وأنفسهم	27
ذروة	27
ونفخ	27
يفتر	27
والصحابة	27
الإحصان	27
التلمساني	27
قرط	27
بعمر	27
تصف	27
ووضعه	27
محتملة	27
بفاس	27
المهيمن	27
قضايا	27
منعنا	27
طعمة	27
المشيب	27
إسرافيل	27
النعال	27
أشواط	27
بشروط	27
كثروا	27
جوعا	27
يتجدد	27
متمكنا	27
وغالب	27
إسلامية	27
بأيدينا	27
زرعه	27
إعمال	27
خريم	27
كدت	27
مجتمعة	27
خطبها	27
جرهم	27
رشده	27
الفتحة	27
وتحقق	27
فجرت	27
محجورا	27
والصلة	27
النقباء	27
ويضعف	27
الإكثار	27
يتجر	27
جريا	27
متأخرا	27
بالجميع	27
ولقائل	27
التأجيل	27
مقرىء	27
وكذبوا	27
وجاهدوا	27
عمامته	27
لغوي	27
رئي	27
الداعية	27
يغزو	27
عمت	27
مسائله	27
مساواة	27
طلقتك	27
تنزيلا	27
فنصف	27
تطع	27
واصبر	27
الأودية	27
فنهاه	27
فيعطى	27
المؤرخين	27
الإيجاز	27
مساو	27
بطهارة	27
جرب	27
البطيخ	27
وعلله	27
خلقته	27
السلع	27
للأولى	27
التولية	27
چون	27
فقم	27
حقيقيا	27
وعبارته	27
اشتريته	27
للنص	27
يؤت	27
منكن	27
تعبيره	27
لعلها	27
الأطهار	27
القيود	27
حياتها	27
متعذر	27
استقرت	27
والأكل	27
لولي	27
حصولها	27
المقربون	27
ترده	27
بجملة	27
الورود	27
مصغر	27
النهروان	27
يومكم	27
عادلا	27
زوالها	27
العادية	27
معجزات	27
عروق	27
السلولي	27
بالجهاد	27
قريبه	27
ذنبي	27
وسعت	27
خلاق	27
نرجع	27
توصل	27
النفسي	27
الغرس	27
ينتهى	27
سلامه	27
ابان	27
عارضه	27
الريحان	27
انتشار	27
وكتبوا	27
بالخلق	27
ويشير	27
بالأكل	27
بيسير	27
الثنايا	27
القمل	27
بمدرسة	27
ثلثاه	27
سقاه	27
الملكوت	27
الحرالي	27
معتدل	27
لحمل	27
احتجاج	27
الوباء	27
الزهاد	27
أدائه	27
المحصول	27
وأقرأ	27
رحب	27
شبيها	27
مفسرا	27
جلت	26
بعون	26
الغبن	26
يشرط	26
الزوجان	26
مثاقيل	26
الحبشي	26
خطابه	26
جفنة	26
العصبية	26
الذر	26
حركه	26
وكاتب	26
ساحة	26
أذربيجان	26
فانى	26
امتنعت	26
للفرق	26
الاحتمالات	26
راهب	26
الدراسة	26
ولعلها	26
فصرت	26
لغلبة	26
بالقدس	26
جب	26
يدق	26
مرشد	26
عامي	26
وقرأه	26
نمنع	26
وجبريل	26
أخوان	26
يستخلف	26
اجماع	26
الإكمال	26
عدونا	26
طاعتهم	26
أرني	26
السليمة	26
الكامنة	26
والتفصيل	26
لأنفسكم	26
فيضرب	26
لإفادة	26
المستعين	26
نزلا	26
الأمطار	26
يقنع	26
عفى	26
والفهم	26
لعيسى	26
والتقييد	26
الكفاءة	26
العيس	26
الأقربين	26
شرفه	26
مشية	26
والقضاة	26
الشح	26
والتقصير	26
وعنها	26
بقيام	26
يعرفونه	26
أربابا	26
لوقتها	26
لحال	26
فليتوضأ	26
الطاقة	26
التعليقة	26
يأتيكم	26
عقوبته	26
اكتسب	26
لوجوه	26
ببخارى	26
عبادنا	26
حرص	26
عظمه	26
السلماني	26
اسلم	26
لحوق	26
مثنوي	26
نبيها	26
والغلبة	26
أوفق	26
العدى	26
يهديه	26
يفرط	26
جوانبه	26
إجزاء	26
شوق	26
الشاكرين	26
وأعد	26
تطاول	26
يعزل	26
وخلقه	26
يومان	26
عنب	26
مدارس	26
التعصب	26
وأسقط	26
انشاء	26
خفاف	26
أودية	26
الجموع	26
وقدمنا	26
قسيم	26
الأدبية	26
للصبي	26
سيجئ	26
أوفوا	26
مواقيت	26
ورجله	26
رائحته	26
والبعض	26
كغيرها	26
زيدت	26
الشعراني	26
كدر	26
فزعا	26
إذنها	26
فعظم	26
مرور	26
الهدم	26
ينحصر	26
ارجعوا	26
وولاية	26
العزيمة	26
محاربة	26
فأخذته	26
ثوابها	26
والركوع	26
وسلامة	26
يثقل	26
الغري	26
تأملت	26
والابن	26
شبهت	26
ووقوع	26
بثلاثين	26
العدني	26
يعيده	26
الخصب	26
مهاجرا	26
تمسكوا	26
والترهيب	26
كالأول	26
ككتاب	26
أوليس	26
فرغوا	26
العزائم	26
الخطمي	26
يتمسك	26
مكاني	26
والتقى	26
حياتهم	26
أتته	26
بذبح	26
الرشوة	26
ديون	26
سلطنة	26
نهايته	26
الاحسان	26
يتركوا	26
لعين	26
زيارته	26
السحور	26
يجدد	26
فسبح	26
أطعمه	26
الرهط	26
نكت	26
أخبرتني	26
يه	26
والوصي	26
راويه	26
الخيرية	26
عذابي	26
فيعود	26
يدعه	26
فخلع	26
وضوح	26
الإفتاء	26
نماء	26
ظواهر	26
بالبطلان	26
صرفت	26
نحب	26
والبغال	26
وخاتم	26
تذبح	26
والنقص	26
باثنين	26
وصيام	26
الكائنة	26
أشك	26
إخلاص	26
وأخ	26
فعدل	26
المنادى	26
للواقع	26
الأبطال	26
يقرر	26
زكي	26
الآبار	26
تأويلها	26
عظما	26
الزهرة	26
فقرأت	26
نظما	26
ئل	26
قارون	26
يلج	26
توكل	26
والمعاد	26
بالخطاب	26
مردودة	26
تقلد	26
بالعصا	26
فملك	26
أفرأيت	26
التكبيرة	26
الإملاء	26
مجرور	26
الغافقي	26
يفتى	26
التبصرة	26
البسري	26
نازلة	26
مقدمه	26
تشمل	26
وتقرير	26
رعى	26
مخلص	26
واضع	26
دعاة	26
وتصير	26
وكذبه	26
الأحبة	26
وسمعه	26
حقهما	26
آي	26
أولادي	26
حكمهما	26
شافعي	26
يبغي	26
شهدنا	26
والخاصة	26
بحيرة	26
طيء	26
يلبغا	26
تاجر	26
جنبي	26
تصلوا	26
وأهدى	26
لإنسان	26
سابقه	26
بذهب	26
المشتق	26
وتدل	26
محبوسا	26
السداد	26
ساغ	26
والربح	26
القدسية	26
بأيديكم	26
يثنى	26
عدده	26
قلعه	26
الناجي	26
آلى	26
جلا	26
ووصله	26
العارضة	26
تهلك	26
بأسباب	26
رحمتي	26
وأخذها	26
اللعين	26
رزيق	26
نعما	26
استفاد	26
سكرة	26
الاقتصاد	26
مدفوع	26
فدى	26
المعصومين	26
والرجلين	26
لأداء	26
وسماع	26
محاسنه	26
الجوهرة	26
يحسبون	26
طعامهم	26
الخدود	26
الغايات	26
الجوز	26
المباحث	26
زنيت	26
الحكمي	26
ورقا	26
قبرها	26
تعظيمه	26
والطاء	26
فقاموا	26
كبرى	26
قنطرة	26
بالأخرى	26
الزهرى	26
كنه	26
غليظا	26
منزلك	26
أشبهها	26
حدثكم	26
وتبطل	26
أوجبنا	26
مدعيا	26
أمهاتكم	26
المحيا	26
تراض	26
ينسبون	26
أوربا	26
بهراة	26
المحاباة	26
الرقعة	26
قابيل	26
رملة	26
كلالة	26
اشهدوا	26
والتأنيث	26
لأبوين	26
شبها	26
بنجد	26
مضاعفة	26
فقاتلهم	26
السبابة	26
المبطل	26
ونذيرا	26
قرين	26
أعيا	26
والرزق	26
عرقا	26
الصيقل	26
وارتفاع	26
وثيقة	26
المقصورة	26
المتروك	26
تخشى	26
المكاره	26
كالشمس	26
أتيتك	26
الحصاد	26
لزمت	26
والولاء	26
والاستفهام	26
عض	26
أجمعون	26
والحدود	26
ويصرف	26
خواصه	26
الفعلين	26
ولكنني	26
طريقهم	26
النفيس	26
بهذين	26
يستعمله	26
وأرباب	26
للصواب	26
يأتين	26
الاستخارة	26
كالرجل	26
ذلة	26
مروءة	26
والحسد	26
بأجمعهم	26
البهجة	26
بمرض	26
خيركم	26
والأنعام	26
وأتباعهم	26
مصفى	26
اول	26
حمويه	26
طغى	26
حالته	26
ذكاته	26
دعوه	26
المطبعة	26
الراضي	26
صالحه	26
فتاة	26
فقطعت	26
أوصيت	26
أصوم	26
وشعره	26
الناقل	26
المنطوق	26
غمر	26
انتهينا	26
طيئ	26
سواهما	26
عليل	26
الزحام	26
فلزمه	26
ناله	26
العجيبة	26
الوسواس	26
مغيب	26
تفويض	26
وسيجئ	26
وعتبة	26
سألتني	26
الحناء	26
بجيلة	26
الغلابي	26
الاعتزال	26
والرعايتين	26
الطيبين	26
يئس	26
بسطت	26
اثنتا	26
هاتان	26
تعطى	26
وامرأتين	26
فرجا	26
والأرضين	26
وأثر	26
الكعبي	26
بذنبه	26
يعودون	26
أنتما	26
قويت	26
إياد	26
الألوف	26
وشرحها	26
فسخا	26
قلن	26
تسيل	26
يخصص	26
لذكره	26
يوقنون	26
موكل	26
أنباء	26
عنيت	26
دثار	26
حروفه	26
طالع	26
الناطقة	26
المذي	26
لوقوعه	26
يكرم	26
يجدها	26
لسانا	26
الهيبة	26
والعهد	26
فتذكر	26
يضبط	26
ونكاح	26
تضاف	26
الإيماء	26
الفصولين	26
وأولي	26
بليغ	26
وسقوط	26
والأربعين	26
تكفرون	26
دنت	26
خلفت	26
إمامهم	26
ساكت	26
تأويلان	26
فخرجنا	26
نهانا	26
ويضم	26
وأيم	26
موثق	26
وقرن	26
ستكون	26
ونهب	26
وقولها	26
المقرر	26
بجناية	26
بطونها	26
تؤمنون	26
عكاشة	26
الحلو	26
وكفاية	26
العبدين	26
فردوه	26
جمعته	26
العشرون	26
أصبحنا	26
الهوام	26
ألقاها	26
صلته	26
تزكية	26
وهبته	26
والدرهم	26
الأجوبة	26
تصبح	26
مثلما	26
سنتي	26
الكاظمي	26
نحوهما	26
الاستخلاف	26
يأتينا	26
توفيق	26
المنتخب	26
تسليمها	26
آذانهم	26
يساف	26
وأدنى	26
تقعد	26
أمضى	26
الحصاة	26
والمسالك	26
معظما	26
عوجا	26
عقرب	26
يبقي	26
وسماها	26
ولقول	26
الذرة	26
كتابهم	26
النازلة	26
حسابا	26
كواكب	26
فخذوه	26
الميسر	26
رسمه	26
فسل	26
مكرهم	26
الناظرين	26
بدعوة	26
وتسقط	26
بضعف	26
حديقة	26
وزوجة	26
جمح	26
شهادات	26
لرؤيته	26
الرحبي	26
والنخل	26
فالحمد	26
القفا	26
آخذا	26
ذهابه	26
فأثبت	26
باشتراط	26
يراك	26
باليسير	26
ويسكن	26
التوثيق	26
فهرسها	26
قصيرا	26
قنا	26
الفرش	26
انتفاع	26
آه	26
يومهم	26
وأسرع	26
تجبر	26
المختارة	26
والإباحة	26
راعي	26
عبدون	26
المؤكد	26
الإكرام	26
الكائنات	26
وبالفتح	26
بلام	26
التسلسل	26
محكي	26
فرخ	26
وأمرنا	26
أطفال	26
آذى	26
الخراز	26
والساعة	26
أعسر	26
العتاب	25
والتراب	25
بخدمة	25
يصفون	25
روق	25
الغرائب	25
تشديد	25
للأكثر	25
وتعليق	25
إسلامي	25
بأحوال	25
المستتر	25
بالثلاث	25
التأمين	25
رسلهم	25
تحويل	25
سدا	25
يعطيها	25
نشأت	25
أملى	25
الاناء	25
مشكلة	25
والأوسط	25
أعددت	25
ونار	25
سلاحه	25
نسخها	25
مقادير	25
بوطء	25
أكلة	25
أظهروا	25
المنتصر	25
وبدا	25
دنياهم	25
ضره	25
ريع	25
اقتلوا	25
الحشيش	25
التائب	25
وخراسان	25
مزدلفة	25
الوثقى	25
تعليله	25
النافية	25
فأتاهم	25
مقتول	25
وتثبت	25
يبتاع	25
الشريد	25
للعادة	25
الجدب	25
الوفاق	25
بنقد	25
مربع	25
فليأت	25
بالأب	25
طرسوس	25
لمع	25
وبان	25
وقبضه	25
بالبلد	25
وقصده	25
المفتى	25
غش	25
والإثم	25
التكفين	25
قطعته	25
زوجين	25
حوت	25
وكاد	25
فاق	25
المقل	25
ووقفت	25
بالسفر	25
يقذف	25
الصفوة	25
بوجهين	25
الأنبار	25
أحضره	25
أمسيت	25
ولبن	25
لفعله	25
الدوادار	25
يظنه	25
فاحشا	25
التقاء	25
تخيير	25
بخاري	25
ليلي	25
رفعة	25
ورجعوا	25
بلغته	25
وبابه	25
ويتعين	25
اسحق	25
كرسيه	25
طرفها	25
تصب	25
وأسباب	25
يمثل	25
عامه	25
البكارة	25
بالحرم	25
تسافر	25
أظهره	25
اشارة	25
كراهته	25
بالسلطان	25
العجلان	25
معادن	25
أمانا	25
يطابق	25
مريضة	25
شمال	25
للعامة	25
عفوه	25
بحقها	25
موقعه	25
ومعنا	25
الاحياء	25
توكيد	25
نصرته	25
خطوات	25
والأذى	25
وكثيره	25
ودعوة	25
حديثي	25
أمتى	25
اعتقادهم	25
بست	25
ببعيد	25
وبهذه	25
مطابقا	25
جزئية	25
النساخ	25
التزكية	25
فضاء	25
ادن	25
البصريون	25
والتذكير	25
قارنا	25
ووكل	25
دجاجة	25
الدرب	25
واله	25
النفسانية	25
بسقوط	25
القاص	25
الشبلي	25
المليحي	25
قذفه	25
لعارض	25
بكف	25
آخى	25
التوصل	25
رجا	25
تبصر	25
العنسي	25
كثيرين	25
لقراءة	25
والتنوين	25
عصم	25
والثلاث	25
إخبارا	25
كتبته	25
يطعمه	25
ترض	25
محارم	25
القارن	25
ضمانها	25
الصخر	25
السقم	25
وخلفه	25
ناظرا	25
باسناد	25
واعتمده	25
فدع	25
سمية	25
أخوف	25
يصيبها	25
جراح	25
فأجيب	25
سفك	25
أسارى	25
عشرية	25
وفاعله	25
مواد	25
مسقط	25
مرتد	25
استباحة	25
الرفيق	25
الآذان	25
يسند	25
مشتملا	25
بمطلق	25
جسمي	25
القباب	25
الظهيرة	25
أعط	25
بأولى	25
الأرز	25
نواب	25
عنقك	25
التلعكبري	25
وجارية	25
قضيب	25
ترثه	25
وشكر	25
إتيانه	25
يؤديه	25
ونفع	25
المرار	25
المفازة	25
اعتراف	25
بضمها	25
وإضافة	25
واحدته	25
أبدلت	25
تفويت	25
فتلف	25
كالماء	25
حاشا	25
ويبعد	25
فبلغه	25
يبر	25
أليق	25
المقسم	25
ذنوبكم	25
دب	25
مؤثرا	25
مدركة	25
عسكرا	25
أمثل	25
الجحود	25
فإنهن	25
حسبه	25
يتلقى	25
جوابها	25
لتمام	25
سائمة	25
البساتين	25
سكارى	25
بدع	25
فيمنع	25
تركهم	25
وقفها	25
العذار	25
فهناك	25
يخيل	25
بالباقي	25
لحكمة	25
الموقوفة	25
المحضة	25
دارها	25
حيل	25
الركبة	25
ضمها	25
تقبيل	25
يوحنا	25
للجمعة	25
تجزي	25
مالم	25
سقيم	25
الفروج	25
ينبع	25
مثبت	25
الدهان	25
تنزع	25
شعور	25
ينكشف	25
وامرأتان	25
البراهين	25
وأتوب	25
نسيه	25
اربع	25
منفردة	25
الجمر	25
يفعلها	25
فحبسه	25
صدقهم	25
ونزول	25
صحن	25
أولادا	25
والشاة	25
المحاربة	25
مستحيل	25
حصيات	25
المآل	25
بالقسمة	25
أثبتها	25
بوقف	25
أسرة	25
وأبناء	25
عرضة	25
قروء	25
فيقضي	25
فانها	25
التورية	25
أدلك	25
حشر	25
ريحان	25
الضرورية	25
تكذبون	25
ضاحكا	25
نشره	25
لسوء	25
وسرعة	25
مشافهة	25
للطلاق	25
طيرا	25
يعدلون	25
اسناده	25
بكفرهم	25
اتخذه	25
بايعه	25
نهيتكم	25
وظائف	25
دويبة	25
والسلم	25
والانقياد	25
العتبي	25
يأمرنا	25
نكحها	25
للزوم	25
الحيثية	25
والزيتون	25
ثمرها	25
والمنة	25
العناصر	25
أصر	25
والميت	25
يقترن	25
والبغي	25
مقلوب	25
فقلبت	25
الجعالة	25
اكترى	25
استحقت	25
التتارخانية	25
جزعا	25
أنسى	25
يبكون	25
قاصر	25
هوذة	25
فيكتب	25
والتكملة	25
وآمنوا	25
لأعلم	25
سماوات	25
عفوت	25
والستون	25
فصله	25
جيم	25
تطير	25
جنان	25
أخوها	25
أشخاص	25
قطرب	25
سيرها	25
الابصار	25
ويصوم	25
والسمن	25
اليومين	25
فعليهم	25
يبطله	25
والحرمة	25
رضعات	25
المضاجع	25
الضارب	25
والطهارة	25
أوحد	25
المتصدق	25
بالنفي	25
تطول	25
غصبا	25
أخذتم	25
تهيأ	25
الخراب	25
البت	25
والسرور	25
السعداء	25
ثيابي	25
رضاها	25
شاور	25
أمهما	25
الأبدال	25
بأنهما	25
سقر	25
سمح	25
ضب	25
اطلاع	25
هزوا	25
حسدا	25
يسمعها	25
انطلقت	25
يولي	25
السوم	25
المعتل	25
فاقتلوا	25
كتمان	25
بالكثير	25
كفت	25
الجراحات	25
بسفح	25
متفقون	25
بالفسخ	25
رزقهم	25
متقنا	25
المغايرة	25
الطلحي	25
عراك	25
التغابن	25
علاه	25
واردة	25
يستتاب	25
إجماعهم	25
صوتك	25
عفيفا	25
الفكرة	25
وأدب	25
والتعريف	25
تحققت	25
لقائل	25
السب	25
والبلاد	25
الموسوم	25
احتياج	25
بالمسح	25
استدراك	25
نقب	25
حوائجه	25
المطففين	25
وصاح	25
يقاد	25
فالمال	25
والتأويل	25
الأنسب	25
أثنائها	25
امتحن	25
بالوجود	25
الفاسقون	25
يردون	25
راغب	25
والبركة	25
والفجر	25
شوذب	25
ينتسب	25
غلمانه	25
خشرم	25
فوجدها	25
عقلها	25
سقيا	25
دعاءه	25
نهرا	25
ولحيته	25
ويقصر	25
خلاص	25
تنازعا	25
تيمور	25
عشرينه	25
يومك	25
الوقاية	25
ورفعت	25
باللبن	25
والضمان	25
اقراره	25
وحول	25
يستحي	25
وتقع	25
يصحح	25
المؤتمر	25
نعد	25
ممنوعا	25
البسطامي	25
تكذيبهم	25
ونذر	25
جنت	25
ادفع	25
وأمرني	25
احترق	25
مم	25
العوامل	25
والطين	25
أمرتكم	25
والمشي	25
السوس	25
الإسراع	25
عدها	25
للمستأجر	25
والرأس	25
أزكى	25
نسير	25
للانسان	25
أوامر	25
بملكه	25
والملوك	25
فشكا	25
السمط	25
المتأخرة	25
مصرح	25
ارحم	25
شاك	25
المحشر	25
وسبى	25
البدري	25
المصطلح	25
المتلف	25
الكم	25
بالتفصيل	25
فقاتلوا	25
حصون	25
مقابلته	25
فيقرأ	25
الفائت	25
الجملتين	25
أعمالنا	25
ولين	25
والوفاء	25
فأتينا	25
الناشر	25
يضطر	25
منفصلة	25
وشمس	25
وأنشدوا	25
جلي	25
إحضار	25
أخلق	25
طراد	25
سريعة	25
تحج	25
والإناث	25
والزجاج	25
وخالفهم	25
توقد	25
لحي	25
متوالية	25
الشحام	25
بختيار	25
الساقي	25
والطبري	25
ألوف	25
فلي	25
عدمت	25
ليدل	25
المعتكف	25
كبيرهم	25
طلبته	25
قرأنا	25
ركانة	25
فأخبرت	25
المشبهة	25
آلهتنا	25
ألقوا	25
وصب	25
توثيق	25
المراء	25
نم	25
المناقشة	25
بخلقه	25
فأعطاني	25
تعطيه	25
الوظيفة	25
يتفاوت	25
عامين	25
تسعون	25
وبعبارة	25
بردها	25
مروج	25
لنقل	25
تحف	25
قطعية	25
يستمع	25
مقرب	25
الخضرة	25
البيداء	25
نقلوا	25
الوسوسة	25
الإشبيلي	25
المحظور	25
زيدان	25
وسبح	25
واجبات	25
لبطلان	25
كافرون	25
فأرى	25
بهدلة	25
عبادا	24
أعقل	24
شده	24
فأبو	24
طلقتين	24
يمنعهم	24
البرزخ	24
وللأم	24
ضربوا	24
تزر	24
الهدهد	24
يتحدثون	24
نتكلم	24
اربعة	24
فأطال	24
منقولا	24
والإمامة	24
سؤر	24
والكراهة	24
المشاع	24
وانطلق	24
جلدا	24
الوضاح	24
همت	24
الجوانب	24
مالية	24
يطالبه	24
اليرموك	24
صابرا	24
مقرون	24
موردا	24
التناول	24
ادعي	24
المطرز	24
يفرد	24
أشده	24
تشابه	24
فرماه	24
وقعوا	24
ورمي	24
يدخر	24
مصرا	24
نصرانية	24
ضروريا	24
المنح	24
استدلالا	24
ينصره	24
بغى	24
بالمغفرة	24
نبين	24
قدماه	24
الأمانات	24
الشغل	24
أسبوع	24
وسخر	24
يوحي	24
موافقته	24
مدرس	24
قردة	24
وادعوا	24
والفرع	24
كعبد	24
يعبأ	24
وفينا	24
السباق	24
للصوم	24
وأمة	24
غرمه	24
تنفقوا	24
تقتله	24
بقصيدة	24
هولاكو	24
جوهرا	24
يكسبون	24
جارا	24
الهيجاء	24
الوقار	24
للشرائع	24
عاشق	24
الحجال	24
أخذتها	24
يضعه	24
تصبر	24
قواه	24
وهدم	24
مير	24
ظننا	24
الاعتصام	24
الرموز	24
حرها	24
ملأت	24
بالظلم	24
حليمة	24
المسموع	24
فحكى	24
المقريزي	24
الجرائد	24
حدوده	24
ينطبق	24
والغرب	24
أيكون	24
بالعدم	24
سهمين	24
نفاق	24
حتف	24
الطرماح	24
الغراء	24
ردة	24
المبعوث	24
الرماني	24
مسرورا	24
الرماة	24
الرفيعة	24
يراعي	24
الحقيق	24
ومولانا	24
دلوا	24
لانهم	24
بأجر	24
مشاركا	24
استيلاء	24
بحمده	24
ومواضع	24
ووعد	24
شبيهة	24
الرازق	24
الحفظة	24
يفترقا	24
المؤلفات	24
للراهن	24
تبلغه	24
يأيها	24
الورم	24
الإعانة	24
المحبر	24
يظل	24
نهشل	24
سلا	24
الرياحي	24
والإعراض	24
وإصلاح	24
للسيوطي	24
رطلا	24
وتفسيره	24
النفخ	24
يمض	24
زنة	24
عول	24
وأخي	24
لأولي	24
الشقاق	24
كلماته	24
اسمان	24
والكثرة	24
بصلاته	24
والقيمة	24
التنيسي	24
وأهلك	24
المأثور	24
اتصلت	24
العناد	24
موتاكم	24
عزاه	24
أساطير	24
تسمي	24
الزاوية	24
وابي	24
يارسول	24
صعيد	24
الخصي	24
استحبابه	24
الزنادقة	24
يهمز	24
وراءها	24
والعرف	24
ويعرض	24
العيان	24
اليمنية	24
فاقبل	24
والكرامة	24
والقتال	24
استخرج	24
مستقيمة	24
عبادتهم	24
برية	24
أدعى	24
كرمه	24
بكماله	24
الجائزة	24
ويشكل	24
عشيرته	24
شؤون	24
شط	24
وراءك	24
مقدورا	24
متحرك	24
افترقا	24
وأحكامها	24
ورجاء	24
آذن	24
وحسبك	24
بعضهن	24
أبدع	24
جبرا	24
ومثاله	24
مشهودا	24
مسنة	24
مختلفان	24
مؤنس	24
حبابة	24
محصل	24
الوحشي	24
يظهرون	24
ببركة	24
التصور	24
الفوت	24
للغاصب	24
نقر	24
خياركم	24
صرنا	24
أنحاء	24
فتبطل	24
التبعيض	24
تروا	24
والبخل	24
وصيف	24
فرعه	24
فالقياس	24
ورائي	24
للقيام	24
المزن	24
بأموالهم	24
كلنا	24
وأعلمهم	24
ونقض	24
نيفا	24
ألطف	24
يحجر	24
الكاشاني	24
الشريفين	24
ندع	24
دعه	24
والحمام	24
والمعصية	24
إظهاره	24
والنصوص	24
آباءنا	24
حدثته	24
أحبني	24
ملازما	24
كحديث	24
بجهالة	24
ويدع	24
وتكره	24
الأخوين	24
صباه	24
الأصلح	24
مجرب	24
أضع	24
وابنة	24
هرمة	24
حرما	24
الريش	24
كرما	24
الموعظة	24
يصفه	24
فأخبرنا	24
مفرج	24
وفاعل	24
مغاير	24
بجبل	24
فالأقوى	24
أمرتني	24
والنضر	24
يبادر	24
خروجهم	24
بتعدد	24
أخلص	24
تضيق	24
أتيا	24
الخشية	24
وركعتين	24
يجعلوا	24
وأعمالها	24
لأبيها	24
الخرص	24
الآجال	24
والعقرب	24
قاطعة	24
بالسمع	24
استماع	24
تأكد	24
بالحرف	24
الطبائع	24
أسبابها	24
المحارب	24
جودة	24
تسلية	24
أبوي	24
ينسبه	24
أتمها	24
داخله	24
فعفا	24
رحلته	24
بص	24
تستلزم	24
ظبية	24
أمهاتهم	24
يكلمهم	24
الجبابرة	24
الغرفة	24
وليكم	24
استنباط	24
أحرز	24
والشيطان	24
تؤدى	24
فعلمنا	24
بقدرة	24
لقوا	24
جئتكم	24
ونوح	24
والضعيف	24
أعطوه	24
الكافرة	24
الميموني	24
مأوى	24
تشير	24
يمينها	24
قدحا	24
يختلفوا	24
الحمال	24
قحطبة	24
غدوت	24
بأخرى	24
زرعا	24
أكلوا	24
ناسخا	24
الصريفيني	24
فاحكم	24
جزيل	24
وبهم	24
نزله	24
فارقه	24
الشائع	24
اتحاده	24
الماليني	24
وإنني	24
قاطعا	24
فصليت	24
ورآه	24
ابعث	24
جراد	24
النعامة	24
تنفي	24
يغلق	24
بمعزل	24
تجدون	24
بسماع	24
نه	24
السقاية	24
يزيده	24
الفريقان	24
العد	24
مصروف	24
جملتهم	24
غناه	24
المسابقة	24
تبدأ	24
الوبر	24
فإذ	24
بمشيئته	24
وتصديق	24
والعجز	24
الماشي	24
ملحان	24
الفربري	24
ائتوني	24
نساءه	24
المعونة	24
تشفع	24
أولياءه	24
يمشى	24
جيوش	24
وعبيدة	24
والزيت	24
حلفا	24
عوام	24
بالبراءة	24
وأخبرناه	24
أليما	24
يأمرون	24
وللرسول	24
ظهرك	24
يمكث	24
شاتين	24
القين	24
تفلحون	24
مرية	24
أفاضل	24
خلعة	24
التخلية	24
مدلوله	24
التذكر	24
الإظهار	24
وفعلا	24
إباحته	24
إبطاله	24
أسفا	24
شاكرا	24
بعباده	24
كعبا	24
وأخطأ	24
مراكب	24
الغلات	24
فرنسا	24
وشره	24
يخلفه	24
المشكوك	24
نورها	24
سبيلك	24
هالة	24
لشريكه	24
يضمنها	24
للبيهقي	24
بعدمه	24
معتدة	24
حور	24
بالمعاصي	24
هداهم	24
البشير	24
استجاب	24
فدعاهم	24
عاملة	24
تليق	24
منح	24
الاجتناب	24
يكرر	24
المناط	24
لسقوط	24
المباحات	24
القبيحة	24
عقائد	24
صيده	24
وقاضي	24
الأهلة	24
للبيان	24
للقطع	24
خالط	24
والحجارة	24
يقرن	24
بعبارة	24
أعنى	24
وكلت	24
عابس	24
بالجواب	24
الجنسية	24
متواتر	24
ويستفاد	24
قاسيون	24
الميداني	24
المقرض	24
والندب	24
ممدودة	24
والمثبت	24
الحربية	24
حالات	24
خذه	24
مخالطة	24
ليصلي	24
انقلبت	24
شرطت	24
بالأمان	24
بالقلعة	24
رقيب	24
محيص	24
النجوى	24
حذاء	24
اللبان	24
تق	24
وأخواتها	24
ونزع	24
يتوكل	24
بأسمائهم	24
جانبها	24
وطبقات	24
للتأنيث	24
الاتمام	24
الهوان	24
قربا	24
غزال	24
القلائد	24
نسله	24
وتمت	24
الحرمان	24
ند	24
تصدى	24
يبعثه	24
وشهدت	24
يلتبس	24
وهشيم	24
انفردت	24
وأحدهما	24
تلامذته	24
اللفظية	24
لاعن	24
أسنان	24
مشابهة	24
وصورته	24
زعمهم	24
لطيفا	24
غيظا	24
أحبوا	24
خلعه	24
ونكتها	24
وأخو	24
الحمية	24
أجدر	24
ويلبس	24
اقض	24
المدد	24
أخى	24
حوالة	24
سألك	24
قضينا	24
نزعت	24
ليحكم	24
ومعرفته	24
متفرقين	24
فداه	24
شفاعتي	24
لنفسها	24
لإحدى	24
والسراج	24
والحلق	24
انقطاعه	24
بالصفات	24
فلكم	24
فألف	24
الفلوس	24
والنعمان	24
الكليات	24
القطعية	24
البنية	24
الأرجح	24
حينه	24
تاركا	24
الحواريين	24
للجد	24
والخيار	24
بالتأخير	24
طبرزد	24
فساروا	24
الرقيب	24
أوتيت	24
والعبيد	24
نهب	24
وتصدر	24
مفسرة	24
الألسن	24
إضاعة	24
الصادرة	24
بيتين	24
الحمامة	24
نصفا	24
تعذيب	24
والذم	24
عساكره	24
القهستاني	24
وحواء	24
سامع	24
فخذيه	24
قصار	24
الأهوال	24
إرم	24
والبدر	24
يتمتع	24
يستتر	24
نقطتان	24
صبري	24
صبره	24
ويحفظ	24
والخاء	24
نما	24
عاب	24
ثقيلا	24
العوارض	24
حاء	24
والضاد	24
العانة	24
الفقرة	24
فرجل	24
جحر	24
الطالبيين	24
مخبرا	24
وكونوا	24
بالنور	24
والفطر	24
البلغاء	24
جو	24
وكأنها	24
الأرنب	24
يحكمون	24
فقبله	24
صحبه	24
والديلمي	24
للفرس	24
لدليل	24
أرمينية	24
ومرض	24
الإساءة	24
نسألك	24
يغل	24
الساقين	24
واجد	24
أشراط	24
الرخص	24
المراجعة	24
كالعبد	24
مشيرا	24
بالبدن	23
وكيت	23
بسوق	23
ينتظم	23
جوازا	23
ارتباط	23
أرغون	23
الضمري	23
ارتضى	23
للوجه	23
الخفض	23
وتحته	23
العشاق	23
الذكورة	23
بالرق	23
الأصولية	23
بالعشي	23
ريش	23
عذراء	23
النذير	23
الشعار	23
فناداه	23
والأثر	23
البغاة	23
توضأت	23
المعية	23
بالقليل	23
تفرقت	23
وقمت	23
بالشكر	23
بقصر	23
وقواه	23
رواهما	23
الأقران	23
الساقط	23
بالجماعة	23
السنام	23
والسكر	23
النوق	23
الدجاجة	23
قواد	23
لفرط	23
الجصاص	23
سويا	23
فقره	23
وجاءه	23
كاهل	23
عتقا	23
أمت	23
يعذبون	23
وجدتها	23
إكرام	23
مجراها	23
سفيها	23
أجير	23
عديم	23
ودرهم	23
فليرجع	23
ويفارق	23
وإنكار	23
للأخبار	23
والطلب	23
كا	23
رجلاه	23
نصيرا	23
احكم	23
القسي	23
والقائم	23
المرسلات	23
يطرأ	23
يبالغ	23
وشريح	23
الأدم	23
الجزيل	23
فتقبل	23
الجناب	23
الوحشة	23
يقرءون	23
فالحديث	23
والذكرى	23
سورية	23
العبدري	23
بأمير	23
بجارية	23
ساوى	23
بقصة	23
ودمشق	23
سيئاتهم	23
تنطق	23
ويؤمن	23
يتوفى	23
وزكاة	23
والعيون	23
معتمرا	23
اقترن	23
آغا	23
البلى	23
طرب	23
وأنذر	23
أمنت	23
والجلد	23
الثعالبي	23
والجزيرة	23
الاقتضاء	23
القناعة	23
التعذيب	23
وشرطه	23
دراسته	23
العوضين	23
ساد	23
ثمرته	23
نسيانا	23
قدماء	23
لزمها	23
عليلم	23
أذنب	23
يتعوذ	23
العون	23
ودليله	23
والظهر	23
بحركة	23
أبينا	23
المنطقة	23
الفصيل	23
والشياطين	23
الخبائث	23
اصل	23
مصل	23
السالك	23
وإبطال	23
يهوي	23
ينازع	23
ذكي	23
وترتيب	23
العفة	23
وأقيم	23
جهلت	23
سرته	23
وخلقا	23
مساكنهم	23
سيرا	23
سوقه	23
الغارات	23
بورك	23
الخالصة	23
للفراش	23
مستقرة	23
يطوفون	23
يتعد	23
الإنكليز	23
بالجماع	23
العرفية	23
بيضا	23
التمس	23
ناداه	23
تنبيهات	23
صالحين	23
بلغهم	23
والقرب	23
والجارية	23
للدعاء	23
ركبها	23
وقلما	23
صبيان	23
شاملة	23
رومية	23
طهرا	23
لمخالفته	23
العتاق	23
وقاية	23
يصار	23
التضمين	23
باردا	23
رديئة	23
الاختبار	23
أخوين	23
ويليه	23
ركبوا	23
تصديقا	23
بسبعة	23
تقى	23
المقول	23
وطبقتهم	23
يستحل	23
وإليها	23
الصبية	23
النشاط	23
مماليكه	23
المصرح	23
شكوى	23
أجورهم	23
الأمد	23
يدرون	23
كحال	23
الخلطة	23
النعيمي	23
المقرى	23
يحمي	23
امتلأت	23
نسبوا	23
ذهبنا	23
أتموا	23
يروون	23
أفعله	23
وزنها	23
فقتلته	23
كيفما	23
فارقها	23
السخاء	23
يشترون	23
فكرهت	23
العبث	23
تبعية	23
المشابهة	23
حييت	23
عبدوا	23
ندعو	23
إحاطة	23
متوسط	23
نجزي	23
فاعلموا	23
فرعا	23
شمالي	23
البدو	23
وعني	23
الإضرار	23
اليومية	23
احمر	23
حدها	23
عاهد	23
بالكف	23
لأننا	23
تأتى	23
فبادر	23
تذكير	23
فقدموا	23
الكبرياء	23
ذاهبا	23
إصبعه	23
القويم	23
بالمشرق	23
لولاه	23
الزند	23
للمريض	23
وعندما	23
والمعارف	23
وأحكم	23
المفرط	23
النظامية	23
وشيخه	23
والياقوت	23
تطيق	23
وضاق	23
ويمشي	23
فعجب	23
بألفي	23
الاحتلام	23
والأعيان	23
والعز	23
غافل	23
الدروع	23
أمرته	23
المير	23
الطرد	23
بشهادته	23
للظالمين	23
جاوزت	23
الجمعان	23
بقاع	23
آب	23
شربا	23
حقوقه	23
كتفه	23
كذبهم	23
الحميدة	23
يغنيه	23
تحركت	23
تنفق	23
غشي	23
تتناول	23
الرعيني	23
والعدالة	23
شراؤه	23
العلياء	23
ونعوذ	23
وعرضها	23
يومئ	23
أجران	23
يوص	23
بالعقود	23
المنارة	23
أوقاتها	23
وبالضم	23
البازي	23
وأخاه	23
الأسى	23
أنصاري	23
اللقمة	23
فيحل	23
بالايمان	23
انصراف	23
يتأول	23
وتوضأ	23
التالف	23
صاعقة	23
دارة	23
يسألونه	23
جنوده	23
غزير	23
وانقطاع	23
وأمثالهم	23
مميزا	23
هابيل	23
يحدثنا	23
السحابة	23
بالأموال	23
إيثار	23
أعادها	23
بقزوين	23
المتخلص	23
مؤونة	23
تزد	23
يسبقه	23
بكافر	23
والعقود	23
التفتازاني	23
تبصرون	23
وسوى	23
وحضرت	23
ومقام	23
كيت	23
الموقع	23
مسموع	23
بوجوبه	23
عليكما	23
السادات	23
الإنعام	23
سرد	23
الأخلاط	23
بسرة	23
والمائة	23
لخروجه	23
وحوله	23
غائبة	23
زادوا	23
ووزن	23
المشكلات	23
يجحد	23
اعرف	23
إمامنا	23
يتأذى	23
الساباطي	23
سقيت	23
يعملوا	23
حراش	23
الحقة	23
المحبين	23
منطلق	23
وثمان	23
للزيادة	23
للإشارة	23
وقلوبهم	23
مودع	23
الكاهلي	23
بطلانها	23
بانقضاء	23
فلاة	23
الفئ	23
ضاعت	23
فوافق	23
العشي	23
بذلت	23
الحقد	23
عقبيه	23
وأيما	23
الأوحد	23
لتبين	23
الأمارة	23
البينتين	23
فعد	23
النقي	23
قامة	23
جلسة	23
منقولة	23
الانعقاد	23
العيص	23
المحرقة	23
وتقدمت	23
بالثوب	23
والمحرر	23
المتبايعين	23
الأزرقي	23
جئتم	23
وزوجه	23
أجيرا	23
امكان	23
نهد	23
والمحصنات	23
يفيق	23
يمسها	23
يلحقها	23
وطريقة	23
لزيارة	23
بالاسناد	23
الدعاوى	23
التقابض	23
نباته	23
للجنة	23
تخيل	23
بالبعض	23
وصريح	23
الأكوان	23
آمنتم	23
خالته	23
الدواعي	23
شيأ	23
قوسين	23
ودفنه	23
مفصلة	23
للشهادة	23
صفحات	23
يختلط	23
ألفت	23
نصح	23
والعنب	23
جموع	23
بنواحي	23
أجلس	23
فأنشد	23
المنصوري	23
لذو	23
مرضاة	23
الجلاء	23
لحكمه	23
للحسين	23
أحدثت	23
فانتهوا	23
عاهدوا	23
أبرز	23
الفحص	23
وطلبه	23
نافذة	23
سافرت	23
زمانهم	23
وغزا	23
مذاهبهم	23
التأخر	23
درستويه	23
المساء	23
أجلهن	23
أدوا	23
وتقوم	23
وعليهما	23
قابضا	23
التجلي	23
أمله	23
خبيثة	23
الشوكة	23
الكساء	23
وطلبوا	23
يتشهد	23
إمضاء	23
متقدمة	23
لتعلم	23
شارع	23
خربت	23
مطلعها	23
الربط	23
الأزجي	23
الاستنابة	23
متين	23
كبره	23
وباطنه	23
الذكاء	23
ونزهة	23
اختلافهما	23
النوائب	23
صامت	23
وكفارة	23
يشتريها	23
المخيط	23
معاينة	23
راحلة	23
والحديد	23
يهودية	23
ينفى	23
العيناء	23
المعتادة	23
الأرموي	23
حمالة	23
جز	23
تجار	23
الذوات	23
واجتمعت	23
فأدخله	23
الخزائن	23
ظلام	23
بالبكاء	23
فمرت	23
غره	23
يذهبون	23
ويندب	23
والجمل	23
المنافاة	23
ألستم	23
نهاهم	23
تنتظر	23
قمتم	23
أشجار	23
والأسماء	23
محتجا	23
سببية	23
نحبه	23
الجفاء	23
اضطجع	23
يرضاه	23
تقيا	23
طائعا	23
المحجة	23
يحبهم	23
ثوبك	23
المتصرف	23
أصدقها	23
لإزالة	23
ريذة	23
واليتامى	23
التيه	23
مهلك	23
وصام	23
المجال	23
تعليمه	23
صاف	23
دخلتم	23
هودا	23
أبدانهم	23
تفكر	23
الرصاص	23
قضاها	23
كسوف	23
عق	23
كالتي	23
بالسرقة	23
للسجود	23
خيله	23
قاس	23
ووالده	23
والقبح	23
زاي	23
وضده	23
أثنائه	23
لابتداء	23
الصم	23
طلقتم	23
المرئي	23
والجماع	23
المجرى	23
مضطجعا	23
والتنبيه	23
ألفها	23
نكن	23
بقم	23
يقرض	23
ضار	23
أنهى	23
المفضول	23
للتحريم	23
استشكل	23
ترجو	23
ونجا	23
الروحانية	23
الخيمة	23
أضافه	23
والمستوعب	23
الوسخ	23
وعقيل	23
المعاهد	23
سموه	23
بالشهرة	23
شاذا	23
ونال	23
فمرض	23
باحتمال	23
ويملك	23
والفائق	23
المثلي	23
الأشرار	23
دمائهم	23
تأتيه	23
بشيرا	23
مائل	23
الثقافة	23
ويزعمون	23
والمبالغة	23
فدخلنا	23
شقصا	23
الناقصة	23
لجنة	23
المطي	23
سمر	23
مقبولا	23
كدام	23
وطلع	23
المقصور	23
التواب	23
ألذ	23
جاهدوا	23
والنفاق	23
البساط	23
المحسوس	23
خزي	23
تتحرك	23
الملاح	23
الفساق	23
ألفان	23
والنصراني	23
متفاوتة	23
الإشارات	23
إطلاقهم	23
وقرة	23
منزلها	23
عظماء	23
مطير	23
عبث	23
وحمد	23
بالتلبية	23
أحرمت	23
بالتسبيح	23
ملكك	22
وتوكل	22
بلحم	22
يتخلص	22
النظرة	22
فأخبرناه	22
واختص	22
ينعم	22
هاجروا	22
بشرب	22
والوصف	22
بالكراهة	22
الهام	22
وتجمع	22
والطعن	22
نصيبهم	22
اللص	22
جذب	22
ويعد	22
صبية	22
فأفطر	22
منفصلا	22
الوطنية	22
القصائد	22
يفسده	22
الامامية	22
بالمطر	22
الامتحان	22
يقبح	22
لدنك	22
الفتاة	22
وأقم	22
تحبس	22
نقطع	22
ويجيء	22
خبرهم	22
جنوب	22
أعرضوا	22
النجود	22
اعلموا	22
آناء	22
يشم	22
اعمال	22
جمهرة	22
والمشاهد	22
الشكوى	22
الايضاح	22
وجميل	22
يبارك	22
تنازعوا	22
إلغاء	22
لأفعلن	22
بتأخير	22
ورضوا	22
النفسية	22
وسلمت	22
الشأم	22
سطرا	22
مايو	22
يدنو	22
تزعمون	22
جدير	22
نازع	22
سبيلها	22
بالملائكة	22
حاجتهم	22
المجروح	22
أرضين	22
وتقريره	22
وأحق	22
وتاب	22
الخطية	22
والصدر	22
فأخبروه	22
بصاع	22
ويكسر	22
جورا	22
والكلبي	22
عداده	22
والعروض	22
تزداد	22
تأتينا	22
الخريف	22
صوحان	22
منعة	22
الأشعرية	22
يؤتون	22
سميعا	22
يرجم	22
عريب	22
تعاد	22
بالحفظ	22
وخاتمة	22
ويطهركم	22
فصدقه	22
وقربه	22
فريد	22
وأفطر	22
بالفصل	22
الجهتين	22
معتب	22
مبسوطة	22
البوادي	22
محكوم	22
التبديل	22
والإنكار	22
غبت	22
يهتدى	22
استغفروا	22
لموضع	22
كريز	22
الثوم	22
ومجرد	22
لكيلا	22
والحرص	22
جواري	22
التداوي	22
لاثنين	22
بالحسنى	22
بعلها	22
سؤالا	22
نبذة	22
وبغداد	22
التعويل	22
تذر	22
منظر	22
تتصل	22
مشركون	22
والرغبة	22
تنصرف	22
للنكاح	22
وأيديكم	22
أظفاره	22
علمناه	22
تأثيرا	22
النقلة	22
نتائج	22
النسوي	22
ذريتي	22
ضمه	22
والجواهر	22
قتاله	22
يستحقون	22
مشتر	22
الصالحية	22
والتوكل	22
الوثيقة	22
فيقسم	22
مستحقة	22
المولوي	22
فبايعه	22
أدبه	22
المنتظم	22
وطعن	22
إيمانها	22
والعظمة	22
والمجوس	22
وعلماء	22
حصير	22
هزيمة	22
لحظ	22
وضوءا	22
الحيوانية	22
وتزوجها	22
سلعته	22
الحقير	22
التعاون	22
جمعهما	22
والنذور	22
الجهضمي	22
التكرير	22
أجنحة	22
وأطراف	22
الحائل	22
الشهرزوري	22
مدركا	22
لانقطاع	22
ثقب	22
فكثر	22
خطوط	22
والراجح	22
اتجه	22
رضينا	22
يصاب	22
ومغاربها	22
ملوكهم	22
المعنوية	22
ويخالف	22
ألفية	22
آباؤنا	22
أسدا	22
تطرق	22
مسكنه	22
تمامها	22
تفاصيل	22
الآنية	22
يفتتح	22
للعلة	22
العاجلة	22
وصلنا	22
وسهيل	22
ويديه	22
وناظر	22
الحجازي	22
فخلق	22
وعشيا	22
أسكر	22
كالأب	22
الروافض	22
قلق	22
مج	22
ناقض	22
الفاخر	22
فيجري	22
الاثم	22
وتسلم	22
بلية	22
مضطر	22
مسحه	22
يضعها	22
المالين	22
العصور	22
والهادي	22
سمك	22
الشفقة	22
والخلع	22
الطرابلسي	22
النهاوندي	22
عظاما	22
فانطلقوا	22
بثمانية	22
والدروس	22
طلقني	22
الفحول	22
والفاجر	22
قسطا	22
الإسراف	22
مقصد	22
عرفهم	22
كالعلم	22
التعامل	22
تت	22
تسبب	22
الجفون	22
مسنون	22
الهرة	22
نبعث	22
القرع	22
أبد	22
سماهم	22
تصوره	22
تنظرون	22
النعماني	22
الغداء	22
تعصيبا	22
بأسنا	22
ورقها	22
القيل	22
يعملها	22
قس	22
نعته	22
اقترب	22
العواقب	22
والسر	22
حادثا	22
ترضون	22
الخصاف	22
يلين	22
والفرج	22
وعجل	22
الإبط	22
الهالك	22
وتدخل	22
ومقدار	22
أربعتهم	22
عادية	22
جاءته	22
فولاه	22
وأنهما	22
والتمييز	22
الخصام	22
فالآية	22
فاذكروا	22
بليت	22
تؤمر	22
وفتنة	22
فأحببت	22
أذني	22
تمنعه	22
عدوى	22
أثبتوا	22
بالميراث	22
للسببية	22
يخالط	22
سيئ	22
فاتخذ	22
ينته	22
ضبيعة	22
حمية	22
فنهض	22
لرد	22
واجتهد	22
مفاد	22
الجزئيات	22
حرمنا	22
والخضوع	22
فأخرجت	22
اختر	22
بالنقد	22
ابيه	22
السترة	22
غضبت	22
ولدان	22
وقعا	22
والبعير	22
والميل	22
بأذان	22
رسلك	22
كاليوم	22
عريان	22
بالسلاح	22
الجذام	22
قادم	22
قارن	22
أسئلة	22
اتفاقهم	22
حظي	22
نقاتل	22
بالواحد	22
ويتعلق	22
تراضيا	22
اليك	22
طفيل	22
ملاعب	22
الأغصان	22
عشق	22
سمينة	22
أجاد	22
صحراء	22
وسلمه	22
مدلس	22
بحثا	22
الاستناد	22
يضيف	22
هديت	22
ظلل	22
قعودا	22
استعان	22
الغور	22
ومولى	22
أرسلوا	22
أرشد	22
بتركها	22
إجمال	22
متفاضلا	22
يثبته	22
الزيدي	22
صلاتنا	22
بالرضا	22
كاظم	22
لمصدر	22
فكف	22
فهكذا	22
ويعني	22
مائلا	22
مساعدة	22
الراسبي	22
والشهود	22
الإيقاع	22
الإخلال	22
تسبق	22
يشتهي	22
لأمور	22
شحمة	22
سلالة	22
وينتهي	22
سمينا	22
تدارك	22
فغدا	22
خردل	22
وحط	22
معبود	22
ويعبر	22
واكتفى	22
حالهما	22
دونكم	22
وعدوا	22
أيقن	22
المشروعة	22
قسامة	22
فاندفع	22
مستحبا	22
تحتية	22
المعجز	22
فكرة	22
الرئة	22
باليقين	22
منافعها	22
وإسناد	22
العرايا	22
وأرجلهم	22
أظهرهم	22
المجاور	22
حكمي	22
مشتقة	22
وكأنهم	22
بنتي	22
فقولان	22
بربهم	22
يذل	22
انت	22
جهتين	22
شراح	22
النحويون	22
وبداية	22
هواها	22
النسر	22
وبث	22
فضلهم	22
شمعون	22
سقوطها	22
يفت	22
وبدر	22
أندادا	22
ثقلت	22
والعطف	22
الأغذية	22
والوافي	22
القد	22
آتنا	22
بلقيس	22
جلالته	22
الواعظين	22
وبطلان	22
الرجحان	22
تيممه	22
لداود	22
بالجزيرة	22
رتبته	22
موانع	22
دؤاد	22
الدميري	22
ريقه	22
خلفك	22
البغال	22
ومنتهى	22
رهم	22
بقدرها	22
أضمر	22
وتعين	22
والجنون	22
يعرضون	22
العاجل	22
لخلق	22
الجرب	22
مقطوعا	22
وطأ	22
البهبهاني	22
تغفل	22
حميدة	22
سمعتها	22
سراويل	22
فوضعها	22
برسم	22
السورتين	22
نسختي	22
مستحقه	22
وأغرب	22
أود	22
ودنا	22
غال	22
مطاع	22
استمع	22
أحصن	22
النشوز	22
الاهتداء	22
يستحقها	22
إثباتا	22
وغلط	22
ودليلنا	22
فعدم	22
كبدي	22
هاتوا	22
تمتنع	22
مطل	22
مدائن	22
الأجداد	22
يسمونها	22
أقعد	22
وشاع	22
لئيم	22
أعمالا	22
الطيرة	22
والمحفوظ	22
تقليده	22
تركتم	22
يقرؤها	22
أمامك	22
الأجلين	22
فأدى	22
غب	22
الخزي	22
تعيش	22
ويحدث	22
والظلمة	22
كلامهما	22
يشرف	22
سليط	22
أدت	22
مرضية	22
منافقا	22
أنبئكم	22
الأكرم	22
اللطيفة	22
تحلف	22
الصفي	22
مفتوحا	22
اندفع	22
موالاة	22
ويح	22
صاحبهم	22
المستضعفين	22
يريبك	22
بقائها	22
النكتة	22
الآجر	22
أوقاته	22
العجين	22
فالأفضل	22
قربى	22
فج	22
استهزاء	22
رفق	22
يخرجن	22
يصعب	22
النمري	22
المتعين	22
انكم	22
السائر	22
وغلبة	22
إظهارا	22
الطيوري	22
يتقى	22
المأوى	22
ويكفر	22
الدرج	22
ويؤنث	22
وجبل	22
وديوان	22
الصبى	22
أصلهم	22
ويزعم	22
الاكمال	22
وعمدة	22
صارم	22
الغارة	22
كفضل	22
وجودة	22
بصدد	22
ونزلوا	22
فالصواب	22
لأجنبي	22
عصيت	22
المخوف	22
وثقل	22
وأكره	22
كلتا	22
للخلاف	22
ويفطر	22
وخيار	22
القطاع	22
شيعا	22
ممر	22
والطائف	22
وأخته	22
الباحث	22
قضاؤها	22
بالشروط	22
تفيض	22
الينا	22
هيئته	22
ألزمه	22
فاعلة	22
الدفاع	22
يجاهد	22
مضجعه	22
النمط	22
وقياسه	22
عزه	22
ينكحها	22
وسلاما	22
الامة	22
أقدام	22
يدعونه	22
سوادا	22
بخبره	22
زهاء	22
أداها	22
بإخراجه	22
التنصيص	22
حلما	22
البال	22
المذموم	22
حارب	22
فسوق	22
معى	22
مضروب	22
ذكاء	22
حصار	22
ذريح	22
البواقي	22
ابطال	22
وقرا	21
والمغفرة	21
مخ	21
وعقله	21
جيل	21
شككت	21
وأومأ	21
رويته	21
حظر	21
يعطيك	21
حفيده	21
النواب	21
استدلوا	21
النقيضين	21
تملأ	21
فعرفه	21
بالكلمة	21
المسترشد	21
مأخوذا	21
وبلغه	21
بالولاء	21
خالتها	21
ميرك	21
الصفاء	21
للصيد	21
فأمرت	21
تعول	21
السيادة	21
يلائم	21
بالاختيار	21
للمؤلف	21
الاعراض	21
آذان	21
غنمتم	21
انشق	21
بقل	21
بعظم	21
فيغفر	21
رفقا	21
المشكلة	21
اختلافها	21
الطلوع	21
يضيء	21
بالشبهة	21
حولي	21
خلفة	21
تكذب	21
بالإنسان	21
والمهر	21
وأقسم	21
وأخبرهم	21
العلف	21
وادع	21
وتجعل	21
ينتهوا	21
المغيث	21
بإيجاب	21
يشفي	21
تصيبه	21
أمواتا	21
فقرأه	21
الشاء	21
رشأ	21
شروطه	21
والنثر	21
وكناه	21
واني	21
تحيط	21
سيارة	21
تسمعه	21
فسادها	21
المتنازع	21
رجالهم	21
لخالد	21
الخطا	21
واليدين	21
خصص	21
واستقبل	21
فطرته	21
قبحه	21
يشبك	21
أتابك	21
ذاق	21
وداع	21
العدا	21
يستيقظ	21
غيرت	21
الزكية	21
علوي	21
تناسب	21
وانقضت	21
للأكل	21
عادا	21
الجرم	21
أبزى	21
وخط	21
يراجعها	21
والجر	21
عنقي	21
يطيع	21
الصياح	21
حدثك	21
يرضي	21
نسأله	21
مخوف	21
يأمرك	21
حلى	21
الأشياخ	21
السلاسل	21
فانصرفت	21
فتحرير	21
فأقاموا	21
الهدف	21
الأوطار	21
ابناه	21
التزمه	21
تصرفا	21
ضعيفان	21
سرنا	21
والسعادة	21
بالطيب	21
عروس	21
بالرسول	21
للإمامة	21
تكثير	21
وأحيانا	21
وويل	21
مضوا	21
أدلكم	21
نعي	21
مدحا	21
تهديد	21
والخطبة	21
الشمول	21
إتمامه	21
الموطوءة	21
الوصفين	21
غربة	21
امرءا	21
كيدا	21
هاديا	21
يهاجر	21
المدام	21
يعتاد	21
السائلة	21
المستخرج	21
غما	21
ورائهم	21
نيام	21
حافر	21
حماية	21
اكل	21
شهوده	21
تبغي	21
حيرة	21
العشب	21
وقبر	21
النكول	21
يعص	21
تقربا	21
المصاهرة	21
الطيالسى	21
دقيقا	21
مؤتة	21
وجرح	21
يقربها	21
الشحنة	21
سالف	21
مستورا	21
يتلوه	21
يحيل	21
والحلي	21
زكاتها	21
وهاء	21
إزالتها	21
للترمذي	21
أقدامهم	21
مخارق	21
سميته	21
لذاتها	21
بتونس	21
فقتلهم	21
وقفنا	21
رفعته	21
ونهي	21
تأمرني	21
يثبتون	21
والوسيلة	21
للجهاد	21
الحريم	21
يندرج	21
هرثمة	21
الإنساني	21
شمالا	21
تعز	21
الخضاب	21
ترضع	21
واختلفا	21
الدؤلي	21
بغاية	21
أتزوج	21
جمله	21
الخمرة	21
قتلي	21
حصنا	21
عائدة	21
وفوائد	21
بخيار	21
بكفه	21
واسأل	21
فحال	21
أقامه	21
ومررت	21
لثلاثة	21
يهيج	21
وليد	21
ويجعله	21
يفرقون	21
خاتون	21
شاتان	21
بالغير	21
وجاور	21
بالدعوة	21
المتحرك	21
أصابني	21
وعدلا	21
الأيتام	21
ختن	21
عطارد	21
سجدات	21
يتفرع	21
فاستحق	21
إماء	21
أطلقوا	21
زبيب	21
بالشبهات	21
بمقابلة	21
اختارها	21
البويطي	21
احتجت	21
المشرف	21
النظار	21
احترز	21
سرك	21
ريان	21
تخافون	21
التهلكة	21
وبمن	21
وقدمت	21
المناصب	21
تنزيها	21
والنفي	21
يأباه	21
حجي	21
النسيئة	21
الذليل	21
صدع	21
أجلهم	21
سمكة	21
نهاكم	21
عملنا	21
والعصيان	21
وانتهت	21
وأطيب	21
تنزيله	21
ديانة	21
بعته	21
للشرع	21
للأنصار	21
استسقى	21
بالخمر	21
الرضيع	21
التوقيت	21
فسيأتي	21
المدنيين	21
جعد	21
وقبح	21
جماله	21
المختلفين	21
قوانين	21
خصائصه	21
ضابطا	21
السلطاني	21
فرسي	21
حرفة	21
أصابتهم	21
وبالاسناد	21
أخذوه	21
تأسيس	21
ألبس	21
التداخل	21
للضمان	21
أبيكم	21
يسلط	21
جلاء	21
التأديب	21
محصنا	21
الأثبات	21
تأخذوا	21
أفرغ	21
والتواضع	21
وعزتي	21
القمار	21
اصبر	21
المطلقات	21
القضيب	21
وأشباهه	21
للسفر	21
خلافها	21
الدهقان	21
منفي	21
المهور	21
فالأحوط	21
استقاموا	21
الجبين	21
والتشبيه	21
وبلغنا	21
بالصلح	21
دروس	21
إيراده	21
وأبطل	21
بادي	21
يداك	21
يؤاخذكم	21
يحاول	21
دعامة	21
مرتبته	21
بأصحاب	21
الشقاوة	21
راعى	21
محيريز	21
بالخصوص	21
عدنا	21
ملازم	21
قدامه	21
وإيانا	21
لأرى	21
اتساع	21
لتحقيق	21
وصحت	21
الغزوة	21
الضدين	21
أميمة	21
والبقاء	21
والاشتغال	21
تحسين	21
زلفى	21
ومتنا	21
الهزل	21
القيرواني	21
وانتشر	21
بالعطف	21
ويمسح	21
متعلقه	21
دبيس	21
يوعدون	21
أشرقت	21
قواما	21
أدخلوا	21
جيرانه	21
تعدي	21
بالميم	21
تحريما	21
التكبيرات	21
والبيض	21
جلدها	21
بفاحشة	21
صياد	21
يتربصن	21
يصم	21
مكاتبه	21
بوضعه	21
الحجيج	21
دموع	21
بألسنتهم	21
يمنة	21
المكيال	21
بغلته	21
ويحكى	21
الطنافسي	21
بقوي	21
لحقت	21
يعف	21
جوزه	21
والفكر	21
والجاهل	21
فنزع	21
يتابعه	21
الإسكندراني	21
معيشة	21
للتي	21
فآمنوا	21
مسيره	21
يقظة	21
صقلية	21
بالموحدة	21
رفقة	21
عسلا	21
والمحدث	21
خامسا	21
التوسط	21
الرواتب	21
بشهادتهما	21
جمر	21
زحر	21
ذبحت	21
وملكها	21
مهذب	21
الخبرية	21
حزينا	21
عسير	21
لبى	21
يحبسه	21
عمرها	21
وتعظيم	21
بسرقة	21
والأدلة	21
قبالة	21
تكونن	21
وللمؤمنين	21
شبهها	21
والصيد	21
يتكلف	21
أعطيه	21
طعنه	21
أفسده	21
للوقف	21
فصالحه	21
رؤياه	21
آباؤكم	21
أوصيك	21
يعطيهم	21
وطلبت	21
مسألته	21
فزوجها	21
يحتاط	21
ببذل	21
بنتها	21
أمانته	21
والبياض	21
لأنس	21
النذور	21
اخترناه	21
التابعة	21
يقود	21
بذنوبهم	21
وأتوا	21
شرهم	21
شائعا	21
الجائر	21
نوافل	21
فأخطأ	21
أعطيتك	21
مهلهل	21
تعينت	21
بسمرقند	21
الجمان	21
مكانة	21
للأنبياء	21
محالا	21
ويبدأ	21
الفتوحات	21
فناسب	21
بشاهدين	21
مطرا	21
بالثاء	21
أمارات	21
لورود	21
منامي	21
عطفت	21
فأقمت	21
البغض	21
السامعين	21
وطرف	21
الإصرار	21
لخم	21
الزنجاني	21
الوفا	21
متولي	21
أيجوز	21
محصورة	21
بالظاهرية	21
الرياشي	21
عيناي	21
وقطعت	21
دماغه	21
فنهاهم	21
مكسور	21
قطيفة	21
ونذكر	21
استدامة	21
رسوم	21
يصدون	21
تنفك	21
شرطة	21
الضربة	21
دونهما	21
قصدها	21
يتركها	21
جرادة	21
وتوفيت	21
قاتلا	21
فبلغت	21
فدنوت	21
بصرة	21
المخاطبة	21
بالمشعر	21
الاعمال	21
التوهم	21
بغي	21
جياد	21
قادح	21
الإتقان	21
بشكل	21
مغضبا	21
ذكيا	21
للمكاتب	21
سراة	21
حسناء	21
صهر	21
أظهرت	21
هدايا	21
والسماع	21
الشروح	21
خالقه	21
لمؤمن	21
يكد	21
الهرج	21
ينزلون	21
أوهام	21
والتكذيب	21
الغل	21
ويبعث	21
ونصبه	21
المأخوذة	21
يستكبرون	21
ضيع	21
مشغولا	21
مدخلا	21
بالثواب	21
القحط	21
الثريد	21
واضعا	21
يرضيه	21
وأمهم	21
والظرف	21
فانهم	21
تحالفا	21
بالشرك	21
يتلون	21
الاخلاص	21
ففزع	21
برحت	21
والسياسة	21
وبعثه	21
يفعلونه	21
أضاءت	21
يكسب	21
القافلة	21
سبيلي	21
والبعث	21
البراز	21
تولي	21
ضرعها	21
وبالكسر	21
يكذبه	21
ويقوي	21
لورثة	21
يتفكرون	21
يخش	21
جماعتهم	21
يعلل	21
الأربعون	21
سؤالهم	21
البنك	21
ليسلم	21
الأجلح	21
زبدة	21
والأبصار	21
أكثرت	21
والأنف	21
مصحفا	21
غيم	21
بتفسير	21
العقور	21
احسن	21
مخاطب	21
والغيبة	21
وفقد	21
ولآخر	21
بتمامها	21
والغنية	21
تعدو	21
الحاكمين	21
سرر	21
سفيه	21
النصير	21
مذموما	21
برهة	21
نبتت	21
ويوضع	21
الصد	21
المقررة	21
وأكثره	21
التوسع	21
للطبراني	21
أجورهن	21
حسنت	21
شفاعته	21
أحله	21
والثبات	21
ارتدت	21
فأعجبه	21
والقرض	21
لاتحاد	21
أفضلية	21
أصابكم	21
استيسر	21
ردوه	21
الأحمال	21
الجواليقي	21
مؤثرة	21
ناقتي	21
جناحه	21
فاختلفوا	21
بالسوط	21
بالحر	21
وعادت	21
بجنب	21
بالرمح	21
فاتكم	21
تنبه	21
المعلل	21
المتجه	21
الملائي	21
بالرؤية	21
العادي	21
فضلنا	21
خاصم	21
ويؤدي	21
مخلوقاته	21
حرمتها	21
أسواق	21
بضمير	21
إلحاقه	21
شح	21
وتذهب	21
الفرخ	21
المذبوح	21
والأحسن	21
والحرف	21
يستجيب	21
بالحرب	21
فسألهم	21
فأدركه	21
فأكلت	21
الجعفرية	21
والجزء	21
وكقول	21
طولب	21
بالعدالة	21
الشم	20
زبالة	20
برسالة	20
الغلاء	20
الوقتين	20
محترم	20
البلوي	20
الحرشي	20
دانيال	20
زائرا	20
الأسماع	20
الضحايا	20
محجن	20
الاستشهاد	20
بالشهادتين	20
فثم	20
أحدثكم	20
كشفه	20
منقلبة	20
قنسرين	20
مدبرين	20
زيادا	20
تشتهي	20
والأمور	20
ثقيلة	20
اختاروا	20
الغض	20
إسلامهم	20
وطن	20
تقليدا	20
أخبرنى	20
وكراهة	20
والوجود	20
التحكيم	20
مجمعا	20
المحق	20
اللاحقة	20
حريصا	20
دعيت	20
وطالب	20
متبع	20
كتابكم	20
يطمئن	20
للخليفة	20
فيقطع	20
بحيضة	20
ونوع	20
الاخوان	20
كرواية	20
الكتابية	20
للتعظيم	20
والنوع	20
سيء	20
أصيبت	20
الصهباء	20
تعلقها	20
البلغة	20
ومس	20
للقاتل	20
لابي	20
سعدى	20
محتسبا	20
فاستقبل	20
ضعفها	20
مستعملة	20
الشطرنج	20
الواجد	20
بالإعادة	20
فالضمان	20
أسمر	20
أعمالها	20
بزعمهم	20
فتعلق	20
فيذكر	20
والامام	20
وفسخ	20
والصديقين	20
والاخبار	20
فصنع	20
بالأشياء	20
فاقد	20
المتولد	20
بكتب	20
يستوفى	20
ببدل	20
تهوي	20
فاتبعوه	20
تزاد	20
كصاحب	20
أغصان	20
خبرة	20
الأورام	20
بأخيه	20
وسجود	20
زيادتها	20
ولأحمد	20
كفء	20
التكثير	20
لإرادة	20
مكنون	20
رفعوا	20
قشير	20
حطب	20
وأوحى	20
يبد	20
المحدثون	20
بحمله	20
المنكب	20
السمت	20
مسبوق	20
المأثورة	20
النادرة	20
المسيء	20
يحلل	20
وإياهم	20
عورات	20
بذمته	20
أسفاره	20
الطلق	20
الاثنان	20
خامسة	20
بإمام	20
أثمان	20
استيعاب	20
إجبار	20
بالأرش	20
وعدها	20
قران	20
القاطعة	20
فهزمهم	20
خاصته	20
المعاشرة	20
سنها	20
وسموا	20
فواحدة	20
الحرس	20
يتجزأ	20
للقسم	20
حنفي	20
الندامة	20
حقت	20
ولغ	20
عيناك	20
بالكعبة	20
غطى	20
يعوده	20
قاتلت	20
تقال	20
فأجبت	20
كهلان	20
ونائب	20
تذكرت	20
بعدنا	20
يابن	20
لبد	20
قصائد	20
تؤخر	20
الاسترآبادي	20
المرابحة	20
معارضته	20
ياأيها	20
يؤذيه	20
السفرة	20
تسن	20
وضمان	20
أخذهم	20
والبنت	20
كالطلاق	20
أشباه	20
يخشون	20
أسفار	20
وأنفذ	20
والعزم	20
بالركوع	20
ضمت	20
يمرون	20
شروع	20
والاعتماد	20
اعتبرنا	20
البصرى	20
نحل	20
وظفر	20
طيف	20
يكاتب	20
والخالة	20
فعقد	20
شرائه	20
تستحب	20
مسطح	20
فأوصى	20
ينوى	20
يعتقه	20
رتبه	20
البدوي	20
بدلوا	20
للتقوى	20
فأنه	20
وقوى	20
والحائض	20
كلمتين	20
العديم	20
بالجانب	20
فليحرر	20
أوقد	20
والكف	20
هزم	20
بشراب	20
حبسها	20
وشراء	20
فساق	20
وقبلها	20
نظمها	20
غبر	20
منازعة	20
الوزر	20
النهوض	20
ورووا	20
إكراما	20
فتبقى	20
نساءهم	20
يسجدون	20
لخير	20
قلادة	20
البسيطة	20
الملاهي	20
البلاذري	20
صدوره	20
تسميه	20
والنفساء	20
بمرة	20
تكليفه	20
إيلاء	20
حياتك	20
النسيب	20
بساتين	20
المقيمين	20
معهود	20
الرديء	20
مأخذ	20
وامر	20
صنعا	20
بالصلاح	20
الطحال	20
وجئت	20
تأييد	20
يستلم	20
والخراج	20
النفساء	20
تساوى	20
مبطلا	20
الكدر	20
يخاصم	20
الرهبان	20
الحسناء	20
والفقراء	20
مدير	20
اسمية	20
خازن	20
يراني	20
وريح	20
والسعة	20
يطبع	20
اجتماعهم	20
قاصرة	20
فيدفع	20
الكنائس	20
والبينة	20
المارة	20
اليافعي	20
ريا	20
زائل	20
آباءهم	20
فوقفت	20
المتفرقة	20
بالاسلام	20
وشفاء	20
الصلبة	20
فشربت	20
الانسانية	20
بكيل	20
يزوجه	20
والعلاء	20
الطاق	20
جنونه	20
مشيخته	20
الجبيرة	20
والعشي	20
فضحكت	20
تائب	20
هيت	20
ينه	20
طعامك	20
لغني	20
وابنا	20
لجعفر	20
بالنجوم	20
تكررت	20
بدنها	20
تشرع	20
الرباعي	20
ومجرور	20
ونام	20
والسباع	20
أفلت	20
رجالكم	20
يرحمه	20
وعياله	20
الطيار	20
يحتلم	20
ينفيه	20
وتحرم	20
الإسقاط	20
منيب	20
وصلب	20
البراق	20
وأكرمه	20
المتعددة	20
أرضنا	20
شوقي	20
حسابه	20
يغتر	20
وتهذيب	20
والسبعون	20
والرعاية	20
مرعى	20
أرسلها	20
أودى	20
لحرب	20
وجيء	20
أنواعها	20
انتفت	20
الوحوش	20
الهضم	20
والمطر	20
الصماء	20
بعثة	20
التياح	20
ساير	20
لشيخنا	20
أشاء	20
وازرة	20
ثروة	20
يستوجب	20
أصوب	20
إهاب	20
سمة	20
وحدثناه	20
نوف	20
فيجمع	20
والنسخ	20
بخروجه	20
بقراءته	20
الكتف	20
الآستانة	20
صافية	20
البطحاء	20
متفرقا	20
المستقر	20
وعنهم	20
الاخرة	20
بكنيته	20
كربة	20
بالذنب	20
والعاقبة	20
وتحصيل	20
والسحر	20
للخطيب	20
شيث	20
بالاعتبار	20
تصدقوا	20
طعنة	20
أطهر	20
كحل	20
آيتان	20
جهلهم	20
مغايرة	20
بالرضاع	20
التماس	20
أثرت	20
تفتقر	20
مكرر	20
القطامي	20
فسخت	20
إدغام	20
الفسوي	20
الاتصاف	20
دعاؤه	20
تسأله	20
والصدوق	20
مؤتمن	20
وجعلهم	20
لقيني	20
الأسعار	20
يسوي	20
يكتمون	20
مسها	20
وعظمته	20
حملهم	20
والسلف	20
التثليث	20
التركمان	20
خيرهم	20
زادهم	20
وزار	20
بالهلاك	20
أصولهم	20
ليغفر	20
فضلوا	20
الفحش	20
تقدمها	20
يقصدون	20
الفصحاء	20
ويجبر	20
والخاص	20
للضرر	20
استعير	20
يهتم	20
فخذوا	20
الضراب	20
فامر	20
التكوين	20
صومها	20
برع	20
المستلزم	20
فاسأل	20
ياقوتة	20
تبيض	20
وتميم	20
وكتابة	20
المرتب	20
وأصبغ	20
بالعقوبة	20
اجل	20
ماضية	20
يؤدب	20
السخط	20
الصنابحي	20
القبلي	20
غدوا	20
أنام	20
أوصاني	20
ملقى	20
المسافرين	20
وبرئ	20
وخدم	20
سرج	20
فأعجب	20
طبقته	20
وأخبارهم	20
باكيا	20
دومة	20
وبي	20
لقتل	20
حوضي	20
الشهب	20
مودود	20
يبال	20
نقضا	20
واعظ	20
قلائد	20
جاه	20
الأوسي	20
والانتفاع	20
فمد	20
المعقوفين	20
تعلو	20
يضركم	20
وجلست	20
وكلمته	20
عقارا	20
أعده	20
والترغيب	20
معاصر	20
للحد	20
والأشبه	20
عامرا	20
كتيبة	20
وباطل	20
يضعن	20
نتبع	20
السيئ	20
تجيب	20
بالبيان	20
قائلها	20
تحضر	20
متوسطة	20
توبيخ	20
ويوجب	20
والأقوال	20
الأولية	20
لوطا	20
مكين	20
يشرح	20
امامة	20
تطل	20
قمح	20
كأنني	20
عتب	20
كبشا	20
أفواجا	20
عنقها	20
جوفها	20
العسرة	20
انتسب	20
حفيد	20
أيبك	20
للغرماء	20
لوددت	20
السجل	20
نصنع	20
فحرم	20
سنية	20
وانها	20
وسويد	20
استقلالا	20
السلفية	20
الصبابة	20
يبخل	20
تحير	20
وسعديك	20
أفرأيتم	20
تضل	20
السهر	20
هجم	20
يصلحه	20
يتناهى	20
ذاتا	20
المفتين	20
بحاجة	20
يجلو	20
بالحديد	20
وشاة	20
الرباعية	20
البلدي	20
لحسنه	20
كفعل	20
فجاءوا	20
أثق	20
قافية	20
والبراء	20
مغشيا	20
الباقيات	20
وتلف	20
المنصف	20
فأنكره	20
حرمان	20
الحرفين	20
الظلال	20
ونقلت	20
يعامل	20
خشن	20
شرفها	20
بالاحتياط	20
ترين	20
أدبا	20
أجلك	20
فأومأ	20
الجعرانة	20
بالغصب	20
وتمر	20
المقضي	20
المفاوضة	20
الاستظهار	20
الدارقطنى	20
وفرعون	20
عصارة	20
قرحة	20
سرف	20
التثبت	20
وخروجه	20
ملكوا	20
الثورة	20
استكمل	20
الحميل	20
لجهة	20
سيروا	20
وعظيم	20
الوارثين	20
واجتماع	20
النفيسة	20
بتمر	20
اهدنا	20
والمضاف	20
ويستحق	20
وأصحهما	20
سألتهم	20
جهرة	20
طرائق	20
تعط	20
والبدع	20
بنظر	20
بكفره	20
بنصر	20
واستغنى	20
واجتمعوا	20
يتعجب	20
وألزم	20
تتوضأ	20
فيتعلق	20
ترسل	20
سفرة	20
فاغسلوا	20
عناء	20
بريح	20
الغربة	20
مولاك	20
أجابوا	20
كتابيه	20
وصفات	20
أكرمك	20
فظننت	20
فقصد	20
قراضا	20
منهيا	20
قلتين	20
فشمل	20
أينا	20
فكأني	20
مفازة	20
وفرع	20
السلطة	20
يوسع	20
معركة	20
ونصره	20
الأعمام	20
التكوير	20
ويغرم	20
أهمية	20
أيلة	20
يقبضها	20
وهلال	20
إسلاما	20
الفلس	20
الإطالة	20
استعداد	20
ولاؤه	20
بالذبح	20
المرجوح	20
حسينا	20
الخائف	20
عظامه	20
عصاني	20
غرو	20
ردهم	20
المذهبين	20
سبتة	20
وسلار	20
تستغفر	20
مطيعا	20
الخصلة	20
الرواسي	20
يجامعها	20
الكعب	20
وصرفه	20
بتربة	20
ودا	20
كرامته	20
وجوهها	20
ويجعلون	20
كوني	20
فسلموا	20
ضرع	20
باله	20
محي	20
فقبلت	20
فيأتون	20
الظلماء	20
ينفعكم	20
ندا	20
غزل	20
بالأذان	20
واللحية	20
مصرحا	20
فزال	20
النقيض	20
أقبلوا	20
يطرق	20
يضمر	20
نظري	20
ودمه	20
جهاده	20
للثواب	20
ورغب	20
الوزان	20
التبصير	20
فاستجاب	19
موج	19
الماضين	19
غرامة	19
بالمعصية	19
الدنية	19
والشجاعة	19
بالسلامة	19
حسبة	19
وكرهه	19
محسوس	19
وأحسبه	19
الحنائي	19
المثلين	19
نوادره	19
ليشمل	19
تسمعون	19
فراقه	19
تشقق	19
أركانه	19
مظهرا	19
دجانة	19
الخلو	19
أملاك	19
وذروا	19
تبعهم	19
الاسلامي	19
فدفعها	19
بحرام	19
التبر	19
للعتق	19
الإنتصار	19
مهل	19
سدى	19
فلبث	19
مضل	19
الفاروق	19
وحلية	19
بالخل	19
كهمس	19
وجهز	19
أبناءهم	19
مصير	19
فاخذ	19
بأمه	19
حوائجهم	19
منابر	19
المتهم	19
عبسة	19
صامه	19
الأصبع	19
شاركه	19
تسميتها	19
يتخيل	19
تاشفين	19
حبال	19
الموازين	19
تنفر	19
فيأخذه	19
أعطه	19
ذنوبا	19
والبراءة	19
يقبلوا	19
الربانية	19
فروعه	19
والمنطق	19
الدوسي	19
الحضارة	19
معتقد	19
بمسألة	19
المعاجز	19
وأقله	19
إعارة	19
ذليل	19
جانبيه	19
انقلاب	19
فرفعه	19
مشتغلا	19
والحجاج	19
فلبس	19
كرا	19
فسمعه	19
المولي	19
باي	19
غرور	19
واللعب	19
زلزلت	19
سقاية	19
وجلد	19
الاثبات	19
ليصل	19
مندوبا	19
شهران	19
المطايا	19
وضل	19
جائع	19
تغضب	19
الوسع	19
وحضور	19
ببقية	19
فأخذتهم	19
بأهلك	19
ولكان	19
نورث	19
وجعه	19
انهدم	19
يدلس	19
وجمل	19
الملقن	19
الفوائت	19
أمراض	19
السراء	19
كبارا	19
رحما	19
فخير	19
يجتنب	19
وزمان	19
فأتم	19
وبطلت	19
مدعى	19
بسلطان	19
عبدنا	19
شكوا	19
يقيموا	19
ندخل	19
يعضد	19
والفوائد	19
يتطوع	19
يملي	19
دولتهم	19
ونثر	19
المؤكدة	19
واحدهم	19
تسر	19
فشد	19
مساكن	19
اطمأن	19
ببسم	19
الجان	19
السالكين	19
برفق	19
وليث	19
وعينه	19
والجرح	19
اختصارا	19
بكتمر	19
أتكلم	19
المعقولات	19
وبنحو	19
تنسى	19
تضييع	19
المرضية	19
تنتج	19
آثما	19
أحدثوا	19
وطرح	19
معدوما	19
تبرعا	19
البرماوي	19
الجيلي	19
غافلون	19
بغل	19
وهبها	19
أقارب	19
المطابق	19
يعزب	19
أوصني	19
ويقوى	19
الثاقب	19
عدته	19
قائلين	19
واحتسابا	19
أتعرف	19
تأبى	19
برضاه	19
قرائن	19
فرحل	19
حكايات	19
نقصها	19
بهمذان	19
فقدر	19
غيرهن	19
سندها	19
نقط	19
فنصب	19
لغيرك	19
ويموت	19
الدقيقة	19
رمق	19
الغالبة	19
ويتوضأ	19
يرويها	19
النظرية	19
ولصاحب	19
أخرها	19
أبرح	19
جوانبها	19
أشقى	19
وظلمة	19
أربى	19
وبايع	19
الفتاح	19
أثبتنا	19
التوزيع	19
مليك	19
يستغفرون	19
نقية	19
مطلوبا	19
إصبعا	19
بقلبي	19
يردوا	19
صنما	19
فيأكل	19
وليدة	19
الحلاوة	19
والوسطى	19
كفنه	19
والموزون	19
يجف	19
راد	19
يسئل	19
زعفران	19
فتناول	19
وكماله	19
ألفاظها	19
المنقوطة	19
رجوت	19
مجده	19
للخدمة	19
المنصورة	19
الاصل	19
التركماني	19
انعقدت	19
بقبضه	19
كفرتم	19
الناصح	19
فارغ	19
الفروق	19
نويرة	19
تدخله	19
بلازم	19
حسابهم	19
فقلن	19
تزكى	19
الجندل	19
والسارق	19
فأعلم	19
النفوذ	19
المضار	19
باستعمال	19
بعل	19
كمنع	19
تبعد	19
والجبن	19
استقبلت	19
أحداث	19
والراحلة	19
يسوى	19
حضورا	19
ناجي	19
مشروطة	19
انتقاله	19
للمشترى	19
النافي	19
والتصريح	19
كالصحيح	19
ضالا	19
السقيفة	19
وراءهم	19
تستقر	19
ومكث	19
واستحق	19
يدافع	19
الهيئات	19
الدامغاني	19
ظلت	19
اقتتلوا	19
مكرما	19
أدق	19
فاقطعوا	19
لأولاد	19
بالروايات	19
الإيجاد	19
البغداديين	19
وكفروا	19
النصل	19
المنكبين	19
كرجل	19
ومضت	19
العدوى	19
القسطلاني	19
البيروتي	19
سمعناه	19
التهجد	19
الانصاف	19
اعلام	19
الراوية	19
الانس	19
رقه	19
مثليا	19
مسألتان	19
جمالا	19
المنان	19
وفيمن	19
البقول	19
ووعده	19
الخطباء	19
ناويا	19
مشيته	19
مجاعة	19
الحيطان	19
وغرم	19
مستعار	19
الرفض	19
الجعابي	19
نعمتك	19
الهلكة	19
والكواكب	19
أزرق	19
مؤيدا	19
يجيبه	19
ارتفاعه	19
الشاهدان	19
الإلحاق	19
يؤلف	19
أحسنه	19
والنحاس	19
والحرير	19
الإسماعيلية	19
شفى	19
المادية	19
أجهل	19
الوجدان	19
والابتداء	19
عجيبا	19
بالمهر	19
العدنانية	19
ليرجع	19
فسقه	19
والرفق	19
والرمي	19
مكانهم	19
واستظهر	19
المعد	19
ذوق	19
لمطلق	19
غافلا	19
نزه	19
ضحكت	19
ماءه	19
تمادى	19
مستمرا	19
موزون	19
تعالي	19
يقرؤون	19
المبنية	19
ولهذه	19
الصقلي	19
والقعود	19
التضحية	19
والتعليل	19
بجنسه	19
التوقيع	19
أرجلهم	19
القردة	19
حلوة	19
وينقل	19
رقيقه	19
التصحيف	19
غلت	19
القليب	19
استقامة	19
وقدرة	19
فوصف	19
فعرفنا	19
القبلية	19
أمسكت	19
مواقف	19
يلبسون	19
سألهم	19
وأسأل	19
وأيا	19
الأسف	19
والهند	19
مكن	19
أنواعا	19
أغرب	19
أشيم	19
مجئ	19
فترد	19
وصيغة	19
الفارقي	19
وأتموا	19
الميسرة	19
قرشي	19
المتنجس	19
ملكين	19
شفير	19
دلو	19
الرايات	19
أكنت	19
الأشكال	19
أتصدق	19
الطارئ	19
حكايته	19
حيدرة	19
التنكير	19
والخشوع	19
المذنب	19
سقاء	19
تفرقا	19
الإلحاد	19
معذورا	19
امير	19
بالحد	19
بالرقة	19
العول	19
غادر	19
قتلني	19
تسألوا	19
يطاع	19
يقدمون	19
وترفع	19
النملة	19
تلحقه	19
وجدان	19
صدقها	19
ويؤخر	19
بالحيض	19
عميق	19
العمود	19
غيظ	19
بحرب	19
والموعظة	19
تتبعه	19
يدركها	19
الشفا	19
الرأى	19
التجارات	19
الفوزان	19
النبيون	19
سنام	19
وكافر	19
اشتق	19
والترتيب	19
اعترفت	19
متفقة	19
والوجوب	19
الر	19
سبا	19
مستوية	19
ورضاه	19
ويرث	19
الصفين	19
احتماله	19
حدته	19
الفاصل	19
والأعرج	19
بمجرده	19
يضعفه	19
بحسبه	19
النثر	19
بقياس	19
الناشئ	19
استناد	19
المقرىء	19
صرة	19
ويرسل	19
وأجود	19
للجهل	19
المحمودة	19
حليا	19
الايلاء	19
حدير	19
إيجابه	19
وقلبي	19
انتبه	19
آيتين	19
أعذر	19
منار	19
عرفناه	19
المطاع	19
ويرده	19
ببيعه	19
اللئام	19
بالتوراة	19
ومريم	19
الحنيفية	19
وبلا	19
استأذنت	19
مضيق	19
والعائد	19
بكتابة	19
الطلقة	19
بجيرمي	19
عالج	19
الرسوم	19
القطيعة	19
وعترتي	19
اليمانية	19
والموجود	19
والقديم	19
بالاشتراك	19
مستأنفا	19
بخلافها	19
لذين	19
الترب	19
وليل	19
فكلهم	19
مرجعه	19
ألب	19
الجسمانية	19
نسيها	19
بإسلام	19
حرفان	19
الخطبتين	19
الموجودين	19
قرىء	19
يزين	19
وأعطيت	19
بث	19
والغنيمة	19
فخرا	19
يصبه	19
قيامها	19
استدعى	19
فيؤدي	19
المعرب	19
فولي	19
توقيع	19
ظالمين	19
شكورا	19
تشق	19
وذبح	19
سوم	19
نأت	19
والأعلام	19
مكاتبته	19
لقاءه	19
تضعيفه	19
مؤنته	19
مآ	19
بجوازه	19
رزقها	19
صنيعه	19
بعوضة	19
دفعته	19
يعصي	19
نظن	19
حواشيه	19
والعبرة	19
فياض	19
بالطلب	19
نطلب	19
ونظرت	19
القوام	19
الندوة	19
فشهدوا	19
خريفا	19
بأفعال	19
يكفن	19
تمهيد	19
تحرق	19
والحياء	19
المنتشر	19
بقولنا	19
وفرح	19
واعتقاد	19
الملتزم	19
الاحتمالين	19
البوشنجي	19
ينبني	19
بايعوا	19
سيان	19
لضعفه	19
الصائد	19
الإذخر	19
اتصاله	19
إهلاك	19
بالنحو	19
يوفي	19
بذر	19
اللحى	19
علمائهم	19
أذاه	19
شروطهم	19
جزئي	19
والروياني	19
المصرى	19
بلنسية	19
شكور	19
والبلاء	19
عجلت	19
التجارب	19
جبارا	19
أعوان	19
ضيقة	19
الفاني	19
العقدة	19
يبرد	19
الآخران	19
المساوي	19
ولأنهم	19
خاطره	19
الدائن	19
بالنكول	19
للنفي	19
البزي	19
اللؤم	19
حميدا	19
قمنا	19
الطرقات	19
لأصحابنا	19
الأتباع	19
يشتهر	19
تقيد	19
مساء	19
فصام	19
والدته	19
ففر	19
كتابية	19
وتركنا	19
لأبيك	19
جليس	19
الحصير	19
يكتف	19
فسرنا	19
جحادة	19
بالثانية	19
شعيبا	19
اجعلوا	19
بالك	19
ورثت	19
عارضة	19
بالقسم	19
السلامي	19
حاسد	19
تروى	19
لجأ	19
يعش	19
والمثل	19
والضرر	19
المستمر	19
الإفساد	19
وأموالكم	19
الشذوذ	19
مقارنا	19
كالصريح	19
الخديوية	19
المحروسة	19
فالأظهر	19
أملي	19
تروي	19
وينفق	19
وثواب	19
يردا	19
حزبه	19
وصنع	19
وحلب	19
معالي	19
اعتماده	19
بالبادية	19
أضيفت	19
ويختص	19
وقس	19
والإخبار	19
وكأني	19
والضحى	19
الرفث	19
أفسدت	19
فذهبوا	19
مطالعة	19
للطهارة	19
تأثيره	19
متضمن	19
لفضل	19
البطش	19
يوقد	19
وشراب	19
دورهم	19
اليونان	19
عاملين	19
لليلتين	19
الأمتعة	19
يحضرني	19
كافي	19
الأخوان	19
أصرم	19
وإنباء	19
قيسا	19
إلهك	19
وخلا	19
مقالا	19
كماء	19
التكبر	19
الأفطس	19
مهيبا	19
قسمتها	19
توابع	19
حطان	19
الكرخ	19
الأعادي	19
الماعون	19
موتى	19
أغصانها	19
حاجبه	19
المحامد	19
أخلاط	19
المركبة	19
أجازوا	19
التنفل	19
متيقن	19
انفراده	19
صعيدا	19
ألين	19
والناقة	19
تأت	19
يصادف	19
الصديقين	19
سكوته	19
ومدحه	19
باشد	19
المضارعة	19
اسقاط	19
يبل	19
حصينة	19
خلي	19
ماجيلويه	19
تجزئه	19
فأجازه	19
حيال	19
وانصرفت	19
الكذابين	19
حى	19
ومحبته	19
ركوبه	19
الإيصاء	19
أبانا	18
تلق	18
شهريار	18
مدد	18
ضمضم	18
المثانة	18
وطرق	18
سائلة	18
بربع	18
يتعبد	18
ببيروت	18
الباقى	18
مجدا	18
حريق	18
باعث	18
ساقيه	18
الساري	18
الاله	18
وعلينا	18
لدخوله	18
المحبوبي	18
آبائي	18
مجاري	18
وعبادته	18
والخليل	18
الإكليل	18
الخفاجي	18
ألما	18
آبائكم	18
أجلى	18
والطيبات	18
لوالده	18
المعهودة	18
أصحها	18
تردى	18
جفن	18
وذكرهم	18
كقطع	18
وأعيد	18
مفروضة	18
طهرها	18
انفصال	18
الاستغاثة	18
التاريخية	18
يؤتي	18
قطاع	18
ويصلون	18
هاه	18
عاريا	18
البرص	18
ووجدنا	18
انفراد	18
اللب	18
وأهلي	18
والفتنة	18
أوى	18
تحملها	18
نسبها	18
للناظر	18
وارتحل	18
والرقيق	18
أله	18
مخطئا	18
ارم	18
النسمة	18
ظلها	18
امتداد	18
وقريش	18
الدود	18
فاختة	18
بنجس	18
نشيط	18
مظلوم	18
فأرسلوا	18
الرياضة	18
والأشربة	18
الجزئي	18
الزقوم	18
إيانا	18
معارف	18
ظاهرين	18
السام	18
العبور	18
فليغتسل	18
وطواف	18
ويجزئ	18
نهاني	18
الجادة	18
فنظروا	18
حشو	18
أبغضه	18
قوتها	18
ينظم	18
الزائر	18
والتخصيص	18
وأزواجه	18
المغرور	18
يغلط	18
نجاح	18
حريص	18
شكله	18
واعترف	18
التبس	18
والأشهر	18
رسائله	18
الخطوط	18
بقيمتها	18
وتعيين	18
چه	18
آزر	18
أوانه	18
عقيدته	18
والسن	18
بإصبعه	18
أخبروا	18
وى	18
مرجوح	18
استبعاد	18
ووالله	18
خطل	18
لبسها	18
بالنجف	18
نسائها	18
فيفيد	18
بيانية	18
غمرة	18
ويتوب	18
ومنزل	18
تمد	18
سعيا	18
العصفور	18
آتيه	18
إخفاء	18
فوطئها	18
خوطب	18
الموازية	18
خوار	18
الصنع	18
صلحت	18
متهما	18
مصاحف	18
قررنا	18
وأرش	18
وبيض	18
لوم	18
أبوابه	18
مره	18
والصلوات	18
منعا	18
متوقف	18
الأشناني	18
مثوى	18
ومالا	18
دواعي	18
ترقى	18
مرضيا	18
فتلقاه	18
يخالفون	18
والبائع	18
بألفين	18
اراد	18
التكاثر	18
التفاح	18
الوصيين	18
الحديقة	18
بطريقة	18
التمرة	18
والاجتماع	18
خذي	18
للغسل	18
القابسي	18
ناظرة	18
نستطيع	18
يؤمرون	18
فيقتله	18
وافقت	18
فتفرق	18
زارني	18
أخرجته	18
طبرية	18
حالت	18
يصيد	18
معاد	18
سيوفهم	18
أنتن	18
الطاغية	18
حدثنيه	18
الكرابيسي	18
وحكمها	18
للأخ	18
الرافع	18
فواضح	18
الخليقة	18
الأحزان	18
وتدبير	18
تحض	18
لتوقف	18
رزقك	18
أناخ	18
يسلب	18
حبيبه	18
أختك	18
بثمنها	18
موعد	18
مدت	18
تكسب	18
الواصل	18
البحرية	18
قاموس	18
أرضك	18
دوس	18
معقولة	18
معدة	18
يعتمر	18
يجزىء	18
خوفهم	18
سحابا	18
حلمه	18
عقبى	18
لامرئ	18
رماها	18
والفرات	18
الحيتان	18
وحسب	18
والشريف	18
والجسم	18
فبكت	18
حافيا	18
الرفقة	18
وأمهما	18
السمح	18
قنبل	18
أتقاني	18
والجاه	18
يكرب	18
أعقب	18
فالتقوا	18
فالدية	18
التذكية	18
اعتزل	18
إضرار	18
فأرادوا	18
وعبدة	18
ذاتي	18
وشذ	18
ماردين	18
رابعها	18
والمرء	18
جنتان	18
منكبه	18
ويشتري	18
ولعدم	18
لجبريل	18
يلم	18
ليرى	18
زد	18
شائبة	18
والقرى	18
فخالف	18
تفطر	18
الجبلي	18
الأدمي	18
كذبتم	18
كفورا	18
وأطعنا	18
يوصى	18
النجاح	18
وأعطي	18
ويتلوه	18
بالجلوس	18
وداعة	18
بديار	18
الخمسمائة	18
يرسله	18
وركع	18
بدمه	18
والغفلة	18
تظلم	18
يحرمون	18
بالأحاديث	18
وأرسله	18
والثاء	18
تنهى	18
واستمرت	18
بالكيل	18
للابتداء	18
بمكانه	18
سيدهم	18
فيجتمع	18
تيسير	18
بابنه	18
أصبعه	18
الديلي	18
كيما	18
فردت	18
الخيف	18
الطرب	18
راجلا	18
بنهر	18
استهل	18
رقا	18
تركيا	18
انقراض	18
أبوهم	18
فقرأها	18
اخرجوا	18
بالمزدلفة	18
مغفور	18
تعينه	18
لضيق	18
فأجابهم	18
أحصر	18
ويخاف	18
اولى	18
أسفر	18
يغنى	18
الانف	18
المتبوع	18
المقترض	18
الكمالات	18
زل	18
أكف	18
لباسا	18
وعمي	18
مقلد	18
والواقع	18
لطفا	18
بعلى	18
الرءوس	18
جوزوا	18
بالتسمية	18
العلويين	18
أوتيتم	18
المص	18
يشكون	18
تسمح	18
وترجع	18
فبال	18
كأمير	18
فائتة	18
گلشن	18
تطرد	18
صياما	18
صنفان	18
رؤي	18
وفعلت	18
فسألني	18
يستغرق	18
بجاية	18
محمودة	18
أصيل	18
لطالب	18
الجفن	18
وأقوال	18
الجبة	18
أظهرها	18
أذانه	18
خسرو	18
جئته	18
وتجاوز	18
تسبح	18
شانه	18
وثالثا	18
فخار	18
أتوه	18
كلدة	18
أنزلها	18
البلقاء	18
مؤذنا	18
متابعته	18
المعطى	18
صوموا	18
كحرمة	18
زوجني	18
مشاعا	18
الملكي	18
جاري	18
سخطه	18
فيفسد	18
خطاياه	18
العرصة	18
الوثوق	18
تزويجه	18
فالمذهب	18
أولوية	18
عفوك	18
تغن	18
كارهون	18
بالروح	18
كثرته	18
يرق	18
تعدون	18
شأني	18
محارمه	18
فصم	18
مجوسي	18
عصير	18
الدكن	18
قسمها	18
أسباع	18
كأصله	18
اعتقدوا	18
البدلية	18
واحذر	18
الوفود	18
العطايا	18
وجعلته	18
وعلموا	18
سفح	18
واللازم	18
بتدبير	18
والثامن	18
للقياس	18
عسقلان	18
وسلطان	18
فاض	18
الشد	18
مندوحة	18
العاطس	18
اعتاد	18
المضرة	18
والتحميد	18
الموصولة	18
بالتواتر	18
الاسراء	18
صبغة	18
العمائم	18
ومنى	18
فتغير	18
بقولها	18
اقرار	18
بنسب	18
التلقين	18
داسة	18
فأكون	18
ديباج	18
تعجز	18
غسلت	18
بالزكاة	18
للزبير	18
ويعلى	18
تملكها	18
بالردة	18
بأصفهان	18
ثوى	18
شقاق	18
فأرة	18
والمرجان	18
أهمل	18
وتسليم	18
بالسيئة	18
متم	18
نجوى	18
حبيبا	18
يبدي	18
وشرابه	18
خربة	18
عساه	18
ولئلا	18
اتصافه	18
الإصطخري	18
وزينتها	18
وقتلهم	18
سمين	18
ميز	18
وبياض	18
أحج	18
أوقعه	18
للتخفيف	18
بإمرة	18
خفيت	18
خطيئته	18
وقولك	18
بناؤه	18
وأحرى	18
بالحلف	18
عهدك	18
يؤذون	18
والجراد	18
بالحساب	18
أكفر	18
الأجفان	18
والطرق	18
موات	18
ونسأل	18
الغلاة	18
آباؤهم	18
عاين	18
والغائط	18
تعقد	18
اجمع	18
تصوموا	18
وجودي	18
الجموح	18
فجيء	18
أوهم	18
البضاعة	18
إسمعيل	18
ورؤية	18
ناره	18
لجة	18
شفتيه	18
مجاورة	18
تعطف	18
القصعة	18
الساج	18
وأخاف	18
والغاية	18
عنبر	18
وإسرائيل	18
صراحة	18
استهلك	18
ملكشاه	18
فاقة	18
حداد	18
فأسر	18
بالسحر	18
خالقا	18
تطعم	18
تواضعا	18
ننكر	18
بالظهر	18
بالفسق	18
يعض	18
السنان	18
نكتب	18
فاستعمل	18
أبيع	18
مغصوب	18
والسكنى	18
شان	18
الكمأة	18
يفسق	18
فعلهما	18
والقصة	18
الحطاب	18
ختمة	18
وطاب	18
يحزن	18
مشركة	18
يلعن	18
وأسلمت	18
درعا	18
يتطهر	18
أخبرتك	18
أيس	18
والمحدثين	18
بإناء	18
المرية	18
قواعده	18
يروح	18
والنجاشي	18
التجربة	18
مفارقته	18
دواوين	18
رأيتموني	18
والفتاوى	18
والمفضل	18
بالصحيح	18
عكاظ	18
وذمة	18
عدوانا	18
انصرافه	18
البهلول	18
عصوا	18
المظلم	18
فأقم	18
وانقطعت	18
نفعها	18
قابض	18
محلل	18
والموحدة	18
والأشجار	18
جنبيه	18
يحبك	18
طلبهم	18
يستحسن	18
فالولد	18
المرتدين	18
المجازاة	18
الامتنان	18
للشبهة	18
يذهبن	18
يدان	18
شمله	18
ماضي	18
وأدخله	18
معترض	18
إحضاره	18
نيران	18
نترك	18
للغائب	18
اللينة	18
للوصي	18
فهموا	18
المكتفي	18
اختصر	18
ييأس	18
المتعلم	18
والقدم	18
نفخة	18
تغليب	18
بجسم	18
جون	18
ودونه	18
لبثت	18
فعدة	18
سبيع	18
عطا	18
منازع	18
القصاب	18
لاسم	18
ينفد	18
وذل	18
بالنبل	18
وإحسانه	18
بإزالة	18
الخذلان	18
الحليمي	18
فاقرأ	18
عزر	18
والعدو	18
كلمتهم	18
ينفقه	18
فباعها	18
صلع	18
يصومه	18
بمشهد	18
ينطقون	18
يهجر	18
وينهون	18
منقبة	18
فيظن	18
لإظهار	18
قرء	18
سنتان	18
بالتعيين	18
أسأت	18
جماد	18
تعدلوا	18
للبشر	18
ابتلاء	18
الإيراد	18
علاثة	18
ذاتية	18
مخطئ	18
فوجدوه	18
أعطيتني	18
الودود	18
قلده	18
البارئ	18
ينذر	18
والموضع	18
الواضع	18
عملية	18
ويأبى	18
يقاتلوا	18
غيبه	18
ترجمان	18
والحبس	18
خليفته	18
بالأسباب	18
معينين	18
دواد	18
أصلاب	18
جدهم	18
فأتوه	18
الآفة	18
شعرات	18
آخذه	18
فأسلمت	18
صلاحية	18
مقصر	18
يرم	18
راق	18
وقوي	18
تكذيبه	18
النضرة	18
المردود	18
المديح	18
عرضي	17
وحرمت	17
رأيتموه	17
دقة	17
طبيبا	17
العرني	17
صوفي	17
تنكز	17
ودي	17
عيشة	17
عذابهم	17
بأعمال	17
وتبيين	17
فسرها	17
وعرفا	17
للتعدية	17
لغتهم	17
حالتي	17
الذابح	17
باريس	17
بموجبه	17
تساقط	17
الأوتار	17
والجوع	17
نكر	17
ابنتك	17
والغين	17
أه	17
الينابيع	17
وعجزه	17
للركوع	17
والسماوات	17
جفاء	17
ينم	17
ولعلهم	17
يعلمنا	17
وثمرة	17
مطلوبة	17
المسلمات	17
يمرض	17
أضعافا	17
يستحيي	17
وارتفعت	17
بولده	17
نسكه	17
ضخمة	17
يتبادر	17
مضمونه	17
الاخراج	17
التوقيف	17
فعمد	17
تسقى	17
الأنباء	17
تعظم	17
وحياة	17
أذكركم	17
لوليه	17
أنمار	17
الأصبحي	17
مقابلا	17
فيتم	17
يبلى	17
وتعرض	17
وأردت	17
خلالها	17
يحلون	17
أذلة	17
الكلاع	17
ففرض	17
مستو	17
المنفق	17
ليصح	17
الآثام	17
اسناد	17
دهري	17
قلنسوة	17
يدعها	17
ماهرا	17
نتف	17
فالصلاة	17
تمكين	17
البداءة	17
وينكر	17
ثيابك	17
مناقشة	17
بتسعة	17
الاسمين	17
الأقضية	17
جهارا	17
صروف	17
بارق	17
شجاعة	17
القبطي	17
والبكاء	17
متغير	17
لأنكم	17
وتخلف	17
فواجب	17
أسجد	17
وأكد	17
العزاء	17
جرة	17
حربيا	17
بحقوق	17
نسيا	17
نموت	17
جعلناها	17
أجسام	17
بتوفيق	17
مثلهما	17
إيقاعه	17
والمدارك	17
المشاهير	17
التلبس	17
طرخان	17
مسؤول	17
يغيره	17
وطلاق	17
قنوت	17
تاريخا	17
اخبر	17
للفصل	17
سودون	17
باسمي	17
فرقه	17
آلله	17
بقبر	17
احتلم	17
المحسوسات	17
وإنى	17
إمالة	17
الفاعلية	17
الفعلي	17
فبت	17
السراة	17
وتعليم	17
فكانا	17
بلدان	17
أسامي	17
والبلاغة	17
يزدجرد	17
بقاءه	17
ناعم	17
زالوا	17
فصاحب	17
تمسكا	17
احتضر	17
تصريحا	17
الزلل	17
أقررت	17
مختلفون	17
قطبة	17
وخلاصة	17
جره	17
بوفاة	17
وحذفت	17
وربكم	17
بنزول	17
صعود	17
حجري	17
وعوف	17
وآخرا	17
ذكرتموه	17
أدد	17
مبتدأة	17
والعم	17
نفاس	17
بنفقة	17
بالهبة	17
أخبث	17
سلع	17
والزاني	17
فاحتمل	17
فرسخين	17
لمزيد	17
وأعاده	17
فائد	17
أطاعني	17
يقبلون	17
الرائق	17
الاكراه	17
حره	17
ويبكي	17
خارجي	17
وحفر	17
كالحر	17
الرجعي	17
المعاوضات	17
خاوية	17
أرادها	17
سابط	17
سكتوا	17
والاثنين	17
بسؤال	17
يحتجون	17
والنفل	17
فردوا	17
شورى	17
يجرح	17
نفذت	17
يعزم	17
وفود	17
تتقدم	17
ويقضى	17
غالبة	17
سبكتكين	17
رؤس	17
والبقرة	17
وسبيل	17
الاستنباط	17
حديثة	17
الصندوق	17
وشبهها	17
والمتن	17
الحديثان	17
أقره	17
المخارق	17
دماؤهم	17
راجل	17
نفث	17
والصدقات	17
وحقه	17
أمسكه	17
والتقليد	17
الإعارة	17
تمسح	17
جارك	17
أفضلهم	17
تلقين	17
للعمرة	17
طائرا	17
وصوت	17
طائعين	17
فتيمموا	17
الجماجم	17
نائلة	17
متبعا	17
أميرهم	17
التعطيل	17
محرر	17
لعجزه	17
يسترد	17
عيشه	17
حبلا	17
والفرقان	17
قدري	17
سميا	17
غبن	17
الركبتين	17
الأسعد	17
يكتبه	17
وتصوم	17
وافرة	17
وتمسك	17
الشهرين	17
وسيبويه	17
بالخيل	17
ويقتلون	17
حجتهم	17
هون	17
بأنفسهن	17
فاعمل	17
بولدها	17
الإفراط	17
إبهام	17
والشيعة	17
عيادة	17
الكافة	17
بجرجان	17
الزاغوني	17
رضاك	17
الهول	17
وصفوا	17
الحلب	17
المرشد	17
يرفعون	17
أسنى	17
قلتها	17
فتضرب	17
المفطر	17
عشرها	17
يتركون	17
الأولان	17
يهدون	17
أطيق	17
تابوت	17
يظهروا	17
وحشية	17
الصناعات	17
مجوس	17
شريكين	17
ربعها	17
حافظوا	17
للذهبي	17
والستين	17
مقنع	17
مدبرة	17
روعي	17
الحسي	17
حجازي	17
مؤخرا	17
فتنا	17
وليقل	17
مقبوضة	17
حطة	17
آمنون	17
يفزع	17
ألبسه	17
وتأخذ	17
فيسأل	17
وعمرا	17
والفضائل	17
شفقة	17
للحر	17
الاجتزاء	17
حالين	17
للنسائي	17
عقلك	17
عرفتم	17
وأعمال	17
للخلافة	17
فالتقى	17
امه	17
للطالب	17
بمفهوم	17
لكاذبون	17
وأملى	17
والمسكين	17
وحسان	17
تشريفا	17
أيش	17
ايجاب	17
المذاكرة	17
الامساك	17
كالوكيل	17
القافة	17
باجتهاد	17
شعرت	17
عشيرتك	17
الخيلاء	17
علوه	17
لخروج	17
إنجيل	17
غلبون	17
جسدا	17
عيبه	17
مفرق	17
فيقولان	17
شفيعا	17
عابر	17
مفتقر	17
حديج	17
البواب	17
وانتصب	17
قالته	17
يعيدها	17
متأخرة	17
نوروز	17
وآتيناه	17
عقابا	17
نجل	17
وابنها	17
يصد	17
دموعه	17
يخدمه	17
يحبها	17
خلد	17
تستحي	17
جريب	17
وتعظيما	17
إعلم	17
وبفتح	17
والشافعية	17
لمانع	17
تبيت	17
بنيانه	17
فأقبلوا	17
فل	17
موتهم	17
بالمسير	17
السحت	17
فغفر	17
المتغير	17
الرعايتين	17
تفنى	17
قار	17
ورجلا	17
مشهود	17
الجهلة	17
يقرأه	17
والتيمم	17
هشاما	17
قديد	17
اختل	17
بالولادة	17
لربهم	17
قلى	17
جنينا	17
طلوعها	17
حارا	17
يهبط	17
عطشا	17
فيقف	17
مأموما	17
والتدريس	17
المهندس	17
يؤديها	17
تفرغ	17
فبرز	17
يجمعها	17
دعوتك	17
انتصر	17
عارضا	17
يحضرون	17
داهية	17
الأسباط	17
وملء	17
بنائها	17
المائية	17
المتكلمون	17
الاستعلاء	17
اشتغاله	17
تبلى	17
كسا	17
والنجاة	17
فليصم	17
الفكرية	17
اسرائيل	17
إعرابه	17
ناظم	17
والأذن	17
مقامك	17
وورث	17
المصيب	17
فينادي	17
الوعاء	17
الرقى	17
ويركب	17
وعود	17
حدودها	17
الجم	17
أشتري	17
مراسيل	17
المحذوفة	17
فيقتضي	17
حكيناه	17
دعائي	17
أخاهم	17
العريض	17
سكرا	17
اتقاء	17
وحدثت	17
فأسلموا	17
محصنة	17
وجر	17
سمته	17
يحال	17
الزقاق	17
مفردات	17
للرواية	17
بصور	17
يجعلني	17
الطارق	17
ساعد	17
ضلع	17
العلقة	17
التعوذ	17
أحلام	17
هز	17
أنامله	17
أأنت	17
عيدان	17
ابيض	17
جعلهما	17
والمستدرك	17
أدبرت	17
والبطن	17
فحبس	17
وهمام	17
دست	17
ابتدائه	17
ولغة	17
والبكر	17
الخياطة	17
المعذور	17
الباسم	17
ويعذب	17
فالآن	17
أدناه	17
محدودة	17
اطلبوا	17
بوحي	17
بالرأس	17
تخرجه	17
كالقول	17
رحمت	17
ترجى	17
احياء	17
عمرت	17
وأشياء	17
سهولة	17
أدفع	17
فرخص	17
ينحل	17
الخاطب	17
للرب	17
وخامسها	17
والوطء	17
للزم	17
وأرجلكم	17
يغطي	17
فخذها	17
ونفذ	17
بقربه	17
وهزم	17
خصت	17
احتمله	17
مجزوم	17
محترز	17
وحيدا	17
غضبي	17
والحذر	17
نسبتها	17
البارقي	17
بباله	17
المسامحة	17
وراح	17
منارة	17
يسكنه	17
سجل	17
نقلنا	17
والخليفة	17
المدبرة	17
الختلي	17
للسؤال	17
عالمة	17
معنيان	17
الغموس	17
والبصير	17
عينان	17
وحرب	17
بقدح	17
والمسيح	17
قصدهم	17
تنشق	17
قارئا	17
تقدما	17
المبدع	17
كأسا	17
اتبعك	17
الشفتين	17
التبن	17
وباشر	17
أضيق	17
بأكله	17
ألقاب	17
والمذكور	17
حجرها	17
وغربا	17
الخمور	17
شاهدت	17
فانتقل	17
وحاله	17
زوجات	17
كقراءة	17
والاستقامة	17
تخل	17
بالصيام	17
صحابيا	17
فأغنى	17
بنقصان	17
الذهني	17
طليطلة	17
نحس	17
كوكبا	17
نواحيها	17
أكلته	17
القالي	17
محظورا	17
وبويع	17
الاستراحة	17
عفت	17
روية	17
لخلقه	17
مجالسهم	17
متتابعا	17
وعادوا	17
الملابس	17
وناهيك	17
فظاهره	17
فمقتضى	17
الأشرفية	17
واجعله	17
يستره	17
يعمد	17
سبه	17
ونصيب	17
تندفع	17
المسانيد	17
ميراثها	17
وقتنا	17
فبئس	17
وأبيض	17
راغبا	17
أطاعه	17
متتابعة	17
باذن	17
عرعرة	17
أخصر	17
تتفق	17
وأعتق	17
جهدا	17
وحلت	17
يوفى	17
صندوق	17
مبهما	17
إطلاقها	17
سراية	17
قرح	17
نبا	17
متشابه	17
هداكم	17
وصرت	17
وميتا	17
ومسعر	17
فيل	17
وأفرد	17
المتيمم	17
ويحبه	17
استحاضة	17
بالحيوان	17
المترتبة	17
ضلت	17
الخسف	17
قرت	17
ثغور	17
المنصب	17
فني	17
طليق	17
بالعلوم	17
ينقد	17
مرحب	17
بربك	17
أحبار	17
وكلم	17
آمل	17
اللبون	17
فقبلها	17
فتدخل	17
للصغير	17
دو	17
سرب	17
فطن	17
سائق	17
جمعنا	17
متسع	17
فذا	17
الشرور	17
والطريقة	17
أعانه	17
تعزير	17
امتنعوا	17
لزمهم	17
اتضح	17
والشهاب	17
والمستحب	17
وأخرجت	17
المتكبر	17
بمجلس	17
والسواد	17
اليابسة	17
الجسمية	17
الجرشي	17
العضل	17
الأخرم	17
لوجوده	17
يجىء	17
نابه	17
الأشهاد	17
والمنفعة	17
واستوى	17
فيجيء	17
تنفعه	17
بالقصاص	17
وسقا	17
أختين	17
والأربع	17
جسدي	16
ورافع	16
حدائق	16
لأمة	16
وسألوه	16
المتخذ	16
ويستوي	16
مبهمة	16
جهان	16
التغليب	16
سراعا	16
وأمروا	16
بسنتين	16
والكفاية	16
أركانها	16
فرقتين	16
مفرغ	16
بالشروع	16
القارعة	16
كيده	16
تحجب	16
يقولونه	16
وفوض	16
لأسباب	16
مجملة	16
الإحصار	16
لانعدام	16
بوقوعه	16
مشت	16
وخر	16
مجالسة	16
والنصرانية	16
يعظ	16
المثلة	16
البطين	16
يبرز	16
الثبت	16
مقدارا	16
الاستبدال	16
لهشام	16
بمخالفة	16
بالشاهد	16
النائيني	16
أدعوك	16
يصحب	16
أوعية	16
وتركهم	16
ينتشر	16
استتر	16
ولطف	16
انحلت	16
المؤذنين	16
الواقعي	16
مسني	16
فشا	16
انحدر	16
وهلم	16
كالشيخ	16
فحديث	16
لج	16
الدحداح	16
للآخرة	16
أطوف	16
نقضت	16
بليلة	16
أنصاف	16
توسع	16
اليعقوبي	16
سنجار	16
الألفين	16
التوارث	16
توليتم	16
استبان	16
الكسل	16
والذبح	16
الهامة	16
احمل	16
ودلت	16
للبنت	16
دعواها	16
فمذهب	16
المناكير	16
بلقاء	16
خزائنه	16
يسرني	16
ثاقب	16
اسلام	16
رحمكم	16
العزلة	16
والعلل	16
والجبل	16
حجم	16
النزوع	16
فلفل	16
والمروي	16
بنقص	16
بحدوث	16
وتحقيقه	16
الخفة	16
والمهذب	16
بفوات	16
وطأها	16
المبيعة	16
فالقاضي	16
المرسلون	16
قتلك	16
المركز	16
بطنك	16
وفضلا	16
بإرسال	16
هدمه	16
الساتر	16
التحتانية	16
متناه	16
ورسولك	16
اللجام	16
يخلد	16
البطر	16
ذكرني	16
القدور	16
يربط	16
محسر	16
الخزر	16
والخوارج	16
لأحكام	16
والمقابلة	16
واشتراط	16
ليصير	16
بحذاء	16
جالوت	16
نعى	16
يجني	16
الناضرة	16
ضبطت	16
مصاب	16
والصغار	16
وثياب	16
والمشركون	16
ودر	16
متعدد	16
توطأ	16
الداراني	16
التلويح	16
يخسف	16
وكرها	16
قضائها	16
وينصب	16
ورويت	16
والأنهار	16
والحضر	16
يتولاه	16
نبهنا	16
وكرر	16
أقامها	16
غاصبا	16
فكري	16
خليله	16
جامد	16
يطؤها	16
أسبوعا	16
منسوخا	16
زبير	16
عمتها	16
السفياني	16
التجديد	16
حولهم	16
يخبرهم	16
ماءها	16
نملة	16
يمكنها	16
تركناه	16
الآس	16
فكلم	16
أوجد	16
بالقراءات	16
الترقي	16
نقيضه	16
البردة	16
وطىء	16
منهل	16
والخلافة	16
بخيلا	16
أشبهت	16
بعثا	16
وبعير	16
زحل	16
استخدام	16
بالتخيير	16
عجلا	16
بطانة	16
وخليفة	16
طبيعي	16
ادعوه	16
فجوابه	16
أحصى	16
يهديهم	16
وحر	16
عزرة	16
رومي	16
فخلى	16
أوفر	16
لوارثه	16
بجنس	16
والأمن	16
مطمع	16
شهودا	16
فاجتمعت	16
نحلة	16
أنصف	16
الأبوة	16
توبتهم	16
الجدلي	16
فنزلنا	16
يلفظ	16
فانطلقنا	16
زحف	16
والذخيرة	16
أبرد	16
النضج	16
المريسي	16
واجعلني	16
الرواح	16
ممدودا	16
المشتهر	16
والتحذير	16
أنبأني	16
خيران	16
تبتغي	16
شكري	16
أنشدكم	16
يأكلوا	16
تضاعف	16
منادي	16
بشأنه	16
وفات	16
يثمر	16
رحبة	16
منعقد	16
بقيته	16
بدري	16
والهيثم	16
صحيحيهما	16
ومنفعة	16
حاجز	16
رايته	16
مقل	16
فطلبه	16
المؤمنة	16
بداره	16
كحكم	16
والمفروض	16
بأصول	16
الأهم	16
نسختها	16
فاعلين	16
العقوق	16
بدوام	16
يدفعون	16
تؤتى	16
تائبا	16
يزكى	16
والوعد	16
يقدمه	16
مسكرا	16
ونصفها	16
التوسعة	16
بالأصالة	16
للإيذان	16
ميثاقهم	16
الشقي	16
خاض	16
القائلة	16
والآخرون	16
فائت	16
بتصرف	16
فاستغفر	16
أدوات	16
ومسروق	16
موطأ	16
متقوم	16
شخصين	16
قفر	16
تشكو	16
فنسي	16
فأسقط	16
تخرجوا	16
متبرعا	16
بواد	16
لجهنم	16
تجمعوا	16
الصداع	16
فقسم	16
والعباد	16
حرمي	16
بالوزن	16
للمصلحة	16
يخلقه	16
أدركها	16
سبحة	16
استنادا	16
موسم	16
ذوا	16
المقرب	16
الفعلة	16
تلفظ	16
القادم	16
ننقل	16
والجواز	16
كأهل	16
مغلولة	16
الحنظل	16
معاصي	16
عينين	16
المساكن	16
حولين	16
تغري	16
لقيل	16
بالإرث	16
الشعبى	16
الملاحدة	16
يغادر	16
دانية	16
يهون	16
فبذلك	16
شاملا	16
فاتبعه	16
اعتنى	16
الإجبار	16
وإله	16
أنفسهن	16
والأجر	16
المباهلة	16
ينبذ	16
فالنكاح	16
الأفضلية	16
إنس	16
الدواة	16
ليف	16
بذا	16
لكعب	16
بدخوله	16
امتثالا	16
لأمرين	16
الأجلة	16
بالأمير	16
آبائك	16
أصبنا	16
ناشئة	16
واللين	16
منبره	16
الخطة	16
وطئه	16
القرين	16
علمكم	16
خادمه	16
الكنوز	16
مقرونة	16
صورها	16
دوابهم	16
استخلفه	16
للوقت	16
فكثير	16
مشيا	16
والجلال	16
وآياته	16
وأيد	16
آكله	16
أشياخ	16
أدخلها	16
فأتاني	16
آذاني	16
وابتداء	16
باجتهاده	16
اختصت	16
وجلت	16
لذاك	16
كفاك	16
الزنجي	16
يبلغني	16
التجاوز	16
تصر	16
وقبلت	16
حفاة	16
الانشاء	16
يبينه	16
أجزأت	16
بإذنها	16
الشرطين	16
وفرج	16
وأعز	16
ارتدوا	16
استفادة	16
الاشهاد	16
بحول	16
لحج	16
الشجري	16
السدى	16
وفخر	16
صعبة	16
فأكثروا	16
قادرين	16
إنفاق	16
الذخائر	16
الرصافة	16
اعتقادا	16
اختلال	16
جزأ	16
اقتران	16
للشافعية	16
للعبيد	16
الأمام	16
إناث	16
اجتنبوا	16
تدين	16
امتد	16
الربذة	16
وثقة	16
وبايعه	16
لسفيان	16
عسفان	16
تعبدا	16
أخواله	16
شروطا	16
الإدارة	16
يسيروا	16
وسق	16
فإياك	16
ترب	16
أصبتم	16
مطمئن	16
أعجز	16
يقربه	16
والهلاك	16
وضاع	16
مهمل	16
البحران	16
توجيهه	16
الأصولي	16
تسريح	16
بقولك	16
درى	16
فهلكت	16
النعلين	16
الاستقصاء	16
الأزلي	16
نبيلا	16
نواقض	16
توقيف	16
يحيا	16
عوسجة	16
وأكله	16
معطي	16
اللتان	16
قيمتهما	16
العرية	16
يصدقون	16
أزواجكم	16
حكمك	16
الكفل	16
أشكر	16
غرف	16
المجن	16
الاشراف	16
والمسح	16
تختار	16
الأولتين	16
وللأخت	16
المترتب	16
اللبث	16
السنور	16
يعصى	16
بمالك	16
ويختار	16
والأسباب	16
مقصده	16
الحزين	16
يرتكب	16
علومه	16
خفى	16
تأويلات	16
شقة	16
وقيامه	16
تضعف	16
العفيف	16
ورداء	16
يلزمني	16
للقراءة	16
التحريك	16
فعيلة	16
بإفريقية	16
التشريك	16
رزقويه	16
وأصلحوا	16
فوقكم	16
ذرعا	16
فآمن	16
جارة	16
كبعض	16
ابتلاه	16
فالعلم	16
فألقت	16
بصنعاء	16
فرغنا	16
خدعة	16
تسهيل	16
قن	16
فتركها	16
ظنهم	16
نفيها	16
ملخص	16
مستنده	16
اهتز	16
وخيل	16
كنعان	16
زينا	16
بالعباد	16
والمصلحة	16
موقعا	16
فلهما	16
فالمقصود	16
القنطرة	16
كراما	16
تجهر	16
شدته	16
والحاويين	16
لستم	16
تعدوا	16
بعدى	16
لاجين	16
فأت	16
طرقا	16
فأرسله	16
للأخرى	16
أمنه	16
وامتناع	16
تعليقة	16
الحميات	16
وحصلت	16
الفرغاني	16
فذوقوا	16
الخاسرون	16
عجوزا	16
مقتله	16
ليقوم	16
الخنصر	16
القائمين	16
والمفهوم	16
فشرع	16
ونيل	16
وليي	16
استأثر	16
ذبائحهم	16
حائطه	16
قرعة	16
ينهون	16
ليلتي	16
الشهرستاني	16
عجزا	16
سيناء	16
والتجارة	16
الحبلى	16
مده	16
ووجبت	16
والأكثرون	16
اولا	16
الحكايات	16
للترتيب	16
يحسنون	16
عذبه	16
ببراءة	16
كثيف	16
فعادت	16
ينزح	16
فيحسن	16
تلتفت	16
القرطاس	16
ووفد	16
وحمى	16
بآلة	16
بآفة	16
بأصالة	16
أرب	16
المعتدين	16
أموات	16
السلمى	16
الكوز	16
يتخلل	16
فالضمير	16
تغطية	16
الطائع	16
الشاملة	16
المثبتة	16
قطعيا	16
اسجدوا	16
فصب	16
قي	16
السديد	16
أبتاه	16
يسكنون	16
فيضع	16
زجرا	16
رميه	16
البحري	16
تواريخ	16
آياتي	16
بأفواههم	16
تمطر	16
انتشرت	16
والسابقون	16
تضره	16
تأديب	16
حمود	16
خالعها	16
بهادر	16
وجيها	16
الصفح	16
يعيب	16
خيارهم	16
ينضم	16
اخذه	16
مناظرة	16
تداخل	16
الماتن	16
لغا	16
بالجزم	16
مدخلية	16
المعلقة	16
ليكونوا	16
فليأكل	16
أجرت	16
بركن	16
وعادة	16
والبغض	16
نقرأ	16
المقعد	16
نقبل	16
بالحركة	16
العينية	16
بالتجارة	16
أعرب	16
يخطىء	16
المنفصلة	16
تحليف	16
نقمة	16
رحالهم	16
تمنوا	16
رقابهم	16
قضوا	16
يعذبه	16
ينتفعون	16
يرحل	16
اذهبي	16
المسيحية	16
يتعدد	16
ورواته	16
وبزر	16
والتعليق	16
استحسن	16
توارى	16
رأفة	16
تسري	16
عواقب	16
أمامها	16
وتغلب	16
وخفض	16
غرته	16
والهواء	16
بردي	16
والبعيد	16
مساور	16
شقيقة	16
أجيز	16
المستودع	16
بدئ	16
بصيام	16
بالعلة	16
هاجت	16
شخصية	16
سواده	16
وأخفى	16
وأطعم	16
والمملوك	16
والمعطوف	16
المنذرين	16
المشهدي	16
مقتولا	16
الأجرام	16
رويا	16
وجمعت	16
وتدبر	16
فرأوا	16
ساتر	16
الحديدة	16
للاجماع	16
ومآ	16
استؤجر	16
الحجية	16
البندنيجي	16
سعاد	16
فأخذهم	16
بسواد	16
عطب	16
وعظمت	16
نشرك	16
المطرف	16
السكسكي	16
لوين	16
حظيرة	16
اللغويين	16
الجابية	16
فاعلها	16
ظانا	16
لذيذ	16
القوائم	16
ليضل	16
خذله	16
ردع	16
ومشيئته	16
شعرك	16
بالكفار	16
قلمه	16
البجيرمي	16
واعتصموا	16
تمنيت	16
والغناء	16
تكلمنا	16
والثمانون	16
اعتدال	16
وجدة	16
نائمة	16
والجنب	16
لعينه	16
يسقون	16
شكوت	16
طاعون	16
وآيات	16
تخص	16
يقفون	16
علف	16
ومصعب	16
مضرب	16
محبوبه	16
ركوعا	16
والترجيح	16
قرد	16
التوابين	16
باللحم	16
وجهاد	16
يركبها	16
فارغا	16
الامارة	16
يحصون	16
فتحصل	16
ملكية	16
المفعولية	16
لفرعون	16
غطاء	16
سلوني	16
ويلكم	16
بلتعة	16
الأجدع	16
مجيبا	16
حصاده	16
عرفوه	16
البريدي	16
ويوقف	16
الدماميني	16
الكتيبة	15
يشقى	15
غلبوا	15
وجدد	15
المحصر	15
ديونه	15
التبرك	15
وستأتي	15
الخرائطي	15
بالحديبية	15
يذوب	15
حلفاء	15
عرفطة	15
شعيرة	15
تركا	15
بعثهم	15
مسبوقا	15
اللوث	15
اذنه	15
وجزاكم	15
والميتة	15
انقرض	15
والتلخيص	15
الآبنوسي	15
نعش	15
عمياء	15
قاب	15
وزاده	15
خبط	15
ويطعم	15
فأتته	15
قثم	15
سماوية	15
وتفتح	15
المستأجرة	15
تاريخها	15
شددت	15
خلعت	15
ويسألونك	15
المدرسين	15
منعته	15
والحرث	15
ربوبيته	15
بالحرية	15
إيهام	15
وسائط	15
يشتكي	15
وإعطاء	15
بالعسل	15
ربعة	15
وطهارة	15
هباء	15
حاجتها	15
الموسع	15
دس	15
هدايته	15
كثرتها	15
فنفى	15
إبطيه	15
فشرط	15
وحاجة	15
بلاغ	15
بصرك	15
وإعادة	15
السهلة	15
وقطعة	15
الأتابك	15
أهذا	15
الزجاجة	15
والإنصاف	15
لمعاذ	15
رباعية	15
وخطأ	15
عباية	15
بالمرض	15
ابتليت	15
خائنة	15
أراهم	15
توفيقه	15
تعليقات	15
وفائدته	15
لاهور	15
أفطرت	15
الصناع	15
اصنع	15
وأسمع	15
الفهارس	15
الزيغ	15
قينقاع	15
بالملح	15
الادراك	15
وتعتبر	15
ملاك	15
والخنثى	15
عزو	15
جماز	15
البطي	15
وأنبأ	15
وقضي	15
والثقة	15
فارتفع	15
والذئب	15
زقاق	15
كاسب	15
المتوسطة	15
السحب	15
والتقدم	15
تغاير	15
غزنة	15
رحمن	15
يأته	15
ذهن	15
نتحدث	15
تبينا	15
ووضعها	15
يظهره	15
نشأة	15
المحترم	15
والأجل	15
تفرقة	15
الجفاف	15
ومؤنة	15
دبغ	15
استعمالا	15
الجياني	15
غارة	15
وأولوا	15
استمرت	15
أفضت	15
وصور	15
مغفورا	15
القاصر	15
اليسيرة	15
وجحد	15
العسكرية	15
غرورا	15
عريضة	15
بلغها	15
والفتن	15
توعد	15
وأنكرت	15
مطلوبه	15
والرطب	15
صفاتها	15
الكهان	15
والشريعة	15
يتغابن	15
تأتيني	15
ضيفه	15
ونقصان	15
فظفر	15
أوردناه	15
الذقن	15
وطريقه	15
قواطع	15
للنجاسة	15
ونستدرك	15
الخدين	15
كريهة	15
هموا	15
وحيه	15
الأشقياء	15
قعنب	15
فاعتذر	15
الشمع	15
والشهوة	15
بأخرة	15
ليتم	15
تجئ	15
دنوت	15
حماما	15
والخبز	15
الأيادي	15
فمي	15
أفعالها	15
ونجد	15
فطره	15
الغفير	15
فقطعه	15
تناولها	15
بإشارة	15
الهمزتين	15
الذهبى	15
ففرح	15
يهوذا	15
أبوابا	15
أفهمه	15
واحتاج	15
العقدين	15
بالمشاهدة	15
الصفوي	15
التماثيل	15
يبغون	15
اتبعوه	15
للعدو	15
أبقيت	15
والدفع	15
بالقرابة	15
الأعياد	15
والضوء	15
وقوفه	15
التعذر	15
المقامين	15
پس	15
ذرى	15
ومنافع	15
أمامي	15
أتقن	15
ويفسد	15
سمنا	15
تداركه	15
وتحرير	15
ويرون	15
الدقائق	15
بالقرافة	15
كأنهن	15
لفعلت	15
عناق	15
يتعاطى	15
فأثنى	15
واللباس	15
سبى	15
بإحضار	15
زنبور	15
أوقاف	15
فوارس	15
رزقناهم	15
الأرت	15
باطنها	15
والهدي	15
فسألها	15
والمطلوب	15
مسمار	15
معمولا	15
تذكرته	15
المحن	15
نقوله	15
وينوي	15
إقرارها	15
المستأمن	15
اشهر	15
مؤبدا	15
لونا	15
والأبرص	15
رقى	15
الجشمي	15
تفارق	15
ويوجه	15
بزعمه	15
بالأنبياء	15
سلفه	15
مسماه	15
مندل	15
فيستحب	15
الحلاج	15
الأحشاء	15
وشيعته	15
أضحت	15
بآل	15
وعرضت	15
وجلالي	15
المزابنة	15
ويحبس	15
ادراك	15
العرزمي	15
أفريقية	15
مصارع	15
مأة	15
بترجمة	15
والأسد	15
وطوله	15
نهينا	15
فأدرك	15
واثنين	15
بركته	15
بالشعير	15
للشريك	15
الفلانية	15
عمومها	15
سيئا	15
وهمه	15
حرزا	15
الشربة	15
بالإنفاق	15
ونهض	15
امين	15
فيح	15
ليلها	15
أوصيكم	15
والبرص	15
والمشقة	15
سماعها	15
ثيب	15
برضاها	15
المعتقد	15
إخوانك	15
أفئدة	15
تسمعوا	15
تصعد	15
وكلمه	15
الميزاب	15
جبارة	15
ويمر	15
عمارتها	15
الفواصل	15
الشاطبية	15
رهبة	15
الحسرة	15
طائفتان	15
والفسوق	15
وغلام	15
والنفوس	15
أقوله	15
ورام	15
الراسخين	15
والإتقان	15
لشبهة	15
بزمن	15
نراك	15
لبثتم	15
وأدبر	15
يفرقوا	15
أحسنها	15
والنصرة	15
وبعثت	15
تواترت	15
الميرة	15
قسطنطينية	15
فيدعو	15
ملاقاة	15
لنقص	15
بمقتضاه	15
وإشارة	15
المناوى	15
تأمن	15
تمسوهن	15
الانحراف	15
يرتب	15
استفهامية	15
وصحبته	15
غزوات	15
وحزن	15
ثمارها	15
يطيقونه	15
قرينه	15
فرأت	15
والصوف	15
نيار	15
دفنها	15
البداء	15
بالثناء	15
بالدلالة	15
المقاسمة	15
لمالكه	15
لتضمنه	15
والليالي	15
شرور	15
اطلاعه	15
ليقع	15
بالوجهين	15
السهروردي	15
جاءها	15
كذبة	15
يلف	15
والذل	15
أخرجوه	15
نصيبها	15
والسبع	15
مقتصرا	15
إنكارا	15
الضرار	15
التأييد	15
مآب	15
قسوة	15
جدال	15
تقطر	15
ليقطع	15
الزم	15
وأحرم	15
الباغي	15
يختاره	15
بالصعيد	15
نحتاج	15
فتحمل	15
الامير	15
فانزل	15
نأى	15
الوريد	15
معاصيه	15
رجليها	15
أخرس	15
ثمرتها	15
مقاومة	15
وسؤال	15
احتبس	15
ويبلغ	15
ونسيت	15
ودوام	15
بتحريمه	15
مخفف	15
ومجنون	15
ول	15
بأدلة	15
المحظورات	15
بانفراده	15
حنينا	15
خدمه	15
فتحوا	15
المهدية	15
انضمام	15
اللئالي	15
ولاد	15
تطلبه	15
ملكته	15
يستشهد	15
فاصل	15
وش	15
حضرا	15
فحوى	15
بالسبع	15
قطني	15
نصرهم	15
أذاهم	15
اجتهادا	15
خلود	15
ورثوا	15
تبرح	15
والرمان	15
والنزول	15
المقبول	15
بالوعد	15
الإشراف	15
ووزنه	15
وبيعه	15
تصنيفه	15
الغفران	15
المؤدى	15
سعيرا	15
استطاعوا	15
بأسه	15
يبلغها	15
إعجاز	15
مملوء	15
وخلى	15
مرتان	15
فتلا	15
شجرا	15
بمحرم	15
تجعلها	15
بأبيات	15
ذبيحته	15
الائتمام	15
المسئلة	15
لاختصاص	15
فأقسم	15
دياركم	15
الملاحم	15
ويتكلم	15
فبايعوه	15
منصرفا	15
مضمرة	15
ألحقه	15
البوصيري	15
كج	15
وحكيم	15
ببصره	15
القصيرة	15
غلى	15
ومحمدا	15
مشبه	15
بالعقيق	15
وأيهما	15
والكفين	15
خارجها	15
طوس	15
وأنشده	15
والتوبيخ	15
لقيتم	15
خصمان	15
بيمينك	15
لسيد	15
الطغيان	15
والحنطة	15
شاد	15
معفو	15
استووا	15
ثنتي	15
فتق	15
أصعب	15
والبلد	15
باركت	15
المنكرين	15
سياقه	15
فصحيح	15
زاغت	15
يناجي	15
خلائق	15
ومراد	15
والزعفران	15
الطلع	15
وبنوا	15
مساوية	15
طليحة	15
الحاضرون	15
معنوي	15
سكانها	15
فسألوا	15
المراجع	15
بالتأويل	15
وبرهان	15
للزمان	15
وبئر	15
لإخراج	15
بأصله	15
بنزع	15
المسيس	15
اسلامبول	15
إعتاقه	15
أصولي	15
قرم	15
وجار	15
وأنفسكم	15
أدعية	15
حتم	15
سمعوه	15
ممسك	15
وقدموا	15
لحد	15
القرص	15
أرفق	15
أفحش	15
مطرنا	15
دعوات	15
المعتزلي	15
اللمع	15
إجارته	15
فؤادك	15
ننزل	15
عودها	15
الوهن	15
تفي	15
وإيثار	15
الشمالية	15
جزئه	15
يشترطه	15
والمرتهن	15
والعلانية	15
تفضلا	15
ورضى	15
اليبس	15
مناهج	15
والمذاهب	15
بالطواف	15
اليربوعي	15
غسلهما	15
تدليس	15
بوجوبها	15
نمط	15
فالمسألة	15
الغرناطي	15
يعبده	15
فحدثته	15
واتبعه	15
عضده	15
سله	15
خديه	15
ويدعى	15
والبهائم	15
والظهار	15
النسختين	15
للأجنبي	15
يتحصل	15
الداخلية	15
الضيم	15
الاخرى	15
وينفذ	15
وأمور	15
ويستدل	15
وغلظ	15
فيعرف	15
فأتموا	15
فلماذا	15
بالمذهب	15
الذراعين	15
وردة	15
أحبهم	15
كوة	15
فهذان	15
النقطة	15
عقلاء	15
يصبغ	15
وتسمية	15
وترجمة	15
وفروعه	15
والمفيد	15
ذينك	15
دائر	15
المسنون	15
للاستفهام	15
المندوبة	15
ظالمون	15
العي	15
ويقل	15
يستثن	15
اعتل	15
يتخذه	15
هرون	15
للجزاء	15
روايتهم	15
أوليا	15
ومطرف	15
المظنون	15
الترخص	15
افتراه	15
للرسل	15
أخبارها	15
وأبواب	15
الطف	15
بالبصر	15
وهلا	15
سلكه	15
الناصية	15
وأتت	15
مطبوعة	15
المنظومة	15
متحركة	15
يغلي	15
وتواصوا	15
فيصيب	15
وطهر	15
عسرة	15
المغانم	15
أقتله	15
إمساكه	15
الابنة	15
وتكرر	15
القلاع	15
فبهذا	15
والضبط	15
شروطها	15
وتب	15
عملته	15
فطلق	15
بصرف	15
الغراس	15
فيقتصر	15
متعددا	15
يستطاع	15
أنفاس	15
شريحا	15
أعشار	15
نمرود	15
للنصارى	15
محققة	15
للتخصيص	15
اقتربت	15
الجوى	15
مستويا	15
الجيل	15
بامرأته	15
ألح	15
فخفف	15
الفذ	15
للدولة	15
والسلوك	15
والتركيب	15
التجنيس	15
وابل	15
الفطنة	15
والمتاع	15
لدار	15
وأحسب	15
وخصه	15
ساكني	15
يحشرون	15
تقاته	15
أخاها	15
عبق	15
والهيئة	15
للباقين	15
بالأكثر	15
اجازة	15
مالقة	15
بالنعم	15
معرة	15
تكرهوا	15
ناد	15
السرف	15
بأحب	15
الفخذين	15
وعوض	15
وبركة	15
جنوبهم	15
المهالك	15
تدعوهم	15
الكريهة	15
المجامع	15
واغتسل	15
بشيخ	15
فذكرها	15
دقاق	15
سكنا	15
متقن	15
المتأمل	15
وإدريس	15
القرء	15
قبولا	15
الجلسة	15
العصبات	15
فملكها	15
الحلبية	15
لأنت	15
وهاشم	15
مشيت	15
وزعمت	15
فصدق	15
عزى	15
مهد	15
يعتريه	15
أعمر	15
أبه	15
يمدحه	15
شقيا	15
أغبر	15
والنفع	15
يبغضه	15
البغلة	15
فزوجه	15
سالمة	15
سلامته	15
ابنين	15
الحاجم	15
الثوبين	15
وعصى	15
فتولى	15
تشيع	15
والدر	15
الخباء	15
البكائي	15
محق	15
بالرهن	15
والإتيان	15
بالمصاهرة	15
والنبيين	15
وهوى	15
خطرا	15
لعبدي	15
باهلة	15
اشرب	15
والمتأخرين	15
لإصلاح	15
البرج	15
ويلقب	15
ربحه	15
الدوائر	15
وتقطع	15
المقوم	15
بالكتب	15
وصفناه	15
وجلالة	15
السبزواري	15
الإسكاف	15
بالرملة	15
أفيدونا	15
تتميم	15
فيسمع	15
تقبلوا	15
وقتلت	15
بمسلم	15
بالسن	15
ككتف	15
وحجتهم	15
لقصور	15
لصحته	15
بحل	15
الفارض	15
دنس	14
السائلين	14
ويؤتون	14
قوائمه	14
المزاح	14
المنجنيق	14
وإرشاد	14
يتخذون	14
بدران	14
ضيافة	14
بالبرهان	14
بلغتهم	14
استحقه	14
الخنساء	14
مؤجلة	14
الحازمي	14
كالكلام	14
يعن	14
أشفق	14
وثبتت	14
المتعلمين	14
وتذكرة	14
تثبيت	14
النواة	14
فأجره	14
الخالقين	14
والعداوة	14
فالناس	14
وآخرهم	14
شاهدوا	14
وإدخال	14
ففتحت	14
لحمة	14
للإنكار	14
وأنفقوا	14
ملوكا	14
وأسود	14
شفعاء	14
وشئ	14
صحابة	14
خليج	14
المتهجد	14
والعموم	14
يزار	14
مثقلا	14
لمحل	14
فتسقط	14
افتعل	14
مقتضيا	14
صر	14
المشورة	14
طوافا	14
يخلع	14
بالعرش	14
درسه	14
والباطنة	14
ورثاه	14
اختصره	14
الإدريسي	14
والعدول	14
يغرس	14
طبيعية	14
فتقع	14
علوية	14
والمكروه	14
إحالة	14
والمرسل	14
كفارته	14
بأخذه	14
فأطرق	14
الممكنة	14
ساطع	14
ذوقوا	14
المهتدين	14
أهبط	14
فطوبى	14
والخضر	14
واقرأ	14
تنقلب	14
الخشن	14
أبهم	14
بالحرمة	14
السكت	14
لجهالة	14
التجويد	14
اتصاف	14
كاهن	14
وبرأ	14
يخالطه	14
والإقبال	14
تبعة	14
تبن	14
يرتاب	14
والخلفاء	14
المضاعف	14
فسبق	14
فتجوز	14
اتباعهم	14
يغسلها	14
الفه	14
الجحد	14
واستحسنه	14
تحصيلها	14
تروح	14
متون	14
حاولت	14
مهجتي	14
تجنب	14
وعندها	14
تعطه	14
أئمتهم	14
قشره	14
بالوقت	14
ماية	14
المتوفاة	14
وكذاك	14
البلية	14
طارت	14
خلقناه	14
المكية	14
نائبة	14
طوالا	14
لمخلوق	14
رويم	14
ضبطها	14
الأقوات	14
الحجار	14
بأعيانهم	14
الاقدام	14
والذمي	14
الخليط	14
وقنا	14
وتتبع	14
والجدة	14
الجلدة	14
قنبر	14
فجاءته	14
فصرف	14
يعير	14
وقرى	14
المعدود	14
المبايعة	14
فأشبهت	14
ينفعني	14
النسا	14
صلاحا	14
نجوت	14
لعبيد	14
الحرورية	14
الجني	14
بالإرادة	14
وواو	14
لتوهم	14
تعداد	14
معرفا	14
وولدا	14
وإقام	14
للحساب	14
أعذب	14
صاحبتها	14
الذبياني	14
فأفاد	14
القفر	14
اتبعت	14
أيان	14
منظرا	14
ينهاكم	14
ارجعي	14
الآلام	14
المصور	14
باعتباره	14
وببغداد	14
حديثك	14
دكا	14
أماني	14
ويعظم	14
وحسبنا	14
والفرقة	14
يعفر	14
بطلاقها	14
المقاصة	14
شابور	14
كالنكاح	14
مقتض	14
واعترضه	14
لاشتراكهما	14
البلايا	14
ادعيت	14
كيدهم	14
وأخرجوا	14
الماهر	14
تشتري	14
الجليس	14
يفديه	14
الرها	14
معارضا	14
يحزنك	14
نذيرا	14
الثعالب	14
فالق	14
الانشقاق	14
وكبير	14
بالأسماء	14
والحرج	14
لائق	14
عمارته	14
تفسخ	14
الاختياري	14
يشجب	14
الوحى	14
بالرحمن	14
جما	14
مدلج	14
والخنازير	14
مسكا	14
وأمية	14
لنعلم	14
للوالدين	14
يهرب	14
جيب	14
أكلم	14
فأبيت	14
لمال	14
جزائر	14
دلهم	14
يتنفس	14
نكاحهن	14
والقران	14
إنفاذ	14
مفطرا	14
ارشاد	14
فثلاثة	14
الأستار	14
نعلين	14
والتهليل	14
خمار	14
أرسطو	14
اللواط	14
واختياره	14
ببلخ	14
والاقتصار	14
المهري	14
أفرادها	14
لجده	14
الكثيب	14
يروم	14
تثنى	14
مصدره	14
والعقب	14
والمدبر	14
الراتب	14
يشتهون	14
نباتا	14
أفقر	14
عابدين	14
وخل	14
طريا	14
القراح	14
فانكحوا	14
ملته	14
بالحروف	14
فيغسل	14
شرعنا	14
الامور	14
فرحة	14
وأتممت	14
أجبت	14
وعرفوا	14
يشركه	14
الغرف	14
بلدهم	14
بالكاف	14
الانصاري	14
يلى	14
شهدة	14
الفانية	14
أبصار	14
جيفة	14
جوارحه	14
ولهن	14
شفاها	14
التحول	14
وانصرفوا	14
دعائهم	14
رشيدا	14
وكاتبه	14
وباعتبار	14
تتعدى	14
للتعريف	14
لأوليائه	14
يقضيها	14
مضطرا	14
الشؤم	14
والتمسك	14
ويثني	14
خلطه	14
لمولى	14
الكمية	14
يقيده	14
ءامنوا	14
حن	14
تناله	14
صفو	14
أفرط	14
أسمعت	14
والجسد	14
يطلبها	14
محراب	14
فغاب	14
والعشر	14
سيلان	14
حفيظ	14
عوقب	14
حرس	14
تراجع	14
أسلمنا	14
يريه	14
لتسع	14
قرئت	14
والخصوص	14
توبوا	14
فانطلقا	14
والسبعين	14
كالكلب	14
الوحدانية	14
الأنفاس	14
بصدده	14
نيست	14
دجى	14
غلامي	14
فسطاط	14
إساءة	14
والمساجد	14
فاستمر	14
لظهوره	14
وبمصر	14
التقينا	14
لقالوا	14
لوالديه	14
أرنا	14
مناص	14
ابنيه	14
الوالدة	14
أرخص	14
فركبت	14
وتزوجت	14
للظاهر	14
فليتم	14
حريته	14
عمم	14
لكونهما	14
الأنامل	14
للأمور	14
بالرسل	14
الجزر	14
شعيرا	14
والحروف	14
يفصح	14
وصلته	14
الوفيات	14
العالمية	14
مزج	14
غلته	14
بأو	14
مباشرته	14
يتحالفان	14
الإصبهاني	14
لهوا	14
ويصبح	14
والطول	14
بزينة	14
أشتهي	14
وبشره	14
مجنونة	14
والصور	14
بذهاب	14
وأحرق	14
وسدر	14
والميراث	14
النهشلي	14
المؤتلف	14
والنووي	14
حذار	14
يجادل	14
يحسبن	14
تهدم	14
افتراء	14
مسكنا	14
مخطوطات	14
زلزلة	14
مكابرة	14
للبدن	14
خرشة	14
وإيجاب	14
الصلاحية	14
جاور	14
المهدوي	14
تؤول	14
ثديها	14
معاملته	14
عصبته	14
الهر	14
فأرجو	14
خوات	14
تظل	14
اللوى	14
عذابك	14
نعود	14
مستوى	14
وبشير	14
هان	14
القريض	14
يوصيكم	14
والعطش	14
تسبيحة	14
مالكي	14
المأخذ	14
رحلت	14
خسروا	14
تحمد	14
والنصيحة	14
والصيف	14
يجمعه	14
تعسف	14
زماني	14
بالإطلاق	14
فلأنها	14
تجزى	14
أروي	14
مثبتا	14
وأعقب	14
خففت	14
وترجمه	14
مغلوب	14
نساؤكم	14
حديدا	14
قيوم	14
نباتها	14
حائلا	14
جوهرة	14
بالاستغفار	14
يساويه	14
الموصوفة	14
العكلي	14
انفصاله	14
لوعة	14
الهون	14
واجتنبوا	14
تعجبا	14
والرشد	14
مددا	14
أقاما	14
ذهابا	14
حبرة	14
المفتوح	14
العرباض	14
اللائي	14
وساءت	14
تحط	14
أتتك	14
نكث	14
الخيول	14
مستمرة	14
الطبية	14
ويدعي	14
قصعة	14
نظرهم	14
للنووي	14
فصيحة	14
الكديمي	14
السمكة	14
يسيرون	14
الأنواء	14
ويشد	14
والخال	14
الجلودي	14
بالأهواز	14
اتخاذه	14
جوى	14
للمكذبين	14
وأوسع	14
باللغو	14
صافي	14
بالفقر	14
ووسع	14
ولتكن	14
هلموا	14
الحلبة	14
الشكوك	14
عرفني	14
وروض	14
المختلط	14
الكوفى	14
الدليلين	14
التنافي	14
الزق	14
منجاب	14
تأتوا	14
الرجالة	14
تخليص	14
المستقبلة	14
صلاتين	14
الإصفهاني	14
بذمة	14
أتوب	14
صرحت	14
القلادة	14
مجتمعا	14
وكسوة	14
العودة	14
وتغيير	14
مسخ	14
نجز	14
كيفيته	14
ومفعول	14
حوراء	14
لربها	14
الكتائب	14
أعجبه	14
مسندة	14
يرقى	14
الأرضية	14
والنظائر	14
هلاكهم	14
ينفض	14
الرس	14
شابة	14
الأوطان	14
رأيكم	14
يلقيه	14
يقوموا	14
لماله	14
المطبوعات	14
والطب	14
الإلقاء	14
خلاء	14
ويكشف	14
صاغرون	14
حقير	14
صعوبة	14
تضحك	14
التبع	14
يحاذي	14
والفاسق	14
معجز	14
لمصالح	14
جلودهم	14
وتحول	14
فأشهد	14
النزال	14
قذر	14
للتهمة	14
خبري	14
الصنفين	14
البدء	14
والوزير	14
لمخالفة	14
لاشتماله	14
متحركا	14
الناذر	14
منافيا	14
اللكهنوي	14
يفتنون	14
يفقد	14
المصلح	14
جيران	14
المكرمات	14
ذاب	14
يلبسها	14
والتسعون	14
كيسا	14
أحياها	14
محضر	14
منوط	14
ومسائل	14
وموثقة	14
الانفساخ	14
فكذبوه	14
ضربنا	14
ليبلغ	14
بالهم	14
ويصل	14
كتان	14
يحرمه	14
عدلوا	14
بتوبة	14
الكونية	14
فكلام	14
بقسميه	14
بالترك	14
استثني	14
الأرمن	14
الغواني	14
فاضت	14
بالجد	14
تأمرنا	14
داموا	14
والشمال	14
بدعائه	14
والسند	14
الزرقاء	14
الراشدون	14
واستعمله	14
مادام	14
لكانوا	14
المذكورون	14
أراضي	14
والشافعى	14
استكبروا	14
والنوى	14
سجين	14
أدركوا	14
مسودة	14
برأيك	14
معرفتهم	14
استوجب	14
وملائكة	14
فسموا	14
والعبارة	14
لمولانا	14
للتشهد	14
ابتدائية	14
والجهر	14
اللوازم	14
إلهكم	14
ينقصه	14
سندس	14
آفات	14
وآخذ	14
يشربه	14
يقظان	14
بأشد	14
مشكور	14
قدرك	14
تفضي	14
للميرزا	14
للأخت	14
بديعة	14
أشرس	14
التعدية	14
وارزقني	14
وجعلني	14
نرضى	14
نقضوا	14
والتين	14
وخشي	14
فأراه	14
إحقاق	14
فبعض	14
حميل	14
أبقاه	14
عتبان	14
تأريخ	14
يشمله	14
والحنفية	14
للواجب	14
كالحج	14
تأخره	14
حماره	14
والنعم	14
وسواد	14
للقلوب	14
النشور	14
الفرية	14
اللوز	14
فتنبه	14
تعلمت	14
بأعظم	14
إحديهما	14
الذمية	14
وإمكان	14
وسدس	14
لمقتضى	14
أعطيناك	14
يلتقي	14
والأعراض	14
لحسان	14
الاستبداد	14
وأصوله	14
رسلان	14
بالمثلثة	14
تخفي	14
الكي	14
والعرش	14
كارها	14
ريق	14
أثير	14
قائدا	14
صحائف	14
العريان	14
والمنافع	14
رمية	14
ينتقص	14
ومنشأ	14
بالمثناة	14
تعقبه	14
بداء	14
كنف	14
الأكمه	14
ليعبدون	14
ملحا	14
الفصد	14
وأيده	14
وإخلاص	14
ليسمع	14
كالخمر	14
للأبوين	14
النجسة	14
البيتان	14
التربص	14
تشركون	14
نكالا	14
ونهاهم	14
فليقم	14
الجبلين	14
متعبدا	14
ناقل	14
كلماتهم	14
ورئيس	14
فأمرنا	14
بالخلاف	14
يلزمك	14
عبيدي	14
برزت	14
لوث	14
الموعد	14
والانتقال	14
مصطلح	14
فتزوجت	14
بحياة	14
الكتابي	14
والبلوغ	14
عجوة	14
التكسب	14
مقتضاها	14
لأعطين	14
احتمالان	14
والكبرياء	14
تبدوا	14
نواها	14
فرار	14
شن	14
القرني	14
وتنبيه	14
مضمرا	14
الخطإ	14
المعيار	14
للمصلي	14
فيقدر	14
فعزله	14
المقوقس	14
القلتين	14
المشروطة	14
ونهبوا	14
يغن	14
الأثقال	14
جواره	14
شؤم	14
وبل	14
بذراع	14
وزرع	14
ويعطيه	14
بفسخ	14
دنياك	14
أبجر	14
وقائد	14
القناع	14
والسهو	14
راجحة	14
وحسنة	14
مكيل	14
فلأجل	14
ويلقى	14
يبشر	14
فروا	14
نقرة	14
المكروهة	14
كتف	14
المكافأة	14
تبيعوا	14
فصلاته	14
التزامه	14
الترديد	14
الكهنة	14
سلاحا	14
أمامهم	14
الديان	14
كاره	14
كبده	14
فأجمعوا	14
والفضيلة	14
الغلول	14
فاصنع	14
وصايا	14
بدير	14
سحت	14
ونسبته	14
تطهيره	14
ايوب	14
فيختص	14
بعهده	14
الحاجبين	14
يقرؤه	14
وسماعه	14
فتعجب	14
والنهر	14
بالزوج	14
تجلت	13
حربه	13
مجير	13
بالبقاء	13
والرجم	13
والطرف	13
فطفق	13
بعثته	13
نثبت	13
تعس	13
مكيال	13
المنظوم	13
أتباعهم	13
لكافر	13
قتلهما	13
بالمشيئة	13
بأبى	13
أواسط	13
والتصحيح	13
نرو	13
البنان	13
عدتهم	13
فجعلنا	13
يفهمون	13
المطبوخ	13
خلدة	13
إشارته	13
فافترقا	13
فظهرت	13
والهم	13
بضد	13
نفحة	13
يعاب	13
وبطن	13
دره	13
المتقدمون	13
وشجر	13
بالزيت	13
تمييزا	13
الحلى	13
مشهوران	13
رواسي	13
فلئن	13
انكسرت	13
وجنات	13
يطاف	13
فليحذر	13
درعه	13
بالخصومة	13
موضعان	13
بشيراز	13
والتفريق	13
الراتبة	13
كتبناه	13
أوجبها	13
البتي	13
مكرا	13
ليجعل	13
ربعا	13
أمرد	13
يقرأها	13
بالروم	13
نمرة	13
الركنين	13
تقديما	13
نكاحهما	13
مستدلا	13
استدعاء	13
الفاقة	13
بالمرء	13
زادا	13
بسبعين	13
نقع	13
أدركنا	13
النقاد	13
النظافة	13
الالتقاط	13
عي	13
تعرضت	13
أرجى	13
خدي	13
قوسه	13
سترها	13
أزد	13
التحفظ	13
يسق	13
يأكلها	13
نسبهم	13
حرر	13
المعتدل	13
الدهني	13
النخاس	13
ومفهومه	13
للمنع	13
فحرام	13
بمزدلفة	13
والمقنع	13
رحلي	13
أزمة	13
ووالد	13
مهلة	13
لبنيه	13
أميا	13
ويحتج	13
بالضمير	13
للآمر	13
الزي	13
لبثوا	13
المصورة	13
سبقا	13
طرقها	13
ورغبة	13
سيق	13
وسمعنا	13
وتقيم	13
نسيب	13
والألقاب	13
يبح	13
الخلدي	13
للقلقشندي	13
تصيبهم	13
وكتبنا	13
فاستيقظ	13
تصنعون	13
تماثيل	13
يحفظها	13
أحفظه	13
وجدوه	13
والمرتضى	13
والأخفش	13
والنواهي	13
جقمق	13
الكماة	13
وذكرى	13
يعدكم	13
تسل	13
أمات	13
السوار	13
صارا	13
مفتيا	13
الشغار	13
تآليف	13
يرزقه	13
حزنه	13
صلبة	13
ثمانيا	13
السياري	13
وشيئا	13
النهب	13
والعكس	13
والاحكام	13
غزوت	13
وبحسب	13
والوهم	13
والتشهد	13
طاعتي	13
وضاقت	13
قالتا	13
تنحى	13
نومة	13
والواحدة	13
ولادتها	13
والقذف	13
والسواك	13
سخن	13
اللغتين	13
الانتساب	13
أشرفت	13
سلس	13
تولاه	13
تبادر	13
صيته	13
وتابع	13
آمرك	13
القاصد	13
عطر	13
المنجمين	13
والركبة	13
بدرهمين	13
للمحقق	13
وتأويله	13
فليصمه	13
وبرز	13
مشبهة	13
ببدنه	13
التأسي	13
الاستحالة	13
ويبدو	13
رجلها	13
تكليما	13
ونتف	13
والفنون	13
فتم	13
نطاق	13
يساعد	13
الفلكية	13
الاحتفال	13
تتفاوت	13
معية	13
شتاء	13
الظليم	13
يحافظ	13
الفياض	13
الممدود	13
الروضات	13
حكماء	13
المؤن	13
ضميرا	13
بمنزله	13
ونورا	13
يقرئك	13
فمثله	13
سدد	13
البلل	13
طباطبا	13
الاختيارية	13
وجئنا	13
الموج	13
فنودي	13
نزال	13
مسيل	13
تقبله	13
وطلقها	13
أمسكها	13
بمنزلته	13
إهمال	13
فقصر	13
يمرقون	13
لقربه	13
بالميت	13
المرأتين	13
وافتتح	13
استئذان	13
توالي	13
حبط	13
هندي	13
وأرسلت	13
والدور	13
والتقريب	13
وسنه	13
بإدراك	13
هربا	13
يعثر	13
رؤوف	13
القهقرى	13
يفتخر	13
وتقييد	13
والرؤية	13
تحليفه	13
نخيل	13
نعجة	13
أردشير	13
دفنت	13
ردف	13
استشار	13
يطلقون	13
مصداق	13
واستحقاق	13
بصحتها	13
الزجاجي	13
مهدى	13
ملابسة	13
الرومية	13
الغالبون	13
قيلا	13
القانع	13
الصاعقة	13
وتلقى	13
العضاه	13
تباركت	13
فعاش	13
تعاقب	13
وسجوده	13
لبنت	13
الجالس	13
والحث	13
بنصفه	13
المعمري	13
الساجدين	13
أمثالكم	13
وزينة	13
بالحجاب	13
والرحم	13
فاتبع	13
بالأصابع	13
الأوضاع	13
جناحيه	13
مقامهم	13
ومحال	13
مزاجه	13
الشعرية	13
وه	13
بالصورة	13
الملاك	13
واجعلنا	13
الرقاد	13
سدت	13
الأشد	13
فاعترف	13
المذمومة	13
فحفظ	13
المحاربين	13
لاعتبار	13
بالنصوص	13
أعداءه	13
مفارق	13
ترابها	13
وعزة	13
طفت	13
الهندسة	13
مغازي	13
المبيح	13
والطحاوي	13
متبرع	13
مشددا	13
جئناك	13
أقمنا	13
شطره	13
الخنازير	13
والخيانة	13
ورأينا	13
فيفعل	13
التلميذ	13
الخذف	13
المكري	13
معراج	13
آلهتكم	13
فطعنه	13
شرابه	13
الغافل	13
والجذام	13
نهاوند	13
الواقفة	13
تعليلا	13
المناجاة	13
القيظ	13
وأشدهم	13
ابتغى	13
دماءكم	13
انتصف	13
ومضر	13
يحلب	13
ينزله	13
وبينما	13
عباءة	13
مشغولة	13
الزماني	13
ومراعاة	13
لتعليم	13
وقائل	13
والشهر	13
الهزال	13
والمدح	13
والإصابة	13
الزخار	13
المثابة	13
منجا	13
عمده	13
تمرات	13
الإعسار	13
لدون	13
للشارح	13
القذى	13
سعيهم	13
القرحة	13
فأجابوه	13
انكار	13
ناولني	13
فأذهب	13
حلوله	13
مسبب	13
للإحرام	13
متقابلين	13
وتره	13
زادها	13
فمكثت	13
المدقق	13
مناسككم	13
يضربها	13
حش	13
تعاطي	13
ويزول	13
عذبة	13
تغييره	13
الابل	13
وبصري	13
بلبان	13
الكنايات	13
الاصطياد	13
الاجمال	13
ايشان	13
موعدا	13
هجرا	13
الألفة	13
اتهمه	13
سلمها	13
ناسخة	13
لدنا	13
البالي	13
بعقله	13
الكور	13
غافلين	13
كد	13
قوتهم	13
والصراط	13
وشماله	13
يمسكها	13
يستاك	13
شكه	13
الكويت	13
وإسقاط	13
العبيدي	13
بطلوع	13
وطمعا	13
عش	13
فراشي	13
يلتقيان	13
اللمم	13
الفأر	13
المكسور	13
فكله	13
التدبر	13
والمالك	13
بالمسلم	13
بالإقامة	13
سرقه	13
الجريدة	13
مجازي	13
الفيلسوف	13
تلين	13
بغيض	13
الغصون	13
محبوس	13
المستعار	13
يصنعه	13
تفوته	13
النجا	13
المرفوعة	13
المتبايعان	13
سراجا	13
لص	13
نبع	13
ادعوني	13
الربى	13
خباء	13
خطايا	13
قنع	13
الصدف	13
صورا	13
فأعلمه	13
إبان	13
الحامض	13
وصحته	13
وآدابه	13
غيلة	13
ويتفرع	13
لسماع	13
والقلوب	13
نصرت	13
يدعوني	13
عابدون	13
وتقوى	13
أعشى	13
جارحة	13
وأظهروا	13
إجلالا	13
ابنان	13
جانبك	13
مستوفيا	13
أقربه	13
الدبيثي	13
البرزلي	13
فقمنا	13
الفسوق	13
الدف	13
وأمهات	13
الرتب	13
وأقطع	13
فأحسنوا	13
المنكوحة	13
المحضر	13
الإغماء	13
الهيتمي	13
فأرسلنا	13
معالجة	13
أحاطت	13
جاع	13
أخبروني	13
اعترفوا	13
وذهبوا	13
هدرا	13
بالتأمل	13
تظلمون	13
رضوانه	13
سعته	13
التوالي	13
منظوم	13
كأحد	13
يفوض	13
لكلامه	13
اشتريتها	13
الجازم	13
معجزاته	13
رخاء	13
أعرضت	13
خيلهم	13
يأمرني	13
وخف	13
وهيهات	13
لأرض	13
لخدمة	13
للأحاديث	13
فيحنث	13
خطى	13
الكنية	13
والعناد	13
لإمام	13
توكيدا	13
الأبرش	13
أنث	13
الوسائط	13
خلفون	13
وغنى	13
النقع	13
دعوني	13
فتفرقوا	13
إفراط	13
ركبانا	13
قاسط	13
جبن	13
المجبر	13
واقفي	13
دكان	13
بالتراضي	13
والنافع	13
المذكورتين	13
يسارعون	13
ويلي	13
ليكن	13
وحركة	13
الحلل	13
المطول	13
متواترا	13
تباين	13
بأسره	13
بأمرين	13
الموزون	13
وأجاد	13
الأسنى	13
تدوم	13
محرق	13
آخرته	13
بغضب	13
وبمحمد	13
شجرها	13
ابتدأت	13
عجزوا	13
تشرف	13
مذكرا	13
موضوعات	13
كملا	13
يعدها	13
وأولها	13
والخط	13
للظهر	13
فالكل	13
يتقدر	13
فجعلهم	13
تكونا	13
أركب	13
وأقوم	13
يغيروا	13
يريدوا	13
القصبة	13
أرزاقهم	13
المجوسية	13
البررة	13
والكلمة	13
للدكتور	13
يتمها	13
والكسب	13
سورها	13
تعيب	13
صائمة	13
الإخفاء	13
الغضا	13
يعمهون	13
فاذكر	13
ينادون	13
للبيت	13
فاتني	13
لأعرف	13
الاشعار	13
أوكد	13
فديته	13
المسن	13
الشمالي	13
الشجعان	13
حبهم	13
بسحر	13
جذوع	13
يخرجهم	13
ثكلتك	13
الحفرة	13
جزور	13
أعلن	13
لباسه	13
قروح	13
واتخاذ	13
أشعاره	13
لوضوح	13
للعذر	13
السجع	13
وطورا	13
جعلكم	13
صال	13
وتحل	13
سائبة	13
جراب	13
تنحصر	13
يتمه	13
المعظمة	13
لوجوبه	13
تغدو	13
القاعدين	13
ولذي	13
صوتي	13
أمرتم	13
فهدى	13
دوران	13
دعاكم	13
والغلام	13
مجمعون	13
بيوتهن	13
والقدرية	13
والزجر	13
الشهيرة	13
البز	13
فصاحة	13
فحضرت	13
الصك	13
ويصب	13
كالعدم	13
كالزكاة	13
كميت	13
ثلة	13
وحجته	13
القبطية	13
فيرفع	13
سائرا	13
ويختم	13
ودفعها	13
أجور	13
والستر	13
علمائها	13
متردد	13
والكوفيون	13
لصحيحة	13
وجدتموهم	13
بالمدائن	13
أحسنهم	13
كميل	13
ناصب	13
تحبه	13
يصبها	13
عدس	13
لغاية	13
باقيها	13
نسر	13
تحلب	13
أولادهن	13
فعجل	13
فاسألوا	13
لقتله	13
وتبع	13
رابطة	13
الهجيمي	13
الحزب	13
ممدوح	13
الحيازة	13
الحبلي	13
وأقيمت	13
زيغ	13
ألبانها	13
عوارض	13
محكما	13
خافية	13
تبصرة	13
ويرتفع	13
حركت	13
ترضعه	13
وانهم	13
التخويف	13
والرياض	13
بقدم	13
الأمناء	13
فاحتاج	13
ادعيا	13
أداؤه	13
وقبيصة	13
شيبا	13
مدافع	13
وإحياء	13
وإناثا	13
ومعروف	13
والورد	13
مطالع	13
وم	13
ميناء	13
بأمة	13
باستحقاق	13
الارتداد	13
بالدهن	13
كثرتهم	13
بأقصى	13
الثمين	13
استغناء	13
مستغن	13
تصريف	13
بولس	13
المسنونة	13
إلزامه	13
تصرفاته	13
ذليلا	13
وولدي	13
إل	13
المفاخر	13
مكذب	13
عادات	13
وتزيد	13
للجنب	13
باثني	13
أعدها	13
ودلائل	13
ظريفا	13
أقيس	13
وابصة	13
وإباحة	13
فضيلتكم	13
يأتكم	13
بالتفسير	13
حواري	13
وشغل	13
وتحدث	13
فبكيت	13
للشئ	13
المئة	13
وزيارة	13
ويقصد	13
واردا	13
مائع	13
ويكمل	13
فليعد	13
ستعرف	13
الشمسية	13
بحروفه	13
الإشاعة	13
لبئس	13
يرزقون	13
عزما	13
أرمي	13
فبم	13
وقابل	13
والفلك	13
أشرق	13
وتكسر	13
بصلة	13
الروي	13
مناسبا	13
كسفت	13
الدراسات	13
حنطب	13
تدخلها	13
إيذاء	13
قيراطا	13
حصره	13
إسلامها	13
هاروت	13
شعوب	13
تحتي	13
الدنو	13
معاهد	13
عنز	13
وسرت	13
تمم	13
فثار	13
الزنديق	13
حاصر	13
عنادا	13
جثامة	13
البحيري	13
تجارته	13
ورضوان	13
قحط	13
والركن	13
فأسرع	13
نفرق	13
أهلكهم	13
وسكنت	13
سرحان	13
العوائد	13
الحنيف	13
راجحا	13
اختصم	13
أفرج	13
واختصاص	13
فجهز	13
منحصر	13
فالتقدير	13
بسيماهم	13
يحرص	13
ذراعه	13
وأحواله	13
التحقق	13
والرق	13
الفارابي	13
بركعتين	13
والفسخ	13
كالهبة	13
نحويا	13
السرب	13
يبتلى	13
بدني	13
يفوق	13
والعنبر	13
رددته	13
بنعم	13
فدعوت	13
والاسلام	13
الأربعمائة	13
بنصيب	13
بالحرام	13
بتحصيل	13
يبتدأ	13
بحينة	13
يقرئ	13
كالدين	13
وربي	13
أأنتم	13
ركبه	13
وأوفوا	13
تبني	13
أتريد	13
القربان	13
وايم	13
بالبحرين	13
يبطلها	13
يجيزه	13
الفاخرة	13
الاعتقادات	13
وذيل	13
عهدت	13
عيونا	13
يخيب	13
وعدك	13
غوى	13
اركب	13
وتطلق	13
شي	13
لظى	13
جائحة	13
يعلمان	13
إدخاله	13
للمأموم	13
والإذن	13
الضراء	12
تلوح	12
موثقا	12
خالطه	12
الشتم	12
بالحلال	12
حبسا	12
الرعي	12
ووصلت	12
للطعام	12
صعدت	12
والتاسع	12
كمالك	12
شاهدة	12
الموروث	12
واستحباب	12
خلوت	12
هداك	12
مقرنين	12
غضا	12
ونرى	12
ومتاع	12
ببابه	12
اشتهى	12
وفضائل	12
معدومة	12
لامكان	12
واختصر	12
خفيفتين	12
الضريس	12
فعين	12
ويحرك	12
والاتفاق	12
فاتهم	12
الرغيف	12
رايات	12
دأبه	12
جاحد	12
والخل	12
التماثل	12
كمالا	12
ناصرا	12
خضب	12
مبتلى	12
والكبد	12
ومكي	12
صلابة	12
أجلاء	12
ولديه	12
كرده	12
الدقيقي	12
مشرب	12
عادى	12
ذراريهم	12
نتاج	12
الخصومات	12
والعيب	12
مصلحته	12
ناشئ	12
تنم	12
الفطن	12
ونفر	12
تلبسه	12
تخلفه	12
ذبائح	12
يتقدمه	12
وعلوم	12
للكفر	12
سألها	12
بسهولة	12
التميز	12
والعناية	12
وإجازة	12
وصورتها	12
مليء	12
روايتي	12
وأكرمهم	12
أكرمكم	12
بلادها	12
بباطل	12
محو	12
فبسط	12
العباسيين	12
اللجاج	12
لحنا	12
العنين	12
أطبق	12
والخارج	12
مضموم	12
القراطيسي	12
إينال	12
عنيد	12
عملكم	12
زرت	12
منبت	12
جندا	12
وجاءوا	12
يرفعها	12
وأبين	12
يتيمة	12
لوحة	12
صنفا	12
دينارين	12
بالدنانير	12
والشيخان	12
الموطإ	12
أباحه	12
دورا	12
ليقضي	12
الفاجرة	12
النقاب	12
والكبار	12
ضير	12
وأتيت	12
أوردنا	12
مكشوف	12
معتدلا	12
يجيزون	12
العتيقة	12
عداهم	12
النقاء	12
للنهاية	12
الزمام	12
ومكر	12
بالإبل	12
جادة	12
أنبتت	12
تطبيق	12
كمية	12
بالأصول	12
والمعقول	12
والأخير	12
اللتي	12
نصبها	12
منفعتها	12
يتحد	12
بدنانير	12
وافد	12
وسخ	12
هاتف	12
الرعاف	12
البطريق	12
للأئمة	12
بالسعي	12
ميزانه	12
حاكيا	12
المغنى	12
أخويه	12
دهلي	12
فادعوا	12
أوشك	12
واشتدت	12
وتترك	12
لمة	12
بحفظه	12
والقهر	12
وغايته	12
مقولة	12
بضمان	12
بالبسملة	12
فبأن	12
شمسا	12
أبشروا	12
كهف	12
هرة	12
مهرة	12
وعون	12
خيرات	12
لجابر	12
ووردت	12
بلاغة	12
رضاء	12
ترجعوا	12
بالمشركين	12
تسليمة	12
النهضة	12
برجلين	12
حلفوا	12
وأمانته	12
ليعبدوا	12
فعلك	12
إحراز	12
يتأثر	12
والظاء	12
الكجي	12
بالقيروان	12
الشيوع	12
المخطئ	12
المامقاني	12
إصلاحه	12
يصاد	12
ملتقى	12
سمير	12
والرب	12
زواج	12
برؤيته	12
والوضع	12
والبنات	12
يترجم	12
تطليقات	12
للأصول	12
البراغيث	12
البعلبكي	12
فمهما	12
شافيا	12
حوران	12
ترع	12
يجمعهم	12
قذفا	12
ويسير	12
محلى	12
بحصة	12
وصفتها	12
بالظرف	12
أظهرنا	12
وخديجة	12
عامتهم	12
والحلف	12
وخرب	12
وتوجد	12
ويورث	12
تنصر	12
تفرض	12
فنحو	12
عدما	12
أحياه	12
يحلفه	12
خلاط	12
التعزية	12
جهضم	12
والخمسين	12
الأزهرية	12
بحماة	12
بالهوى	12
حملهن	12
العفاف	12
فيبعث	12
للشرب	12
سارقا	12
البحوث	12
إبداء	12
والفرار	12
اشتهرت	12
أرباعا	12
والزمخشري	12
فاشتراها	12
بالدرة	12
مستلزما	12
فاتبعوني	12
حقن	12
سجنه	12
ندر	12
فأعلمهم	12
أنملة	12
والامتناع	12
ضحوة	12
الإشعار	12
يتأدى	12
العاضد	12
والمسكنة	12
فولوا	12
بأموالكم	12
بعلامة	12
تسألوني	12
مخوفا	12
المواساة	12
الفتوة	12
أتحب	12
وعنى	12
وانى	12
محيصة	12
أمناء	12
وأفهم	12
ذمهم	12
بالنوم	12
المبعث	12
والمطلق	12
للتدريس	12
بالإجابة	12
وليته	12
يخط	12
اكتبوا	12
كأم	12
يمهل	12
فرأينا	12
بسوط	12
للنصف	12
بدرجة	12
والبدل	12
عتاق	12
رزقناكم	12
بأمرك	12
فاطلع	12
غوث	12
فعلمه	12
يتجلى	12
وإيضاح	12
ترجيحه	12
المصريون	12
الهذليين	12
وسلطانه	12
المرحلة	12
ويعفو	12
أغفر	12
وأشهدوا	12
الحمالة	12
استغفار	12
يشتم	12
الصحن	12
يتأكد	12
بالإجارة	12
همي	12
للقاء	12
ورباع	12
مصائب	12
متخذا	12
فيلحق	12
والقادر	12
السياسي	12
مبدلة	12
مظنون	12
خبت	12
ويعلمهم	12
وحبل	12
واعمل	12
يكادون	12
نقتل	12
المقاتل	12
لليتيم	12
السما	12
بالهجرة	12
كجعفر	12
أمداد	12
صاحبيه	12
بخرقة	12
آمرا	12
غرمائه	12
الوشاة	12
بظلام	12
بنعمته	12
أخرجهم	12
أعظمها	12
والعصمة	12
رغبته	12
ويبرأ	12
السنبل	12
والحكيم	12
خنساء	12
وخلط	12
الفروي	12
والسلوى	12
وتتقوا	12
وأخيرا	12
كفاني	12
وغطفان	12
الوالدان	12
بانه	12
بصفاته	12
الوجيه	12
فماله	12
التباعد	12
وأعلمه	12
للاختلاف	12
القثاء	12
مرادة	12
فتبعه	12
بقلوبهم	12
أصلى	12
وأحدا	12
قسيط	12
والأجرة	12
ممالك	12
مدر	12
جريرا	12
ختمت	12
يستوعب	12
الكتمان	12
مجاب	12
للنبى	12
الإيادي	12
كخبر	12
والبراهين	12
يشب	12
وأضعف	12
تعذرت	12
قمرا	12
وعطية	12
المتقن	12
إلهية	12
الأجود	12
اشعار	12
وفتوى	12
والندى	12
أجسادهم	12
مولاكم	12
جال	12
الأبرص	12
فحش	12
فكبروا	12
إعراض	12
وللبخاري	12
ندامة	12
الضباب	12
مجموعا	12
ويتخذ	12
بالمسك	12
دعته	12
نشرح	12
الطيران	12
جهال	12
مرحلتين	12
فطلع	12
والعبادات	12
المنهل	12
المبادئ	12
وأعمالهم	12
الطمث	12
أفصى	12
فأخر	12
ألبان	12
يتبعض	12
مغلظة	12
بشرطين	12
بيك	12
التعين	12
وتعبيري	12
أتخذ	12
ورفعنا	12
بشره	12
وأطعموا	12
الغليل	12
بسواء	12
يجل	12
وبأي	12
ليأتي	12
بالسكوت	12
اهتمام	12
يؤخره	12
لحمزة	12
الغاسل	12
بحور	12
صفرا	12
تكوني	12
فنسخ	12
أخفي	12
طعنت	12
أخرجك	12
راحته	12
منصورا	12
فدعاني	12
عاصمة	12
الجرائم	12
يلزمنا	12
وكسب	12
لشرف	12
الرائع	12
يأتم	12
الشجة	12
إنكارهم	12
بالبدل	12
ووقفه	12
عجم	12
تحتهم	12
المازندراني	12
الجاهلون	12
السيول	12
فكتبوا	12
يتخذوا	12
تعوذ	12
طافت	12
والعقوبة	12
استظهر	12
وسليم	12
ده	12
فاذن	12
المشترط	12
أستجب	12
يضطرب	12
طالعة	12
وعظمه	12
للغلام	12
والسيئات	12
المعجل	12
المبتدع	12
شذوذ	12
بمزيد	12
آياتها	12
لابس	12
الستور	12
ويهلك	12
نكفر	12
بمقام	12
بالضعف	12
الهودج	12
والطمأنينة	12
للقبلة	12
بالعوض	12
الظهران	12
فيتوقف	12
دمشقي	12
الصدى	12
والذهبي	12
يجدونه	12
الفأل	12
الجماد	12
ضيعته	12
بمعونة	12
عرقه	12
كند	12
حيازة	12
بمحض	12
يخافه	12
طعنا	12
ومشقة	12
إلهه	12
الرذائل	12
نواة	12
أحصي	12
بالامر	12
ارسل	12
للأولياء	12
متقاربان	12
الهيولى	12
تصرفات	12
للبعض	12
مرسوم	12
ألواح	12
يتوفون	12
عثرت	12
المعقوفتين	12
للإبل	12
خولف	12
بالنداء	12
وايضا	12
لفظية	12
زينتهن	12
سوقا	12
الماجد	12
توفر	12
احتاجوا	12
مسئول	12
المجانين	12
فوته	12
اجعلها	12
ولدين	12
وقاعدة	12
تبر	12
مرين	12
الفتية	12
ودعت	12
بأسهم	12
يعرفهم	12
التيس	12
قائلهم	12
بالجار	12
والداعي	12
ويسقى	12
والربا	12
فانكسر	12
والصغيرة	12
وإقرار	12
بفيه	12
وأزال	12
ففيما	12
بكمالها	12
التجرد	12
أقراء	12
صحيحان	12
انفسخت	12
وخلافا	12
القتيبي	12
الكيفيات	12
لاشتراط	12
عاقر	12
ذلا	12
طيبها	12
وعقوق	12
وصفين	12
ويستغفر	12
بالنسخ	12
طرده	12
أرضعته	12
الذب	12
سامة	12
تتميز	12
حضت	12
يلبثوا	12
فتلقى	12
رغبت	12
وعلمنا	12
ينشئ	12
بقتلهم	12
بالنعمة	12
صديقي	12
وينتفع	12
تلاها	12
للفضل	12
حطبا	12
معترضا	12
فبعثه	12
ثقله	12
تنشر	12
السماح	12
نفيع	12
لكثرته	12
بالهداية	12
أصلهما	12
خولان	12
استأجرها	12
فرحوا	12
الذئاب	12
مرتهن	12
وحسنت	12
واشهد	12
ايمان	12
بذاتها	12
تقليل	12
أعدى	12
وتبعهم	12
قسطنطين	12
رجعتها	12
فينفذ	12
لاقتضاء	12
لتخصيص	12
الأكرمين	12
فانصرفوا	12
وإسرافيل	12
فأصلحوا	12
واضرب	12
مريئا	12
ويمضي	12
ملابس	12
والأصنام	12
إبلهم	12
متصرف	12
وهاتان	12
هاجرت	12
الحسينية	12
هوان	12
وطعامه	12
والتضرع	12
فأكلنا	12
فوجدناه	12
مديدة	12
المجيز	12
معلل	12
الجمرات	12
العربان	12
الجهرية	12
فاروق	12
آنس	12
وكأين	12
مقسوم	12
نشرها	12
وكلب	12
بطين	12
مضيت	12
يحتجم	12
والقرن	12
لفهم	12
ظهيرة	12
أعزة	12
طربا	12
ينصركم	12
وأعرف	12
يدلان	12
ساعده	12
وأعطاني	12
توريث	12
بالاستثناء	12
المهديين	12
كنسبة	12
بيوتنا	12
منطقه	12
فافعلوا	12
أوليائي	12
الشموس	12
خطير	12
الذبيح	12
الجامد	12
منديل	12
فينصرف	12
وزرارة	12
والشركة	12
البالسي	12
المنجا	12
ومقابل	12
مقبلة	12
بنصره	12
إعداد	12
والأمم	12
الصنيع	12
الاقبال	12
يعجزه	12
وعملت	12
ومعاني	12
وأقامت	12
مآثر	12
غزونا	12
ويبني	12
وإدراك	12
يلصق	12
وبدون	12
الانحناء	12
توطئة	12
ثالثه	12
القارىء	12
كساه	12
الضلوع	12
فخلف	12
تنازعتم	12
الأعمار	12
مؤديا	12
ناقلا	12
إنجاح	12
والضرورة	12
استئنافا	12
سليمى	12
منيته	12
لحب	12
كعبة	12
للشعر	12
المقسوم	12
وورق	12
والخندق	12
بالصفا	12
وفرقوا	12
بجيش	12
كلفه	12
بالبال	12
المصرف	12
الالف	12
أسقطه	12
بمراكش	12
القرد	12
والمهاجرين	12
وأضل	12
تحولت	12
أرادا	12
فهيرة	12
بله	12
أعمارهم	12
فأخذوه	12
بسطه	12
اعترافه	12
وحذفها	12
الفرضية	12
للرضا	12
غول	12
أخلاقهم	12
موكب	12
ريشه	12
خفافا	12
سداد	12
أحكمت	12
وآداب	12
والسارقة	12
فيترك	12
الجارحة	12
انتقاض	12
المصراة	12
القتبي	12
الإفريقي	12
أفنى	12
يدب	12
وطالت	12
شأنا	12
والاعتقاد	12
وخفي	12
أدناهم	12
لذهب	12
فهب	12
ينج	12
وشهدوا	12
لأحب	12
طرحت	12
وحيد	12
والدها	12
يجمعوا	12
بالرطب	12
دلس	12
الأقطع	12
العامد	12
العمادية	12
عمدت	12
جديلة	12
فتبينوا	12
ألسن	12
ونقلها	12
فعرضت	12
مورده	12
إكرامه	12
وزادت	12
مثلة	12
بالخوف	12
الحمداني	12
يصيرون	12
بالسهم	12
العروة	12
وضعتها	12
هيبته	12
افتراق	12
والذنوب	12
أخبارا	12
بخاتم	12
ببقائه	12
بالوكالة	12
الشوبري	12
جمالها	12
قربها	12
أصب	12
وخوفا	12
والتفت	12
مغلوبا	12
البيعان	12
لأنني	12
شاهدي	12
المستورد	12
وهمزة	12
والكشف	12
نابلس	12
أوروبا	12
الانبياء	12
إعلامه	12
عصاك	12
يتوبوا	12
فتحول	12
طويت	12
نحوهم	12
حرموا	12
المضيق	12
اظهار	12
احب	12
مشكلات	12
مكثرا	12
الدمشقية	12
بلفظة	12
استدلاله	12
اجر	12
الاعتداء	12
وتوجيه	12
بالذمة	12
ظنية	12
لخصوص	12
اهتدوا	11
دنياكم	11
أحببته	11
فيريد	11
أرزاق	11
رفيقه	11
بجنازة	11
واضطرب	11
تمني	11
واقتتلوا	11
ظاهرهما	11
للعرف	11
الحجري	11
تحرر	11
أهوال	11
بوالديه	11
فاتق	11
غربا	11
الفائزون	11
تناهى	11
الحواريون	11
بالريح	11
فخرجا	11
يساعده	11
فأحضره	11
بالفجر	11
وأعيان	11
لمحذوف	11
تأمله	11
لاجل	11
رماح	11
المراة	11
اسمعوا	11
مكافأة	11
بزة	11
عودة	11
مبتدئا	11
لحيان	11
وجوزه	11
النكير	11
فعلاء	11
لجملة	11
الأدبار	11
والأمثال	11
فيجد	11
أقضى	11
وحصر	11
والمحل	11
نصها	11
ونودي	11
وحدانيته	11
رجوعهم	11
الخان	11
إتلافه	11
للتمييز	11
آتية	11
أشقر	11
وأحسنوا	11
اللي	11
عقليا	11
جزاه	11
وتصحيح	11
الدلالات	11
وديار	11
اعتناء	11
أقلها	11
المحصور	11
الجوزى	11
ديسقوريدوس	11
عثرة	11
أريت	11
يرضون	11
بالرعب	11
أخطأنا	11
عرفجة	11
ظهراني	11
بنبي	11
وتملك	11
والغائب	11
متشابها	11
استجيب	11
فظنوا	11
غائط	11
النقرة	11
مصالحهم	11
انقضائها	11
يواري	11
وأصيلا	11
عذبا	11
مغرما	11
ألهم	11
هبل	11
مبعث	11
أظهركم	11
منعني	11
أختار	11
أجنب	11
للبناء	11
لبناء	11
يوضحه	11
للثانية	11
بالعادة	11
بالورق	11
ويشربون	11
المناظر	11
حدثوا	11
الشعاع	11
الجلة	11
لباد	11
يخمس	11
الاستقراء	11
مقدماته	11
وظلما	11
ويجتمع	11
يشربها	11
وحصن	11
فأنكرت	11
المشارك	11
شوب	11
افتتحت	11
للفساد	11
فوجبت	11
التعاقب	11
يشآء	11
وتاء	11
الخالدي	11
المرقاة	11
موازينه	11
مشورة	11
للحياة	11
وساعة	11
أنشدت	11
فص	11
فأنفذ	11
فالرجل	11
باذنه	11
وليكون	11
ولغير	11
فتيا	11
البديعة	11
يوالي	11
والكفارات	11
أجداد	11
إتمامها	11
كلفت	11
تسألون	11
غسق	11
تطوى	11
وافيا	11
بلج	11
يتخطى	11
فيجلس	11
فاستخرج	11
إمارته	11
لعمار	11
التدارك	11
وساقه	11
وزارته	11
قاضيها	11
وبشرى	11
تستوي	11
المقامة	11
زادك	11
أعقابهم	11
أنوشروان	11
ينتقم	11
خطية	11
بالرجعة	11
بالأمانة	11
أوصل	11
أفادت	11
يمتلئ	11
يتعرضوا	11
مسوق	11
بالكناية	11
بيعهما	11
واستدعى	11
فقولهم	11
وفضيل	11
باديس	11
والباقى	11
إربل	11
المسرفين	11
تعرضوا	11
أكاد	11
ترحم	11
شكت	11
لجعل	11
سؤالك	11
كألف	11
المغمى	11
القندوزي	11
ومسدد	11
الشعرى	11
وقطعوا	11
باعا	11
البارزي	11
لغيرهما	11
يلتحق	11
يستبعد	11
الاستفتاح	11
اختياري	11
ائتنا	11
خضرا	11
طوع	11
إدراكها	11
والانقطاع	11
يعقبه	11
قابله	11
ويسأله	11
منادى	11
للتكثير	11
فالعمل	11
يفرج	11
الرهان	11
أيديهن	11
تخرجون	11
فقهه	11
محلم	11
حبوا	11
لليلة	11
ائتوا	11
الملامسة	11
البنفسج	11
البشري	11
درء	11
كاملين	11
بحاء	11
المسودة	11
فليصلها	11
بإزائه	11
العقليات	11
تكذيبا	11
ثورا	11
فدعوا	11
والجوارح	11
والفسق	11
وحالة	11
تال	11
تحصيلا	11
يبرئ	11
انعقاده	11
ولينا	11
تنس	11
تجربة	11
العنز	11
الموطن	11
أخواتها	11
نذكرها	11
قبلوا	11
يخدع	11
فاستعذ	11
ظلمك	11
العلج	11
وعسر	11
الشافية	11
نظمت	11
النافذ	11
الإلهام	11
منصوصا	11
كفؤا	11
احتاجت	11
بالمفهوم	11
بغافل	11
أمنع	11
تختم	11
والصوت	11
الأموية	11
الحافي	11
يتوكلون	11
استجابوا	11
يقيما	11
تتبعها	11
للحي	11
يغلبه	11
بالكم	11
خيولهم	11
بالخطأ	11
انهزموا	11
يشتركان	11
مواهب	11
ومعظم	11
الميثمي	11
نابت	11
أسروا	11
للفقير	11
يشفعون	11
محاولة	11
القشر	11
أحدكما	11
بلوغها	11
وقاسم	11
بالبول	11
مكررة	11
جريانه	11
بلدنا	11
وينصرف	11
وأطلقه	11
التحق	11
إرثه	11
وأنكروا	11
تبينت	11
وأعظمهم	11
أتجعل	11
غشاوة	11
تزني	11
والتفكر	11
طل	11
بار	11
الأخدود	11
والشفاعة	11
عدولا	11
معرف	11
رجوعها	11
مأمورة	11
الابهام	11
استحقوا	11
المقدمتين	11
غلق	11
ميله	11
نكره	11
فئتين	11
أغفل	11
والاحتمال	11
يدخلن	11
عنبة	11
معدودا	11
فصحت	11
تدفن	11
اختاري	11
بتوحيد	11
ليا	11
والراحة	11
والبرق	11
جرف	11
حمة	11
وفضيلة	11
تأدية	11
محتاجة	11
يمرق	11
وأجابوا	11
الافتراء	11
بوصول	11
يسخن	11
المعاطاة	11
عبادتك	11
الأكفاء	11
محجوب	11
شئتما	11
والشفقة	11
مجامع	11
والبئر	11
يكفيني	11
ونحر	11
والحبل	11
وحقوق	11
سبيعة	11
بردى	11
والركوب	11
قهره	11
والرجعة	11
موجه	11
وتكذيب	11
بالتزام	11
لأعرابي	11
بزنا	11
ادريس	11
والثمرة	11
والتزم	11
جنسين	11
فعلن	11
فاقض	11
السامية	11
يبيض	11
فقلب	11
سيجيء	11
أشياخه	11
أسلافهم	11
والمدعى	11
ترغيب	11
والمبارك	11
والعاشر	11
الغبطة	11
الحجبي	11
القرشى	11
كلون	11
والأقربين	11
صانعا	11
وشربت	11
دري	11
الباهر	11
أغراض	11
بأحمد	11
استدار	11
والطحال	11
والترجمة	11
بمعناها	11
والأضحى	11
مستحاضة	11
نصوا	11
الوطي	11
المتبع	11
الإرضاع	11
أرذل	11
حمال	11
خائفين	11
يردد	11
ونواهيه	11
سبت	11
سقطا	11
الرديئة	11
أجرك	11
ووضعوا	11
فوقية	11
فطلبوا	11
إيجابا	11
فلج	11
تبديلا	11
يضحكون	11
والري	11
بقضائه	11
فيسجد	11
جزي	11
وابتدأ	11
كمالها	11
المصححة	11
لإجماع	11
بتعيين	11
اللقاح	11
الجائع	11
ذمتي	11
قربان	11
عسكرهم	11
بوعد	11
المشركات	11
المستمع	11
الرخام	11
وسكنها	11
بإجازة	11
لعنت	11
صرفنا	11
وعزتك	11
تمل	11
وكرامة	11
الأكف	11
التفكير	11
وصد	11
جعلناكم	11
أشبع	11
ربقة	11
تربص	11
نذهب	11
مضروبة	11
ولكون	11
بلدها	11
المستوفي	11
وللشيخ	11
تعارضت	11
يجحدون	11
مضين	11
ذقت	11
وارحم	11
بعدل	11
غور	11
وأسيد	11
سامي	11
وأموال	11
عبدت	11
مقلدا	11
بعكس	11
بالخفض	11
والمستأجر	11
الجمالي	11
أمست	11
أحرص	11
والغراب	11
جيبه	11
ورعاية	11
العاشق	11
للركوب	11
الفاكهي	11
بإطلاقه	11
بالإباحة	11
نكذب	11
خيثم	11
بحجته	11
الجيب	11
سألتم	11
والاحتجاج	11
كهذا	11
الضخمة	11
وغرس	11
لمعان	11
فقرب	11
أرخى	11
بهدية	11
والجوهر	11
والظهور	11
المظلمة	11
أشبار	11
فضربها	11
كتفي	11
يوليه	11
والمعز	11
المغلس	11
بضده	11
والعارية	11
مخصصا	11
ادم	11
صاده	11
الثنتين	11
المواق	11
كسفا	11
والعظم	11
ولايتهم	11
رجعتم	11
فألقاه	11
الجنسين	11
شاكا	11
الانقلاب	11
أعثر	11
ليفيد	11
بمخلوق	11
بتغيير	11
استثناه	11
قراض	11
توقيت	11
ظننتم	11
شفي	11
أيم	11
وقم	11
سكره	11
أنشأه	11
بالأمة	11
طاء	11
إيذانا	11
سخطك	11
لشديد	11
تمن	11
خصاصة	11
النعماء	11
واستنشق	11
الأباطيل	11
ضلالهم	11
يفترق	11
الشواذ	11
لاسيما	11
والأهواء	11
الإنابة	11
بأموال	11
آفاق	11
وصوب	11
بالمعرفة	11
حسي	11
الرياحين	11
وقى	11
متصفا	11
متعارف	11
وبنين	11
وابتغاء	11
ظهيرا	11
صياح	11
الساعد	11
هديته	11
تتلو	11
وبراءة	11
عادلة	11
الفحام	11
ادعاها	11
للمدعى	11
جوصا	11
استه	11
تميد	11
الأضياف	11
وتدعو	11
بلادكم	11
عداوته	11
ليقل	11
حلبة	11
بشعره	11
يعظمون	11
العوالم	11
أجداده	11
بعمرو	11
يناقش	11
التلقي	11
وبالنسبة	11
الرعايا	11
بأصبعه	11
متضمنة	11
وارحمني	11
فحدثه	11
فاسمع	11
متفرق	11
يسألهم	11
رغيف	11
الملحدين	11
اشتقاقه	11
ناطقة	11
منبج	11
الخطير	11
وآلات	11
الحبلة	11
إسم	11
كالحكم	11
الفورية	11
ساع	11
رقيبا	11
أعالي	11
تفسدوا	11
يقطعون	11
فبايع	11
يركبون	11
أختا	11
بعسكر	11
وطلق	11
وعرضا	11
الشاقة	11
فأوقع	11
والشروط	11
ونكل	11
تركهما	11
القصيم	11
فاللام	11
ووجيز	11
مرجعكم	11
حزين	11
السماحة	11
محاسنها	11
يجهز	11
وانضم	11
للمعتق	11
يدغم	11
فول	11
واتقى	11
والشوق	11
مسيئا	11
حامية	11
تشهده	11
وصيانة	11
بقوا	11
المكفوف	11
فيفتح	11
عقيبه	11
بالخلع	11
تأوله	11
الإيداع	11
ساجدين	11
أرحام	11
فاجرا	11
بتصديق	11
البشائر	11
تخصيصا	11
انفساخ	11
عزت	11
فتعلم	11
رسولي	11
السرطان	11
بالرحيل	11
الرمال	11
نتجت	11
وركبت	11
وأكثروا	11
فاستفتح	11
مصادره	11
كاشفة	11
يستبرئها	11
حالان	11
تقصيره	11
يسنده	11
ونظائره	11
النقائص	11
تبدي	11
أسرفوا	11
تغنى	11
برص	11
سجدوا	11
بكذب	11
يضرها	11
فلانه	11
الدوران	11
يغلظ	11
والغريب	11
والحل	11
نعني	11
طريقتهم	11
تعريفها	11
فباطل	11
سيذكره	11
الأشرفي	11
النجمية	11
فأخرجنا	11
وكر	11
محبوبا	11
خلفنا	11
وأحاط	11
أقلام	11
والفرح	11
فهرسته	11
لطفه	11
أحيحة	11
فوجهه	11
ويقبض	11
السائق	11
أقربهما	11
اليوسفي	11
شركهم	11
وأعظمها	11
بارز	11
خلفوا	11
لغوية	11
والعفة	11
المخالطة	11
نبهت	11
فأعطاها	11
مغلطاي	11
والعصا	11
هونا	11
استقلت	11
شربوا	11
بريئا	11
قضاءه	11
والأمهات	11
منعم	11
والفجور	11
والأنس	11
تخلفوا	11
وعدني	11
العطاس	11
الثروة	11
استقبله	11
مصيبا	11
طبقاته	11
بإعطاء	11
للعذاب	11
بالكثرة	11
خيارها	11
والتأخر	11
والأداء	11
اصحابه	11
للخطاب	11
بطرابلس	11
دوننا	11
فطار	11
الترس	11
تخرق	11
ووجع	11
والفوز	11
وحذر	11
عنايته	11
يمده	11
بفعلها	11
ابتاعه	11
المرسي	11
وسنان	11
يحاربون	11
وعدته	11
بالفرائض	11
وصفاء	11
وجوهه	11
وتفرقوا	11
إبهامه	11
لد	11
واللغات	11
الملاقاة	11
واستحب	11
للأزواج	11
طرحه	11
العضباء	11
ويؤمر	11
الكلمتين	11
الانفعال	11
الضروريات	11
الطرائفي	11
كأصلها	11
ووهبنا	11
والسحاب	11
والرياح	11
الخائن	11
لتنذر	11
تلبسوا	11
الجحاف	11
فتنته	11
هاتيك	11
بعصا	11
اطلب	11
بالجامعة	11
التغاير	11
الطاطري	11
للإقراء	11
ويذرون	11
نفرت	11
وآدابها	11
والسداد	11
بالمبيع	11
ووعظ	11
طغرلبك	11
والمروءة	11
فطال	11
الرغائب	11
رأوها	11
عوامل	11
والأبواب	11
طمأنينة	11
الفرائد	11
وتميز	11
الأيكة	11
خانه	11
ولدى	11
خلاله	11
يجنب	11
ورزقه	11
ولعبد	11
المتحدة	11
فعندنا	11
بالمائة	11
للزراعة	11
وموعظة	11
يسل	11
مجتمعون	11
خوان	11
ثوبها	11
مسحا	11
يصحبه	11
إطلاقا	11
بهدم	11
فلمن	11
بشهادتهم	11
مثليه	11
ويتحقق	11
اقتضته	11
جادت	10
وركوب	10
وحفظا	10
والضر	10
وجنته	10
بطلا	10
علاجه	10
النورة	10
وثالثة	10
إحداكن	10
وكلتك	10
مبنيان	10
المردودة	10
فبعثوا	10
ونزلنا	10
ودعاهم	10
البتول	10
أثبتت	10
وأحسنهم	10
الإعتقاد	10
يولى	10
خالتي	10
بنقله	10
دراية	10
محرمات	10
للصحة	10
معربة	10
الحوفي	10
شيركوه	10
الدنس	10
والقليل	10
فتور	10
ناصيته	10
والمقيد	10
للظن	10
ذمية	10
وبالثاني	10
للمحكي	10
فتركت	10
أرغب	10
وأولو	10
والتأليف	10
حاضري	10
الشط	10
مؤاخذة	10
الإبطال	10
والرقة	10
بعسل	10
وقهر	10
نجومه	10
البغضاء	10
عك	10
والحوادث	10
ذود	10
وشيبان	10
مفسدا	10
خدا	10
زنديق	10
بأيهما	10
المراقبة	10
وتأول	10
لرجلين	10
فيمر	10
ورسائل	10
بتغير	10
والفأرة	10
مسماة	10
مثبتة	10
بعني	10
أشبههما	10
بالتقديم	10
فالجملة	10
ناسب	10
صدورها	10
غبطة	10
ري	10
المعرض	10
أصنام	10
ديك	10
الجدر	10
مساق	10
فاستولى	10
وو	10
خاصية	10
اضطرارا	10
المتهب	10
حنت	10
وصال	10
الناجية	10
أولاهما	10
استلام	10
يمتاز	10
للحجاج	10
والمحافظة	10
منفيا	10
للدخول	10
خالفها	10
السمآء	10
للحفظ	10
وحاتم	10
دبيثى	10
أشم	10
تقتلون	10
بؤس	10
وساء	10
آنست	10
سدر	10
عزيزة	10
تعلمها	10
ذنبها	10
فجاؤوا	10
المتعال	10
اشدد	10
ثورة	10
وإلقاء	10
نشير	10
جع	10
هائلة	10
حجير	10
فبعضهم	10
تجزون	10
أحيى	10
مستلقيا	10
الامل	10
فعلق	10
أوردت	10
وجلاله	10
صمم	10
رقبتها	10
بإرادته	10
والقسمة	10
وأباح	10
أنكرها	10
المقارن	10
وادى	10
والطمع	10
مقتدر	10
مصلح	10
ينسج	10
لآبائهم	10
والقبلة	10
قارورة	10
عربا	10
اخوة	10
بالتدبير	10
بختنصر	10
أسطر	10
فيستحق	10
القفطي	10
اقترض	10
الطبرى	10
مريب	10
الغابرين	10
أهلنا	10
يحمى	10
نبئت	10
للملوك	10
وبلوغ	10
موقعها	10
الجودي	10
موزونا	10
العماني	10
السقيم	10
فليعمل	10
معدودات	10
ثبير	10
أميرها	10
وللناس	10
يفارقها	10
جامدا	10
وأرضاه	10
عبيس	10
براءته	10
فسخها	10
سيابة	10
حبات	10
بشهود	10
تترتب	10
فافتتح	10
فاصلة	10
ذنوبنا	10
الحسكاني	10
مهتدون	10
رسالات	10
سيئاتكم	10
جسيم	10
أهلكه	10
للضيف	10
عرضنا	10
التيهان	10
وسوسة	10
تقدمة	10
الموصلة	10
الكيمياء	10
أدوية	10
ينعكس	10
أساليب	10
المجعول	10
البقاعي	10
المائع	10
وشاء	10
يركبه	10
وأخذنا	10
غلبته	10
والتقرب	10
جعشم	10
وانتشرت	10
مختلط	10
مادته	10
بنقض	10
بمجموع	10
المتناهية	10
التنوير	10
فممن	10
لزومها	10
الريف	10
ساقي	10
ونخل	10
أهي	10
قسمي	10
العشائر	10
غارم	10
وثلثه	10
المحبوس	10
بالرمي	10
بالأجر	10
ظافر	10
والمحجوم	10
للصحيح	10
زيان	10
الزاهر	10
الهياج	10
يجول	10
حفت	10
نبيل	10
مالكم	10
يدينون	10
أنصح	10
وقصور	10
واختلط	10
كلبك	10
التوزي	10
وأعله	10
مطية	10
يثب	10
قوسا	10
وأقدم	10
قريته	10
رعف	10
الحوضي	10
ويؤكد	10
ارتضاه	10
ودخلها	10
وبغية	10
همزته	10
بالأفعال	10
حذفوا	10
وكمل	10
وعكس	10
الاندمال	10
ولخبر	10
كأنا	10
بنيامين	10
سيقول	10
ساسان	10
النفير	10
مصقلة	10
اسلامه	10
مستغرق	10
كهو	10
قطلوبغا	10
الرافضي	10
والقمي	10
آتيناه	10
ألوانها	10
نساؤهم	10
الذكي	10
فبعثت	10
والأنساب	10
بالسوق	10
خصفة	10
وزائدة	10
بالجزء	10
الثلاثمائة	10
الزرقاني	10
كالأجنبي	10
برود	10
فور	10
البادي	10
أعيش	10
العيزار	10
مروية	10
جالسة	10
وصاحبها	10
طرفاه	10
المدفون	10
الإسم	10
وشهود	10
معرضين	10
مقصرا	10
أري	10
يستويان	10
ولدوا	10
تعسر	10
الأرباب	10
معقد	10
رمانة	10
داخلها	10
تسم	10
مباين	10
برمك	10
فمعلوم	10
تفريعا	10
الموجه	10
الإهلاك	10
وذيله	10
معجبا	10
السدرة	10
عزموا	10
رابعهم	10
حقوقها	10
أعطيتها	10
فأصل	10
رعي	10
المجاشعي	10
الأخروية	10
نسى	10
فاكتفى	10
بآخره	10
وده	10
رزقي	10
وابني	10
الإصباح	10
لصق	10
ووقار	10
يحتوي	10
فادخل	10
زدنا	10
لأرباب	10
فمضيت	10
أذنها	10
يستوفيه	10
بكيفية	10
أدغم	10
إفادته	10
أبني	10
دبيب	10
وجاهد	10
القريتين	10
والغم	10
فروج	10
المصفى	10
حنفاء	10
القبلتين	10
يحجبه	10
لبعده	10
تساهل	10
الروحاني	10
مفرقا	10
بلبس	10
والآلات	10
أنصباء	10
المجاهدة	10
القرمطي	10
صولة	10
مبدل	10
واللهو	10
بالرفق	10
والحية	10
ابتدع	10
بشفاعة	10
بالأمن	10
أسمائهم	10
زجاج	10
المكاري	10
والمتشابه	10
وأهلا	10
وأوقع	10
شرى	10
وأصالة	10
بالإيجاب	10
أك	10
الوشاح	10
يكفروا	10
رماد	10
الظمآن	10
والجور	10
والمواعظ	10
اسكن	10
الرغم	10
تحذير	10
واجتهاد	10
للصدوق	10
كهذه	10
ميافارقين	10
تحن	10
مغرم	10
ولت	10
مبشرين	10
وأحيا	10
واهية	10
معترف	10
تمنعوا	10
نسبي	10
يغب	10
أظفار	10
كبرا	10
وأفعال	10
يؤدون	10
والتبديل	10
المستحيل	10
النبيه	10
استفيد	10
الاسترداد	10
ضيفا	10
أعجل	10
كنزا	10
تزين	10
أمنوا	10
حفظته	10
تربت	10
بهلاك	10
ينكسر	10
الأنوثة	10
وإبل	10
الحقين	10
مطين	10
الإخشيد	10
نمى	10
أعرفها	10
العذل	10
الناشئة	10
اعطى	10
يختلفان	10
والنضير	10
امتحان	10
ويمد	10
رهينة	10
قسرا	10
يسعون	10
المطهرون	10
ملئ	10
سيفك	10
فحملوا	10
والمزفت	10
رافعة	10
المؤرخون	10
بإيمان	10
جسدها	10
غيروا	10
بعمومه	10
الكتبي	10
الناب	10
لحومها	10
ساكنها	10
اصبروا	10
تدعوه	10
يختل	10
ليكونن	10
وتلاوة	10
مرحوم	10
بشرف	10
باجتماع	10
سكنها	10
الصيغ	10
وتوهم	10
لوقوعها	10
ترحمون	10
عاصف	10
دنوا	10
لأنظر	10
العذراء	10
محيطا	10
ليخرجن	10
أزهد	10
واللون	10
ضرير	10
واتق	10
للانتفاع	10
بالحيرة	10
إبانة	10
تغسيل	10
الحمامات	10
ونيته	10
اشتري	10
الشجاج	10
وأنزله	10
الباه	10
صميم	10
نحرها	10
المعزى	10
مثواه	10
ويخافون	10
القز	10
بخدمته	10
وموافقة	10
ورمضان	10
واتباعه	10
القلق	10
وهبان	10
بناءا	10
الإغراء	10
الوصاية	10
حيات	10
ولذة	10
نحمده	10
يصور	10
وتناول	10
مرضعة	10
قوتا	10
الذميمة	10
والدرر	10
الركعتان	10
وشروطه	10
حجيته	10
أإذا	10
ومثلهم	10
طغيانهم	10
وإجابة	10
فعبد	10
يشهده	10
والتاج	10
وطهورا	10
بالمحال	10
توزيع	10
اطلعنا	10
والعلو	10
والعشرة	10
بمصالح	10
التنزه	10
بالإحرام	10
إسكان	10
المرسوم	10
النهرواني	10
وأنهار	10
تصبروا	10
ورأت	10
اقتحم	10
وحث	10
للجن	10
والهجرة	10
مغنية	10
وقتلوه	10
وأتي	10
مضمونها	10
ودال	10
لمنفعة	10
فانظره	10
انعكس	10
الأسنوي	10
المنصوصة	10
وادعت	10
لمناسبة	10
للمكلف	10
التوربشتي	10
وقوفا	10
ينالوا	10
والنحر	10
رجالها	10
الرمد	10
والصديق	10
بالسير	10
سموات	10
وأغلق	10
وفرط	10
بظن	10
حك	10
وبلى	10
فيد	10
المزكى	10
البكرة	10
لإعادته	10
ندمت	10
فعم	10
والنسل	10
بتحية	10
الجرة	10
رقي	10
جئ	10
بارع	10
سويق	10
تتعرض	10
الصعق	10
فمرة	10
فالعبد	10
عهدته	10
أحول	10
عراق	10
واشتقاقه	10
مماثلة	10
جداره	10
فأنشدته	10
المقيس	10
دانشگاه	10
الإحتجاج	10
أسف	10
رعية	10
واستقام	10
مصور	10
لرأيت	10
ويمسك	10
المثلث	10
معتادا	10
والسورة	10
خطبه	10
الامن	10
ينتزع	10
يحترز	10
ظهورا	10
أظفر	10
عهدنا	10
ظمأ	10
فاستمعوا	10
المستنير	10
عصيان	10
شيبه	10
وقاموا	10
زمانها	10
للاحتياط	10
خالع	10
التطليق	10
البنوك	10
الهجران	10
والدمع	10
السابري	10
وارفع	10
شيعي	10
رئيسهم	10
يصلين	10
معاذة	10
انتقص	10
حاذق	10
وبقول	10
والقاهرة	10
الجيدة	10
بمباشرة	10
عارا	10
لديها	10
فاسقين	10
نقصانا	10
فيخرجون	10
رمحه	10
الظلة	10
والاحسان	10
عجلة	10
يخلي	10
المتمكن	10
القائف	10
السبيلين	10
الامراء	10
لأمها	10
فتواه	10
انتصاب	10
وإجارة	10
أبوبكر	10
حدب	10
حيران	10
منتظر	10
يلوي	10
وولدك	10
واللطف	10
بالعبودية	10
يستظل	10
الكراع	10
السريعة	10
مقدارها	10
فقطعها	10
مجالسه	10
الاتساع	10
وعمامة	10
جيحون	10
اليحصبي	10
الواصلة	10
تتكرر	10
راجيا	10
ينل	10
تنشأ	10
وقوموا	10
فاسعوا	10
والتابعون	10
فأصيب	10
الحملة	10
وعبده	10
بالحنطة	10
لسيدها	10
مفهوما	10
بصدقه	10
البربري	10
رجائي	10
دعانا	10
احذر	10
معول	10
والشجرة	10
تمتد	10
تخبرني	10
وإنهما	10
ومعهما	10
والأسر	10
مصالحه	10
الوازع	10
البدور	10
المستقل	10
وظاهرا	10
اكبر	10
تفصل	10
أهملت	10
ويباع	10
تغليظ	10
فيشبه	10
مجرورا	10
ورفعة	10
فيحدث	10
والاضطراب	10
ضريح	10
لحل	10
والجنس	10
أشعارهم	10
والإحرام	10
للأحكام	10
الضار	10
وكالته	10
ضعفوه	10
بموحدة	10
البحور	10
غمامة	10
فاضربوا	10
أهيب	10
خلصت	10
وظيفته	10
القئ	10
تؤدوا	10
بنبوة	10
والأذان	10
فعطف	10
عله	10
المصحح	10
بقباء	10
وجعلوه	10
ويوافقه	10
اللدنية	10
منثورا	10
أشركت	10
وتوفيقه	10
والحلال	10
الصلحاء	10
معقولا	10
أمانه	10
وثلاثا	10
بالحس	10
اكتسبه	10
فأحرم	10
اجتنابه	10
بشرع	10
تمرين	10
بتكرر	10
وقودها	10
جوهره	10
وأبصارهم	10
وتمنع	10
بأمرهم	10
أحبارهم	10
مذمومة	10
الخشوعي	10
وبكير	10
الوثائق	10
الاستنشاق	10
يعق	10
التدريج	10
أقال	10
وباعه	10
ممتنعة	10
المتصف	10
إفراده	10
فتراه	10
والتعرض	10
حدثتك	10
أسرته	10
وإنزال	10
التساهل	10
تقديرها	10
حمشاذ	10
كهلا	10
وماروت	10
للشر	10
يرضوا	10
مغلق	10
أرجل	10
ويحمد	10
وصم	10
وبخاصة	10
بالشراب	10
وأكلوا	10
محاباة	10
ظنها	10
المحمودي	10
الفاصلة	10
حفرها	10
حواش	10
العتابي	10
النقا	10
فسجدوا	10
الصعبة	10
فابعث	10
أبيتم	10
شأنكم	10
فطرح	10
معرور	10
فأتاها	10
عصاة	10
والرضى	10
زيتا	10
وعونه	10
تذييل	10
المتصوفة	10
وأبصر	10
انفروا	10
وحقق	10
وفهمه	10
والمسك	10
والاستعانة	10
أخزم	10
وانتظار	10
الشاك	10
يثير	10
يغار	10
بوجهك	10
بأسفل	10
مسته	10
طاقته	10
بالربع	10
ويزيل	10
والتمثيل	10
بياضه	10
المشاكلة	10
ربض	10
التضييق	10
بلدكم	10
قاضيخان	10
لدلالته	10
أعوانا	10
المذنبين	10
يدخلونها	10
منشور	10
ويريدون	10
الملعون	10
تعهد	10
للكتب	10
وثن	10
فأخذتها	10
ناحيته	10
تغسله	10
وناس	10
الأفعى	10
بورق	10
المحبس	10
وأدغمت	10
فأضاف	10
عبادتها	10
تمليكا	10
بليدة	10
يشكرون	10
وعلانية	10
العينان	10
لأخيك	10
وشكا	10
يمسكه	10
تمكينه	10
الإحساس	10
وفضالة	10
سامراء	10
الجبارين	10
ركبا	10
تسد	10
بالوعيد	10
طباع	10
توسل	10
أخفض	10
والعطاء	10
وكبار	10
بالكفارة	10
بالقرائن	10
لارتفاع	10
ذكراه	10
فارقته	10
جفت	10
ناشئا	10
حولك	10
جنينها	10
ومحا	10
أسلف	10
والمنافق	10
والسكوت	10
حضانة	10
انتزاع	10
السقا	10
لمكة	10
سلطنته	10
والمانع	10
بمهملة	10
نساءكم	9
والأرحام	9
قليب	9
قتلناه	9
ويفعلون	9
وفقنا	9
وتعظيمه	9
تعلقا	9
الخطو	9
والحصر	9
للقدر	9
فيأمر	9
بالوقوف	9
يكفى	9
يصليهما	9
ومذهبه	9
الحنك	9
احتسب	9
تكامل	9
والقراءات	9
كيله	9
بأعيانها	9
قرنت	9
بطنا	9
تشبع	9
الرمضاء	9
فقبضه	9
تحلفوا	9
لمبتدأ	9
للذات	9
حدوثها	9
بعالم	9
وثانيه	9
مؤخرة	9
الأفشين	9
والديلمى	9
جودا	9
البطل	9
هجا	9
سئلوا	9
يلام	9
بالأنثى	9
يفكر	9
مثقلة	9
فانتبه	9
والتبيين	9
مجموعها	9
فاستقر	9
أرخ	9
والمزني	9
ماهيته	9
إقطاع	9
المباني	9
سديدا	9
المطل	9
قلائل	9
كهاتين	9
واعظا	9
انكشاف	9
ورجوع	9
وخمسا	9
تشريف	9
الفتك	9
يجوزون	9
العاصمي	9
الجواهري	9
درويش	9
ومسلمة	9
والجدال	9
اجتاز	9
التنفس	9
وأحوالهم	9
التحويل	9
مكرهة	9
إشعارا	9
المقيدة	9
للبايع	9
جدب	9
بئسما	9
مستجاب	9
فلعلك	9
الفالج	9
والدك	9
كورت	9
عاصما	9
وبرسوله	9
تعارف	9
ارتقى	9
تبركا	9
مرتفعا	9
وصفية	9
للزمخشري	9
تقريرا	9
تعريضا	9
بإنكار	9
المشاق	9
أغتسل	9
أيتهما	9
صيرورة	9
مجلسي	9
الأميين	9
الإمامين	9
حانوت	9
صهره	9
عسال	9
خميصة	9
البخار	9
فنظرنا	9
برفعه	9
بثلثي	9
إتباع	9
ابتاعها	9
والاها	9
مفعولة	9
كالعتق	9
مبسوطا	9
بليغة	9
يخوف	9
امرء	9
وثناء	9
النميمة	9
يذوق	9
السمسم	9
ويترتب	9
مالهما	9
إنزاله	9
والمندوب	9
نكس	9
العلمين	9
جدول	9
ومعدن	9
سوي	9
شرعة	9
غايتها	9
الظبية	9
بالغلبة	9
المغول	9
رباه	9
مناجاة	9
دموعي	9
وعدو	9
بالإثم	9
أهواء	9
فاعرف	9
أشهرا	9
والشهوات	9
ذما	9
رمد	9
بعثمان	9
أقوالا	9
والتمكين	9
العريش	9
التفضل	9
قلعها	9
وتحصل	9
بخطاب	9
العزيزي	9
والأجداد	9
الزراد	9
الأرمني	9
أصلين	9
إنباء	9
الكازروني	9
بالاضطرار	9
لغفور	9
قاهر	9
تزيل	9
وأقبلوا	9
سمعهم	9
مددت	9
يذر	9
سمعك	9
اقطع	9
وتعاونوا	9
يضحى	9
يخفض	9
واقفة	9
جهير	9
الجيلاني	9
معظمه	9
الوضوح	9
العدلين	9
نفاسها	9
وقلد	9
الجيزة	9
والضابط	9
مذنب	9
بجد	9
الفيلة	9
وسوق	9
وشرفه	9
منون	9
فكه	9
مناقضة	9
النخع	9
وأوحينا	9
قطنا	9
طسم	9
إسراف	9
أكلمه	9
تمثال	9
الرطوبات	9
الأخماس	9
وأباه	9
فطلقوهن	9
باعتقاد	9
القولنج	9
تساوت	9
ضرارا	9
النقمة	9
مقتلة	9
مقلتي	9
هيه	9
لعبادة	9
تحكيم	9
عضل	9
التضاد	9
أزلية	9
أتزوجها	9
مسكة	9
وبت	9
بذنوب	9
وعدله	9
والولدان	9
الجلاد	9
صبه	9
مردودا	9
بالقهر	9
والعيدين	9
بمبلغ	9
أوضحنا	9
ملتبسا	9
طلقتها	9
رش	9
وثور	9
مسألتين	9
الإمداد	9
افضل	9
اصطلح	9
وقلن	9
الفلا	9
حصان	9
خاشعا	9
أسعى	9
حلاله	9
واثنتان	9
أشكال	9
تعاونوا	9
يستكمل	9
اعتبره	9
ونفاه	9
المنعوت	9
عذابها	9
الحانوت	9
غبا	9
وعدكم	9
الحديثية	9
بلغا	9
ويصبر	9
يفطن	9
تليد	9
بقدوم	9
نعالهم	9
والوكالة	9
ويتخير	9
وورش	9
بالخيرات	9
زخرف	9
حمدت	9
باعد	9
شيم	9
نفاذ	9
الطيلسان	9
بصفته	9
وشربه	9
والسلاطين	9
وعقلا	9
بالأحمر	9
شجره	9
والغصب	9
فأعد	9
يوهمه	9
اعتيد	9
الألى	9
وأحلى	9
صنوف	9
الافتقار	9
المثلى	9
مفرع	9
المقير	9
أقسامه	9
واستقل	9
أعتقد	9
نفقتهم	9
كوثر	9
فسير	9
السائرة	9
الجدران	9
ويبغض	9
يودع	9
وبنيه	9
نفح	9
فرضتم	9
والثمر	9
فجمعت	9
عمومات	9
ماسويه	9
ورجلاه	9
فيجعله	9
أكمة	9
ومحاسن	9
وفساده	9
وكلامهم	9
وصوبه	9
وشارك	9
مسموعة	9
الغز	9
بثينة	9
تجعلني	9
الأغلال	9
المبطلون	9
فيومئذ	9
الداماد	9
وطاووس	9
مرقاة	9
ويخبر	9
وكسرت	9
بالتقدم	9
للمستحق	9
للنصوص	9
جازما	9
الكوسج	9
المنجز	9
للمأمون	9
روشن	9
نظيرها	9
نبش	9
وعسكر	9
دلني	9
اتسعت	9
المستعملة	9
بمنزل	9
ونعلم	9
وبالإسناد	9
جعلك	9
حرسها	9
راجعه	9
غرابة	9
الخبال	9
زرعها	9
خالفنا	9
مساحة	9
فغيره	9
الإحداد	9
أحوى	9
عقيم	9
رياضة	9
أعجميا	9
الأبطح	9
فصه	9
متباينة	9
فبرأ	9
ثقاته	9
فيتبع	9
ترتيبه	9
ويؤكل	9
ويحضر	9
النعوت	9
كتبي	9
المعجمتين	9
الأمارات	9
بمؤمنين	9
نوائب	9
ذؤابة	9
وصلح	9
ببرد	9
يحفظونه	9
ليعلموا	9
الحاجز	9
الخوان	9
بدعته	9
بالجزية	9
معهد	9
المعلمين	9
استحقاقها	9
سلاطين	9
والتكليف	9
والتقي	9
الحجازية	9
نشك	9
حدرد	9
خائن	9
فعزل	9
والدولة	9
بشريعة	9
وعبدالله	9
مستفيضة	9
وبغيره	9
شنبوذ	9
المقفع	9
النجاء	9
أعناقها	9
هالكا	9
أشهدكم	9
مكشوفة	9
الخرز	9
جليا	9
ببكاء	9
المريدين	9
البالغين	9
أقطعه	9
الغالية	9
والتأكيد	9
الحياض	9
طائف	9
يلبسوا	9
وريحان	9
مشرفة	9
سرجس	9
وزالت	9
قطري	9
ختمه	9
وسقى	9
وأشباهها	9
فيزيد	9
وخمسمئة	9
وبضم	9
فبها	9
بعرق	9
ويعضده	9
معجزا	9
بصالح	9
يجادلون	9
سمحا	9
لمثلها	9
تناولت	9
سحق	9
رماني	9
بخس	9
موقفه	9
الحفار	9
فقسمها	9
رومة	9
تضرر	9
بطهارته	9
استكمال	9
توسعة	9
الاستفهامية	9
بالسراية	9
ويأمرون	9
هيكل	9
فيتبعون	9
صفت	9
الديانات	9
وأفضلهم	9
والخادم	9
راتبة	9
الحاسب	9
مقتضيات	9
إيتاء	9
للدليل	9
يحتاجه	9
المجلة	9
تركن	9
تنور	9
ليته	9
وسفك	9
منقلب	9
يكفل	9
كابر	9
يعصر	9
بالسكين	9
والسيئة	9
مهاجرة	9
بابنة	9
الدن	9
ويزاد	9
اضطربت	9
والاكتفاء	9
ودينار	9
يلازم	9
ضربتم	9
ونكير	9
نقم	9
وتسمع	9
وسلب	9
مصروفا	9
وحسنا	9
وامسحوا	9
والزينة	9
الأرجل	9
يدرأ	9
تربته	9
سحب	9
جزرة	9
النوب	9
والتسمية	9
المنتسبين	9
لزوما	9
للوجود	9
نتن	9
نصيبك	9
خرابا	9
لصلبه	9
فجاءني	9
ثلثة	9
البياضي	9
مجازه	9
خلافهم	9
قواده	9
والتحريف	9
أقرضه	9
نبل	9
عرصة	9
أشارت	9
مشكورا	9
ولباس	9
اتخذها	9
ويأخذون	9
اختلفتم	9
نصيبي	9
محبتي	9
رضع	9
المذكوران	9
مرتبط	9
تمييزه	9
ويباح	9
الصدود	9
احترقت	9
عتيقة	9
والزبور	9
جلسوا	9
وخفة	9
والمكر	9
ثلج	9
بأخ	9
ضريحه	9
وأبغض	9
فمها	9
بسنتي	9
البيطار	9
ملتزم	9
المزية	9
المجبرة	9
الطباق	9
متعينا	9
وفاكهة	9
سبايا	9
أبقت	9
ويسهل	9
للمنافقين	9
فاضلة	9
تلبية	9
يمنى	9
كغراب	9
إثمه	9
فأخرجها	9
بطلبه	9
العنة	9
الآكل	9
والسدس	9
شموله	9
بالقاضي	9
باستحباب	9
وتعتد	9
يتقرر	9
بنجاسته	9
التهكم	9
والتعب	9
رؤيتها	9
المرارة	9
آخرة	9
وأنفع	9
دود	9
وبكسر	9
يبلغنا	9
المعتقة	9
يستقى	9
وشرائطه	9
تحشرون	9
وقولا	9
يغرنك	9
وعدتني	9
لحمي	9
بالطعن	9
المفارق	9
جرعة	9
سائغا	9
تحلة	9
بطائفة	9
والراوي	9
النورية	9
صغرى	9
المحاكم	9
مقبوض	9
برء	9
ويعتمد	9
مكثت	9
طابخة	9
أخس	9
فنسأل	9
فأذنت	9
والحامل	9
والوصل	9
فراء	9
تذكروا	9
الشؤون	9
شاغل	9
أروح	9
أصابنا	9
فضم	9
وثعلبة	9
المشية	9
والتزام	9
وواجب	9
موضوعها	9
لتركه	9
البساسيري	9
متفقا	9
العاطف	9
جناحك	9
أهلكت	9
بسطة	9
وإننا	9
مري	9
وأفضلها	9
للأشياء	9
نضرب	9
إياهما	9
وحصين	9
إراقة	9
كلبه	9
تسكين	9
مجرمين	9
ومرت	9
يماني	9
وبهاء	9
أقصد	9
وتكثر	9
صارف	9
تأبط	9
ويسمون	9
والعقول	9
لفؤاد	9
لسبق	9
بدور	9
يتلفظ	9
لعلمهم	9
بجزيرة	9
للواقف	9
فأتبعه	9
مثلهن	9
أمرتنا	9
طلعة	9
وأكلت	9
أجريت	9
البصل	9
منتهاه	9
جزورا	9
اشتركوا	9
يذكرا	9
بإبطال	9
فالسنة	9
الكلامين	9
عشريه	9
أحبها	9
مطاعا	9
يسخر	9
غزيرة	9
تغلوا	9
الصابر	9
يطف	9
بالجبل	9
نفاقا	9
الخيزران	9
مصنفا	9
خيلاء	9
يسميها	9
سرني	9
الداع	9
عقوق	9
وفسد	9
فشربوا	9
طبيعته	9
أصنامهم	9
يقاوم	9
الملطي	9
وسبوا	9
بالتقليد	9
الجثة	9
إشهاد	9
والحذف	9
إطالة	9
يقدره	9
نوعي	9
بتوسط	9
أبكار	9
مراء	9
الوحشية	9
السمو	9
بنوره	9
مكانكم	9
ورحم	9
المغفر	9
ويظن	9
للدار	9
الزارع	9
الاثنتين	9
والاستقبال	9
الإنكليزية	9
الثورى	9
استلزام	9
فقص	9
عتيد	9
أتيتم	9
ربوة	9
الغول	9
وعمد	9
فقتلها	9
مشتبه	9
ناظري	9
مدخولا	9
بالحبس	9
الصارم	9
اختلطت	9
وروت	9
مراتبهم	9
وتصرفه	9
بغلبة	9
المحسوسة	9
ومائتي	9
ثلاثي	9
يحييكم	9
يدعوك	9
والفواحش	9
شموس	9
والمسائل	9
ليدفع	9
سورا	9
أبدأ	9
مشاة	9
بلدك	9
ويعين	9
الترجمان	9
بالماضي	9
وخبرها	9
مشهودة	9
للوطء	9
وبتقدير	9
لوى	9
بأعيننا	9
أحصاها	9
شرقية	9
تنحل	9
بموافقة	9
بالجمعة	9
بافضل	9
جوابات	9
يندم	9
تلبث	9
شهوات	9
فليعلم	9
والثيب	9
لمروان	9
والخطب	9
فخذي	9
ليحمل	9
بمضمون	9
لجرير	9
كيلو	9
القارورة	9
بينى	9
القنطري	9
أوتى	9
أبيا	9
بناتي	9
بالطاعون	9
جزئيات	9
والرضاع	9
الخطط	9
والزركشي	9
فعنه	9
الجائفة	9
وتأكيد	9
حياض	9
تسرع	9
أقلت	9
زاغ	9
ففيم	9
وقيصر	9
المرج	9
اهتديتم	9
منصف	9
لقوته	9
جلسائه	9
حوط	9
تعيد	9
شكرها	9
متلف	9
خراجها	9
للزرع	9
بالموجب	9
للشيخين	9
نداه	9
سجية	9
بو	9
فليأخذ	9
وتبارك	9
مذهبة	9
غمس	9
والموصى	9
انقسام	9
الحريش	9
متكئين	9
تبقي	9
أدعوكم	9
تفقد	9
فرطت	9
ميعاد	9
بهر	9
شفعا	9
وتبرأ	9
أسانيدها	9
الاستفادة	9
ويبيع	9
أوقف	9
الوردي	9
المتوضئ	9
الصارف	9
الأولة	9
صديقك	9
المشاعر	9
يجير	9
واليسر	9
رفيعة	9
بستانا	9
الحصا	9
تضاد	9
هزل	9
تعتمد	9
أعجبني	9
تحرى	9
دلك	9
مرغوب	9
فمحمول	9
فالوصية	9
باستيفاء	9
لاقيت	8
أعدائي	8
يرضع	8
مليحة	8
تعطيني	8
قطعنا	8
المصالحة	8
الملحق	8
تؤذن	8
والدبر	8
زهده	8
أزمنة	8
مبادلة	8
والغرس	8
زينت	8
سترت	8
ثقلا	8
يحث	8
حز	8
تقاتلوا	8
سلكوا	8
الجائحة	8
وأب	8
قالب	8
نواجذه	8
أفرده	8
منونا	8
الإربلي	8
الحرستاني	8
للناظرين	8
تثير	8
وخرق	8
قارعة	8
ردائي	8
أجيبوا	8
وتفصيلا	8
ملائكتي	8
محقا	8
مدمن	8
يصغر	8
فامض	8
يسوع	8
الهلالية	8
لترتيب	8
سهامهم	8
فأبدل	8
عازما	8
تراءى	8
البابي	8
يحلها	8
وأشبه	8
لبلال	8
فيلقى	8
وينقطع	8
طردا	8
الخطيم	8
وتعليمه	8
بباطن	8
بالبلوغ	8
الدنيوي	8
شج	8
أمدا	8
إلهين	8
لإسماعيل	8
لقدرته	8
المعرة	8
ووجوده	8
النقط	8
وطئتك	8
الشرعى	8
فارض	8
نورهم	8
حرصه	8
أكلمك	8
سبقني	8
الحجم	8
كفافا	8
رأيتنا	8
جبيرة	8
عدتهن	8
مفتوحتين	8
الشاذلي	8
ويطوف	8
بالبخل	8
أبحر	8
أذنا	8
التقوا	8
فوضعته	8
يصالح	8
وأقمت	8
حقائقها	8
وناصر	8
وحسينا	8
لصغر	8
مشدد	8
مستغنى	8
بالشفاعة	8
بالجزاء	8
الجسماني	8
الاسود	8
ولحديث	8
الماهيات	8
لاحت	8
العصافير	8
بيوسف	8
وتنزل	8
يطوي	8
ودعاه	8
بالحاجة	8
قانتين	8
بمؤمن	8
حضرها	8
النحوية	8
يتفقا	8
الباسط	8
انحرف	8
ملطية	8
خصب	8
قاد	8
الرجفة	8
أتقاكم	8
التل	8
محدودا	8
فاسأله	8
الأصاغر	8
بإلقاء	8
مقررة	8
اشترطت	8
استعاذ	8
الرسمية	8
التكسير	8
بانحصار	8
ليجزي	8
ربحا	8
قرابتي	8
عنت	8
سمه	8
مسجدنا	8
نفائس	8
نجيد	8
واسكان	8
زغبة	8
والجزم	8
تلفها	8
الغزنوي	8
أولياؤه	8
بالأسانيد	8
العطر	8
قرطاس	8
باتباعه	8
تفارقه	8
مصره	8
تلازم	8
والزائد	8
تنبيهان	8
آمركم	8
فاستقبله	8
سرهم	8
أذناب	8
قزح	8
نالوا	8
نابل	8
وسارت	8
يرتبط	8
التارك	8
فيعم	8
القربات	8
الأصالة	8
مرسية	8
احرامه	8
أدبارهم	8
يجن	8
نشب	8
الشابة	8
والمنزلة	8
جدها	8
فجمعوا	8
أضلاعه	8
والعوام	8
المصدوق	8
الآملي	8
وأعتقه	8
الإبقاء	8
والأصمعي	8
العاقدين	8
شيخو	8
وآثر	8
وبنا	8
جرما	8
ملت	8
طرفك	8
يسارك	8
والخدم	8
قومت	8
وصاحبيه	8
للمعدة	8
العجماء	8
ورثها	8
منهزما	8
محدد	8
قررت	8
كانون	8
بكراهة	8
استلم	8
والرافعي	8
التسبب	8
شرحنا	8
بالزائد	8
نضح	8
ترمى	8
نسينا	8
تؤتي	8
الأوتاد	8
يسألك	8
واضطراب	8
والريحان	8
يقولا	8
وسيرة	8
فكرهه	8
سهر	8
وصير	8
واتفاق	8
سائرها	8
مسقطا	8
التسامح	8
التحدي	8
للأصحاب	8
تضيع	8
يجاء	8
وروحه	8
وصاحبي	8
الأبدية	8
تزوجني	8
خلية	8
المستور	8
عمتي	8
صيدها	8
بالزنى	8
المقطوعة	8
الرؤاسي	8
والإجازة	8
للحدث	8
التحريمة	8
الإمضاء	8
قربوا	8
وقار	8
البرايا	8
المؤونة	8
راجعين	8
وسجن	8
السكان	8
فأبطل	8
المصون	8
وغسله	8
وقواعد	8
الحشو	8
جحده	8
فالفرق	8
معلومية	8
استخف	8
يمنعوا	8
نجمع	8
البهيم	8
فض	8
الاستسلام	8
فماتوا	8
مقارب	8
والشئ	8
واسناده	8
النزح	8
نقده	8
للاهتمام	8
وسيأتى	8
التبادر	8
أيقنت	8
منازلها	8
ومنزلة	8
وآتى	8
يجره	8
كلبهم	8
كريه	8
مرضاته	8
فكأنك	8
مكثر	8
الكيد	8
والفائدة	8
ميتته	8
متصف	8
الرفاء	8
الاشتمال	8
ظباء	8
وقرآن	8
خلته	8
الأفاعي	8
صك	8
أنطق	8
يخبرني	8
ظروف	8
يعظمه	8
حافلة	8
النافذة	8
البعوض	8
فخص	8
صادرة	8
للسياق	8
سياه	8
المصدقين	8
يخلقون	8
الأضلاع	8
جرأة	8
وقاتلوهم	8
فأينما	8
أدركتم	8
ليقتله	8
عهود	8
سفري	8
والإصلاح	8
وينتقل	8
بزرك	8
مارس	8
معتادة	8
بطوس	8
عرشك	8
صافيا	8
النوال	8
مرضات	8
الجنتين	8
ليظهره	8
فقيد	8
أحرقت	8
للطباعة	8
إهانة	8
ونظرا	8
يفترقان	8
يستباح	8
ذكرين	8
شرطنا	8
متطوعا	8
وسنذكره	8
بجيم	8
رونق	8
فاسقون	8
ضن	8
سلوة	8
تحيي	8
خاطبهم	8
وندم	8
أورق	8
ردائه	8
المائل	8
فيكشف	8
وقصدوا	8
يتنفل	8
فجملة	8
الساكت	8
يزاحم	8
والموقوف	8
بالويه	8
فلقوله	8
العشية	8
بطيء	8
لسن	8
وطهرهم	8
نفد	8
والأوصياء	8
المتلمس	8
يراع	8
قيلة	8
ويفيد	8
تكريت	8
تطليقتين	8
والمتكلمين	8
مواجهة	8
والاستسقاء	8
صيره	8
وقبضها	8
ملحقة	8
لنص	8
وأمسى	8
يتقلب	8
صرع	8
والام	8
التقيا	8
وأذكر	8
حجابه	8
الموكب	8
ينقضه	8
يرهن	8
وقرره	8
فعجز	8
أدغمت	8
زميل	8
أشعب	8
صصرى	8
أظل	8
وقبائل	8
صدى	8
وبرق	8
مصنوع	8
الشكور	8
الثقلان	8
يقيمه	8
يضاد	8
القارة	8
التقبيل	8
بإمامة	8
والمستملي	8
أرعى	8
ودان	8
ضائع	8
سلكت	8
بقادر	8
الشهد	8
يتامى	8
محا	8
ورودها	8
مثلت	8
عري	8
طريقي	8
الشبان	8
لمسجد	8
والحدث	8
متمم	8
للفاضل	8
المؤتمن	8
وجودهم	8
الأفصح	8
وأربعا	8
بالرجم	8
بلاغا	8
والكاظم	8
ماهر	8
يفلت	8
فصلينا	8
بطنان	8
النحرير	8
دلاء	8
أدخلته	8
والفلسفة	8
لتقصيره	8
توفاه	8
تفاوتا	8
وأضيف	8
الاستخدام	8
عصرون	8
رحال	8
تهدى	8
يبخلون	8
صرمة	8
فرائضه	8
كدم	8
وتقرب	8
الخافقين	8
حدثتكم	8
ومتنه	8
للطلب	8
بادروا	8
معظمها	8
مدافعة	8
محسوب	8
والدينار	8
حروفها	8
فعلل	8
اختلعت	8
والتخيير	8
الاستفاضة	8
ويتصل	8
الطل	8
والخاتم	8
حملني	8
والمشرب	8
وورثه	8
تأمين	8
المسارعة	8
التمادي	8
أفردت	8
وأختها	8
بجرح	8
الكلامية	8
أدباء	8
وطار	8
اياس	8
ودق	8
رؤسهم	8
يبلغون	8
قسي	8
بتعليم	8
ومخرج	8
بدينهم	8
الأشيب	8
لزفر	8
طهره	8
جليسه	8
فشكوا	8
لأملأن	8
واف	8
نوحي	8
مالنا	8
العيدان	8
النسج	8
وربح	8
الجيف	8
والأبيض	8
بالمحل	8
الشعائر	8
أردف	8
أحكامهم	8
أتقى	8
والمتولي	8
والجهة	8
المسقط	8
للوزير	8
المنبجي	8
صناعته	8
نعلا	8
تعذب	8
واهب	8
مأمنه	8
بسعر	8
النيشابوري	8
الأوليان	8
لغلامه	8
شهرته	8
لآدمي	8
تجهيز	8
ونقد	8
الحصري	8
القلزم	8
ظلمنا	8
معقب	8
عهدها	8
نفوسنا	8
فلسنا	8
تره	8
كاذبين	8
تدمر	8
بأستار	8
وتد	8
فاشتغل	8
طيبه	8
أهداها	8
منصرفه	8
مأجور	8
خروف	8
المحصل	8
العينة	8
الصرع	8
بإباحة	8
يغاب	8
تخصيصها	8
عبرت	8
استقصاء	8
الروحاء	8
أممهم	8
ينحدر	8
زوايا	8
الشعرة	8
بانقطاع	8
بالألفاظ	8
العمراني	8
الهيكل	8
الرأفة	8
الضرس	8
حفظة	8
الأزلية	8
يدلي	8
ختام	8
منفذ	8
يزكيه	8
يتتبع	8
فيدخلون	8
يجبره	8
رافضي	8
المبرزين	8
استدلالهم	8
التحليف	8
تجزىء	8
والخشب	8
تكوين	8
سريا	8
فقرا	8
وزراء	8
عتيقا	8
يقولن	8
أسرارهم	8
لاحقا	8
ضياعا	8
وهجر	8
مترددا	8
بالعذر	8
الجراحي	8
الأعوام	8
والطهر	8
بضعا	8
المحشي	8
المستهزئين	8
يسرون	8
وبالوالدين	8
منكب	8
اللحاق	8
الكير	8
قيود	8
قراد	8
وصيتي	8
المجرة	8
الختام	8
مغن	8
معمرا	8
كفران	8
فيصرف	8
الشوارع	8
وزحف	8
وخارجة	8
الاقتران	8
الدكان	8
اجازته	8
الوجودية	8
تأوي	8
والعيش	8
يرج	8
رمادا	8
باسمها	8
الطبل	8
انتزع	8
والممات	8
المحجلين	8
وخرجنا	8
وتدبيره	8
وطرفه	8
ووزر	8
فبانت	8
واستيفاء	8
وشعبان	8
للغروب	8
خاطبه	8
فلفظ	8
الابراء	8
بكأس	8
بقرآن	8
بجانبه	8
واترك	8
اكتسبت	8
الحبش	8
اللهب	8
فتركته	8
تنالوا	8
العاديات	8
فانهزموا	8
حبشية	8
الحاسد	8
مخالفتهم	8
الغطفاني	8
حققناه	8
النعالي	8
نخشى	8
خاشعة	8
نكبة	8
ونطق	8
تبا	8
ويعلمه	8
الانتشار	8
الحيز	8
حكيت	8
حسنويه	8
البهراني	8
يجوزه	8
كحد	8
دفعات	8
خمارويه	8
ترم	8
أبناءنا	8
ومعصية	8
هامان	8
فمررت	8
وتنقل	8
عقلت	8
يؤمهم	8
وللعاهر	8
ودخوله	8
الراكد	8
ينضبط	8
بتحريك	8
توقفه	8
الزراري	8
بقتالهم	8
نبيط	8
يفقه	8
أجلة	8
شاهق	8
دنيوية	8
حولت	8
أوف	8
افترق	8
ورضا	8
يوافقها	8
الجمة	8
مأكولا	8
بالبحث	8
المستكن	8
الأجهوري	8
مؤول	8
قوص	8
اللقاني	8
يتذكرون	8
أرضكم	8
خلقتني	8
نجما	8
ذريتك	8
عوفي	8
عترتي	8
ولكننا	8
عطاف	8
الأيامى	8
محلي	8
عصبية	8
فترجع	8
بالسيد	8
امة	8
أعرفهم	8
لكبر	8
والمخالفة	8
جازم	8
آبار	8
الطبخ	8
تراث	8
أنفقتم	8
نتخذ	8
قربانا	8
والتوراة	8
يلاقي	8
ولات	8
أمنة	8
جنتي	8
ومكانه	8
برسالته	8
النادي	8
وزيري	8
بياضة	8
وكنز	8
بالحدث	8
استفهاما	8
والفؤاد	8
خفا	8
فقدان	8
فتر	8
منظره	8
والمصالح	8
ففعله	8
بأجل	8
والعقار	8
وأصحابنا	8
لصالح	8
كسرته	8
بهمزتين	8
كلفظ	8
نوجب	8
للحصر	8
والتصوف	8
المستظهر	8
نشاط	8
رث	8
كسوتهم	8
رزقنا	8
مقضيا	8
والنعيم	8
بالذنوب	8
الأنداد	8
ومنعهم	8
فكفارته	8
والتفريط	8
المسكنة	8
فقاتله	8
فسألناه	8
والإخوة	8
الغائبة	8
المرهونة	8
احرام	8
بثلثه	8
حالفا	8
تالفا	8
سماحتكم	8
تدلى	8
المطمئنة	8
ألسنتكم	8
يحتال	8
فزعموا	8
نقدم	8
بصيرته	8
ليلتها	8
ودفنت	8
الأقط	8
أحبهما	8
ونواحيها	8
منحصرة	8
بالنقصان	8
لغته	8
والمشايخ	8
للمشهور	8
أجزاؤه	8
نفورا	8
ديارنا	8
والنصح	8
يقاربه	8
وخالق	8
المسرة	8
لأولئك	8
فيبدأ	8
بعلوم	8
والتوجه	8
كرره	8
شهدها	8
المعتوه	8
والأذكار	8
سالبة	8
أربد	8
رواء	8
رددنا	8
وماتوا	8
السنون	8
سفهاء	8
سخيا	8
بلجام	8
وثار	8
أرحامكم	8
للعاقل	8
ويرحم	8
ووصى	8
جعلتم	8
طيرة	8
مبلغه	8
تبعها	8
بالمسألة	8
ويستمر	8
وطين	8
قاء	8
تخصص	8
المقطم	8
والأستاذ	8
الملامة	8
الصياد	8
وهموا	8
بإسحاق	8
النوح	8
ووادي	8
لفضله	8
يلحقهم	8
خيارا	8
أعيدت	8
مبعوث	8
آبق	8
برجوع	8
جماعته	8
توضيحه	8
الوضعية	8
زويلة	8
تقادم	8
نائل	8
مسلمي	8
والأموات	8
مقطع	8
رسما	8
نفست	8
نعبدهم	8
أغني	8
يسألوا	8
جبلان	8
فاشترط	8
بعمارة	8
متمتع	8
الإقراء	8
الصابي	8
البريطانية	8
تجود	8
نقيم	8
يبيتون	8
رضيع	8
إخوتي	8
تقض	8
مسلوب	8
وقتال	8
نشرا	8
ويخرجون	8
النابت	8
صفوفكم	8
فأهدى	8
المبنى	8
التهليل	8
المغيب	8
والوالد	8
الوتد	8
بجهل	8
والعرق	8
مؤلفا	8
مروياته	8
لفضيلة	8
للمحدث	8
بترتيب	8
المؤبد	8
الراغبين	7
دابر	7
شير	7
الغريق	7
فأعتقها	7
فجزاء	7
الوسادة	7
وأمرها	7
فتشهد	7
تتصرف	7
ففيهما	7
أواني	7
للشريعة	7
المبينة	7
افراد	7
أداؤها	7
وحرمه	7
حديثهما	7
المخير	7
والقنا	7
شمائل	7
قدوس	7
فتأخذ	7
مطرح	7
مضار	7
شاق	7
فازداد	7
درا	7
وعقبه	7
كالمرأة	7
ومطر	7
المصافحة	7
ضباعة	7
بالكافر	7
وألفاظ	7
منافية	7
خسران	7
معروفه	7
طبائع	7
ناضرة	7
غيثا	7
حمولة	7
يحصر	7
مقيس	7
عادي	7
يرها	7
وحبه	7
مخلب	7
البخت	7
ووجدوا	7
وبلد	7
بالخطبة	7
بأرش	7
كغير	7
القادري	7
بغضا	7
فاجتنبوه	7
وتعمل	7
ويرزقه	7
العوراء	7
السمعية	7
والألفاظ	7
مباينة	7
المصيصة	7
يتنجس	7
الكلاباذي	7
شعث	7
نهضت	7
وثيق	7
البائس	7
فنجويه	7
والكسل	7
وشي	7
مار	7
رقت	7
لضرب	7
خيرت	7
يصفر	7
الروايتان	7
المواظبة	7
القبضة	7
أرمد	7
يذبحه	7
يجلسون	7
للفرض	7
بالتساوي	7
اشتراكهما	7
صمد	7
كالبدر	7
أدخلني	7
ويطيب	7
وقدرا	7
تحكي	7
اهتم	7
ومجموع	7
مبايعة	7
نوازل	7
غرماء	7
ومطلق	7
ولفظة	7
قوصون	7
عذري	7
سودا	7
والكافرين	7
ملتهم	7
يوفون	7
والإنابة	7
تريدين	7
بارتكاب	7
القذر	7
وليتم	7
للمهاجرين	7
وغرق	7
نساؤه	7
المكنى	7
يمتحن	7
متميزة	7
فرحب	7
الغضبان	7
بقسطه	7
التتبع	7
المفعولين	7
ونفسي	7
معدا	7
حديثنا	7
بلادك	7
ينازعه	7
تستقبل	7
يوسوس	7
ووثب	7
تجلب	7
ازدادوا	7
وفضائله	7
كب	7
والأرواح	7
فسقا	7
ويتبعه	7
للزيارة	7
وتاج	7
التخلي	7
أرخه	7
النضح	7
يتملك	7
فكونوا	7
فقتلوهم	7
يخرق	7
بروحه	7
بالعالم	7
فأقره	7
الثلاثون	7
يوصله	7
شبهات	7
يغرب	7
وطرد	7
والمحاسن	7
مستدير	7
فقأ	7
زبيبا	7
الإفاقة	7
الاحداث	7
أصولا	7
بفضة	7
بتيمم	7
بالأثر	7
الحيلولة	7
الكيف	7
إلحاقا	7
وطبقتهما	7
والديباج	7
فكرت	7
يرثني	7
ويخشى	7
مغرور	7
فسله	7
هيثم	7
فيكونون	7
تعصب	7
المعطل	7
والمقتول	7
وللأب	7
الزندقة	7
ومنعوا	7
المستمرة	7
اغسل	7
لتحريم	7
وجدك	7
ومغفرة	7
أناب	7
يبعثك	7
تعمى	7
الحاذق	7
يحسبه	7
ليستا	7
حصونهم	7
القرشية	7
الحظوظ	7
أبطله	7
لكذا	7
وقتين	7
ومائتان	7
وسحنون	7
عداهما	7
حميت	7
يذب	7
تنادي	7
مسحت	7
نمشي	7
والتربية	7
بحملها	7
ووعيد	7
المهمل	7
بلل	7
لمعة	7
وسلمها	7
الاعتياض	7
فساء	7
ومنازل	7
أشدهم	7
التابعون	7
يلحن	7
وقرأها	7
حريرا	7
والاقرار	7
فذكرنا	7
حشيش	7
وشدد	7
وتكلف	7
غزواته	7
الإسكندري	7
سكناها	7
أهداه	7
حضرنا	7
فعنده	7
فوقك	7
فسوى	7
جلدي	7
ظالمة	7
يخادعون	7
جريه	7
الملام	7
وطي	7
أسبابا	7
أبغضني	7
يحضن	7
موحد	7
جعلوها	7
للمذهب	7
كالوصية	7
ويرضاه	7
روز	7
اختصاصها	7
فظل	7
أوزارهم	7
لنحن	7
عقيلة	7
والميثاق	7
حارس	7
وإبليس	7
النقب	7
الإبرة	7
يبكى	7
الفطام	7
قلوبا	7
البديهة	7
وتلميذه	7
اليربوع	7
وحمص	7
بالقرينة	7
تتصور	7
للتخيير	7
المقلدين	7
صلواتك	7
والحي	7
حمي	7
وليهم	7
رديف	7
الحطيم	7
عبروا	7
قاضية	7
عمهم	7
رثاء	7
اللف	7
الرجالية	7
الخسوف	7
فقياس	7
الكويتية	7
خندف	7
لتكونوا	7
تحس	7
عسرا	7
حجتي	7
الأبكار	7
وكفرهم	7
والطبع	7
ناطقا	7
فيأتيه	7
صادرا	7
واللمس	7
استخفافا	7
ليؤتم	7
طلقي	7
بعناية	7
للندب	7
لمدعي	7
وذكرا	7
وملكا	7
نرفع	7
للكذب	7
شنوءة	7
عطل	7
أظنك	7
ليتمكن	7
ويجعلها	7
وخلص	7
كلأ	7
بولايته	7
إمامي	7
بإدخال	7
اقرءوا	7
مجموعه	7
ترجيحا	7
شغلا	7
منتشر	7
تترى	7
ورائها	7
تشرق	7
العلاقات	7
برأسها	7
المسلسل	7
لاتخذت	7
صفه	7
الساحة	7
لأولياء	7
جئتني	7
بمراد	7
شروعه	7
راتب	7
النفاة	7
اخوه	7
خاطري	7
يسئلونك	7
العناء	7
جربت	7
والرياء	7
واسمع	7
راحلتي	7
هداني	7
تزود	7
فوهب	7
البعل	7
مشرفا	7
الوالبي	7
الجماهير	7
يزيله	7
أثمانها	7
يعبث	7
تعتقد	7
ويعتقد	7
للنقل	7
للغزالي	7
الرابطة	7
مذهبي	7
متوسطا	7
خطأه	7
والقمل	7
يحمده	7
ظفره	7
تعمدت	7
مبذول	7
جراحات	7
كبراء	7
فمضت	7
واتسع	7
كالقاضي	7
فواته	7
تنزه	7
حيضتها	7
يستفتح	7
للجهالة	7
وبالسند	7
واقبل	7
يؤده	7
يربي	7
تصحب	7
ذمتك	7
المبطلين	7
ور	7
بنبوته	7
رابط	7
مخارج	7
بإمكان	7
قالاه	7
للاستغراق	7
ولكنكم	7
لكشف	7
أقبلنا	7
للجار	7
تبرز	7
فحفر	7
يمكننا	7
وراثة	7
طابق	7
خطباء	7
بنذر	7
بالخمس	7
للعدل	7
بثابت	7
بالإنكار	7
معوذ	7
هموم	7
تؤم	7
خرس	7
أنصاره	7
مقالتي	7
وشرها	7
ولقيت	7
طينا	7
بيوتها	7
الفصوص	7
والحجامة	7
والخف	7
شحيح	7
بالذم	7
مسامحة	7
بالقصة	7
والنجاسة	7
والمنفرد	7
بالمدح	7
الحصيب	7
يقاتلوكم	7
منيرا	7
وكفرا	7
تأمرون	7
ومكارم	7
الصداقة	7
وآلة	7
أسماءهم	7
معني	7
ويقعد	7
والاقتداء	7
مصححة	7
المفترض	7
اللحظ	7
ينعتق	7
فالعبرة	7
بدرب	7
السماوي	7
استدرك	7
متميز	7
وبسبب	7
استظهره	7
ضيعت	7
بآياته	7
القر	7
علومهم	7
ومنذرين	7
يتبعهم	7
وفدا	7
تفجر	7
وتشرب	7
والديك	7
وإبقاء	7
مجن	7
حواه	7
دورها	7
بالإخلاص	7
نرجس	7
يأنس	7
فتجعل	7
النسق	7
الإجازات	7
بعبادته	7
مينا	7
فعبدي	7
للمكان	7
بكلية	7
يستريح	7
وصيي	7
الهالكين	7
واعملوا	7
ينزلوا	7
والفواكه	7
بوصل	7
ويدفعه	7
نطقا	7
الدواهي	7
تبدى	7
فزعمت	7
وعرفة	7
فأدخلت	7
يتسامح	7
حاذى	7
اعتد	7
حلبس	7
فيهلك	7
هبوب	7
لتعلموا	7
يرحمكم	7
الأقمر	7
فشكر	7
والوصايا	7
وابراهيم	7
والرجز	7
شكى	7
دنيوي	7
والجهمية	7
جوابهم	7
المحفوظة	7
دفاع	7
راجعت	7
والجدل	7
بطبعه	7
فقدوا	7
الهرمزان	7
تضاعيف	7
وينشد	7
مواتا	7
مؤقتة	7
استوعب	7
البرذعي	7
صريعا	7
بدلت	7
سبقوا	7
جدلا	7
فخلوا	7
تبتغوا	7
انسلخ	7
رمان	7
وابناه	7
يطيقون	7
اجتنب	7
للصحابة	7
فنحر	7
بالحمى	7
توكيله	7
الطريحي	7
فعتق	7
فيتحقق	7
طلقتان	7
عاهدتم	7
بالجود	7
عيالي	7
خدك	7
إنهن	7
إبطه	7
نقيبا	7
تكرهه	7
فجئته	7
استجابة	7
مستترا	7
والموصل	7
للمصدر	7
أجزأته	7
الطرطوشي	7
المنكرة	7
فليتوكل	7
شبابي	7
أبتغي	7
وشجرة	7
قاتلك	7
الرعاء	7
ونشهد	7
تكلمه	7
أعلمكم	7
بالتوفيق	7
بابان	7
زنباع	7
والأعمى	7
واختلافهم	7
بالنوافل	7
المؤذنون	7
الإيثار	7
فصالح	7
بالإحياء	7
الفخري	7
بفضلك	7
وسال	7
خالقها	7
أوما	7
الشقة	7
يتبدل	7
دوي	7
وخدمه	7
والطاغوت	7
سامرا	7
بالعشاء	7
اصطفاه	7
فليبدأ	7
ويجتهد	7
والوحي	7
تعطل	7
الجفر	7
كالإمام	7
ننتظر	7
للمعاني	7
أبوين	7
ورويناه	7
أضحيته	7
اند	7
فاها	7
وعدوه	7
الباع	7
خرجتم	7
والكرسي	7
الريع	7
وأسلموا	7
يعزى	7
فاتح	7
عبدالوهاب	7
التلذذ	7
الإحلال	7
نزلها	7
معارج	7
قصروا	7
خلاس	7
والوصول	7
المخلوط	7
متساويين	7
الرفاق	7
فأهوى	7
أطلت	7
حرثكم	7
وقضائه	7
تقوموا	7
الأوعية	7
شققت	7
مؤلفة	7
وافية	7
زنيا	7
المساحة	7
ارتفاعها	7
برؤه	7
فأبدلت	7
بمعجمة	7
المتلاعنين	7
لموافقته	7
الكرامية	7
وفيكم	7
يهاجروا	7
ودوا	7
يقينه	7
فارجعوا	7
ساقطا	7
اشتداد	7
والعزة	7
عقرها	7
اهتماما	7
يرتجز	7
وأهم	7
والحرة	7
الاستتار	7
منطوق	7
مغصوبة	7
فسواء	7
صريع	7
تخوف	7
قوارير	7
وأشعث	7
يفرحون	7
صماء	7
وسيعلم	7
وابى	7
الحوامل	7
فأخرجوه	7
وعشية	7
فاختارت	7
خليفتي	7
تشريع	7
الدفعة	7
مؤنثا	7
للنفوس	7
فبقى	7
بثم	7
القس	7
اخباره	7
فالحجة	7
النجاري	7
الأحدب	7
مغازيه	7
العشرات	7
يلحدون	7
متكبر	7
يختصمون	7
وصدقت	7
والفناء	7
لدنه	7
خلقني	7
يرضه	7
وآفة	7
ومتابعة	7
مرضها	7
الرمز	7
تستأذن	7
النبهاني	7
فسرق	7
والإسناد	7
مكيلا	7
للباقي	7
كالوضوء	7
البرامكة	7
للمضارب	7
أرشه	7
فاسم	7
وأصحابي	7
أفأنت	7
غرا	7
تب	7
مفتر	7
أمورها	7
أزواجك	7
والرهبان	7
تقصروا	7
يسخط	7
يستمتع	7
بنسخ	7
والقصص	7
معصومون	7
الباحثين	7
وتعريف	7
وآكل	7
مهمات	7
مرهونا	7
ويضر	7
مفعلة	7
بظاهرها	7
بطريقه	7
الإيذاء	7
ابدأ	7
فقها	7
فالزيادة	7
بالاستعمال	7
معيشته	7
المليك	7
صائر	7
بالي	7
لعظيم	7
دهقان	7
حيطان	7
يخوضون	7
يحله	7
حسل	7
والمعين	7
الجص	7
وأجلسه	7
العدوية	7
الاحتضار	7
أعاره	7
كسى	7
فدعي	7
البرجمي	7
عينية	7
لمضمون	7
لؤم	7
دمك	7
والعفاف	7
برقه	7
مقربة	7
تفضيلا	7
ويحول	7
فأحبه	7
أسلفنا	7
وضحك	7
وجهله	7
وملح	7
للعدة	7
والموصول	7
المتيطي	7
شدت	7
اللحوم	7
والراسخون	7
اسودت	7
الأضراس	7
فأمروا	7
كفك	7
عبدها	7
فأعطاهم	7
جرمه	7
مدتها	7
مخصصة	7
للجواب	7
مراعى	7
فالمتجه	7
انحصر	7
المجهولة	7
يكل	7
وتفعل	7
طلوعه	7
مسلكا	7
الفراديس	7
المداومة	7
السنجي	7
التقط	7
تضيء	7
والأهل	7
مثلث	7
ارزقني	7
اثبت	7
ويجزي	7
يستبين	7
سعادته	7
للتوبة	7
والرمح	7
نزعها	7
فيقضى	7
تعريفا	7
المجتمعة	7
وأصلي	7
معدل	7
زبيدة	7
بمثناة	7
الأويسي	7
المواضعة	7
ونفيه	7
اقتصارا	7
وتعب	7
سرها	7
البأساء	7
مهلكة	7
رؤوسها	7
صفحا	7
حملوه	7
أومن	7
زجاجة	7
والكافور	7
واعتقد	7
ملل	7
مفرطا	7
للكعبة	7
مكثه	7
اشتهار	7
يشدد	7
ولكونه	7
تسامح	7
الحاف	7
ليتحقق	7
صرعى	7
وانحر	7
يلحقوا	7
تموتن	7
تعتدوا	7
نفض	7
والاستعداد	7
وسرى	7
نوما	7
مأثور	7
ووفاة	7
بينوا	7
فهزمه	7
تأجيل	7
بالمباشرة	7
اسماء	7
فاستمع	7
كناسة	7
توليته	7
يستعان	7
للشهيد	7
والبشر	7
هاشمي	7
فأصابوا	7
كالشيء	7
مجودا	7
بأسمائه	7
مالى	7
اگر	7
المستصفى	7
أكنة	7
وأصابه	7
العرم	7
أصواتكم	7
جحود	7
يحصد	7
ننسخ	7
منصبه	7
فعدت	7
يستقم	7
يزده	7
والانتهاء	7
لحده	7
عرضوا	7
أرسلك	7
فائق	7
رفعهما	7
الكوع	7
يغلبوا	7
فاصبروا	7
الشمل	7
برسوله	7
ألحقت	7
وليتك	7
باليهود	7
أنصت	7
الإهانة	7
والإنفاق	7
مضروبا	7
استغراق	7
فينتفي	7
لثبوته	7
المحكية	7
سفين	7
مصرع	7
جزر	7
بالتقصير	7
وميثاقه	7
الأتقياء	7
أعلنت	7
وبينت	7
أبوهما	7
ميمنة	7
فروعها	7
تغطي	7
العملي	7
وليسا	7
بثغر	7
أنجم	7
لاستحقاق	7
نفساء	7
فمسلم	7
الجريان	7
يسلمها	7
ويوتر	7
الذاكر	7
ظنكم	7
مصيرا	7
بعظيم	7
العطب	7
وطلوع	7
السعال	7
مرجعا	7
جائعا	7
تنوير	7
معاند	7
مضبوط	7
بزوج	7
والثابت	7
فتثبت	7
وحمار	7
بخارا	7
شدوا	6
الخصر	6
حدثتنا	6
وكرهت	6
ران	6
بالربوبية	6
والسمك	6
فخشيت	6
فذكرته	6
فأجلسه	6
المقطع	6
أوقعت	6
ألقته	6
للمبتاع	6
سيدكم	6
الأنظار	6
كعلم	6
وللإمام	6
احترام	6
المصبوغ	6
اللثة	6
عرفية	6
بالدعوى	6
بتخصيص	6
وموجب	6
آليت	6
أماكنها	6
فكفر	6
قراها	6
ولعلي	6
طعامكم	6
بالنميمة	6
اختصما	6
وبسر	6
مشبها	6
لوقته	6
لجهله	6
الشاكر	6
فيطلب	6
فتحرم	6
الضرورات	6
لامية	6
لاتفاق	6
المشفوع	6
فاجلدوه	6
يضف	6
واتفقت	6
والدتي	6
بالمقصود	6
روحك	6
وطرا	6
الوقود	6
بالغدو	6
السفلة	6
وكنانة	6
طلقتموهن	6
والاستهزاء	6
أبرص	6
والمحال	6
يافث	6
ولبست	6
حجوا	6
الاستخفاف	6
للزينة	6
المرضي	6
اللؤلؤة	6
مقاله	6
ماه	6
بالثلاثة	6
فائدتان	6
حرره	6
البساطي	6
بالويل	6
حامدا	6
وأجمل	6
بالنبات	6
وطمع	6
وسعي	6
الطري	6
وباطن	6
ملخصه	6
سيظهر	6
يقسمها	6
فقوموا	6
الحكومات	6
النبض	6
أسداس	6
بالأشهر	6
نفوذه	6
قلبى	6
يبعثهم	6
آتيتموهن	6
يحن	6
دعوتي	6
تعجلوا	6
بغرة	6
لامستم	6
المحافل	6
فأعطوه	6
والمعوذتين	6
ركعت	6
خدام	6
بسبيل	6
وتؤخذ	6
أجراه	6
والأيمان	6
عقيق	6
بحسابه	6
الحوز	6
القلبية	6
كتائب	6
أحمده	6
معذرة	6
السطور	6
يحفظون	6
القباء	6
تعديا	6
طليعة	6
يتشيع	6
ويأمره	6
والأطفال	6
بابين	6
بالعسكر	6
أدناها	6
بالنوع	6
المفاعلة	6
خفضه	6
العمادي	6
شبث	6
عيشا	6
يدعوكم	6
فاخر	6
يذنب	6
والآصال	6
النعش	6
غارت	6
وعلت	6
يلملم	6
سفن	6
كسبا	6
تيس	6
فنمت	6
الأوداج	6
أبسط	6
قرءوا	6
العثمانيين	6
يتنبه	6
وتطهر	6
محاذاة	6
فهجرته	6
فلحقه	6
ويش	6
مضارعا	6
مرهونة	6
تزوجتك	6
جسيما	6
أجسامهم	6
مقاليد	6
الناكثين	6
تواصل	6
أسرعت	6
وابنته	6
بعام	6
وأضلوا	6
لسعة	6
وفقك	6
أسلمه	6
مدائح	6
بالقذف	6
حكمية	6
الناصريات	6
وجاه	6
رغدا	6
نرسل	6
فالتمس	6
تضرعا	6
يهاب	6
الحادة	6
كلال	6
يستعملها	6
للمقيم	6
أهمها	6
الدقة	6
وفقهاء	6
لتفسير	6
كوز	6
أفضلها	6
وأفسد	6
وسلف	6
ورجوعه	6
هربوا	6
فعزم	6
الموادعة	6
وضلال	6
هزال	6
والأمصار	6
بحبس	6
اللآلئ	6
التفليس	6
فرقهما	6
الطعان	6
غرابا	6
وابتغوا	6
مودته	6
واجعلوا	6
يحرفون	6
أبايعك	6
والمطلب	6
قيدت	6
سلامان	6
وحفظها	6
علفها	6
النياحة	6
العلائق	6
والذبائح	6
التفرد	6
والمالكية	6
موهوب	6
للقصاص	6
بحريته	6
وأبيك	6
سريرته	6
يبست	6
وكبره	6
وبيني	6
بالسياط	6
أعصر	6
تنوب	6
لحقهم	6
الكابلي	6
خلطة	6
متحدة	6
للبعث	6
مسموعاته	6
مسرهد	6
تري	6
مطمئنة	6
تصفون	6
حسرات	6
كسرا	6
والسيوف	6
ويشق	6
وتضم	6
والتمكن	6
تخدم	6
إثارة	6
يجازى	6
المقرون	6
معنوية	6
ويغتسل	6
وقاف	6
والاتحاد	6
بالبلاد	6
يستسقي	6
هاذا	6
شرطان	6
تعديه	6
يتضمنه	6
والتعيين	6
شبت	6
القرط	6
نشوان	6
أشرافهم	6
ردوها	6
رجلك	6
العاملون	6
غربية	6
فسروا	6
فيتناول	6
بجناحيه	6
فهرسة	6
أشهرها	6
اسرار	6
والاقتصاد	6
ختمها	6
توفية	6
بالتزويج	6
الإباق	6
الغزوات	6
للسبب	6
والنشور	6
لفظيا	6
الأتقاني	6
دعاها	6
حافل	6
والأمان	6
بالدر	6
رفث	6
المتداولة	6
العاطفة	6
عصمه	6
تدرى	6
وق	6
مدحت	6
أعار	6
المعاهدة	6
بدية	6
للحقيقة	6
خدع	6
تهذيبه	6
المكيين	6
مشتقا	6
للمقام	6
للاسم	6
إيفاء	6
الزاهرية	6
تدغم	6
وأولادكم	6
زنيم	6
ولجميع	6
فوز	6
تليت	6
البلاط	6
همم	6
الموتة	6
اقتدوا	6
خداج	6
والكفالة	6
للتوكيد	6
لحقته	6
فتوقف	6
ضياعه	6
موصى	6
وبحق	6
حياتنا	6
عوان	6
فكاك	6
ويرمي	6
وكثرته	6
وجعا	6
أهليهم	6
شبكة	6
أموركم	6
والشهرة	6
والاعتراف	6
اسقني	6
يجتمعوا	6
قاصرا	6
بمعرفته	6
وقاتلهم	6
معاشرة	6
قيدها	6
المصنوع	6
عرنة	6
دوامه	6
الزيتونة	6
طرقت	6
مختوم	6
كسحاب	6
تقاتلون	6
ورجلان	6
والأحمر	6
غفير	6
طلاء	6
وتوحيده	6
تخليل	6
ويعاقب	6
وتركته	6
وأدلة	6
وعظه	6
الارتباط	6
الأبوان	6
زوجاته	6
ومناقبه	6
والقصور	6
الأزارقة	6
غلطه	6
وبدمشق	6
أبغي	6
سترته	6
كذبوه	6
المتشابهات	6
فأكرم	6
جلسنا	6
صليتم	6
أنهاكم	6
افترقت	6
وعامتهم	6
يبعه	6
للواهب	6
صغرت	6
فيؤمر	6
بامتناع	6
ويفسخ	6
أزمان	6
يشركوا	6
بالرماح	6
ومبشرا	6
شركه	6
أوساط	6
والسخاء	6
يحسنه	6
خذلهم	6
أهدت	6
وقورا	6
وعقاب	6
وخادم	6
لملكه	6
ناظره	6
ومناقب	6
وبالفارسية	6
متنوعة	6
قرأتها	6
الثمان	6
التطهر	6
فتلفت	6
والوارث	6
نكول	6
اللطائف	6
السبتي	6
كليلة	6
لقضي	6
عاينوا	6
برى	6
بقوته	6
وقربة	6
لأبويه	6
سلوكه	6
فتأخر	6
المتطهرين	6
يفك	6
جبهة	6
ففتحها	6
تشتهيه	6
الصفحات	6
وخدمة	6
والمركب	6
والالتفات	6
المبتدأة	6
الأحمدي	6
أصلان	6
للمعتزلة	6
وحكاية	6
الاجتماعي	6
الملتقى	6
يبدين	6
واللائي	6
بجهله	6
وبادر	6
لهجة	6
النرجس	6
وسقاه	6
المعاينة	6
الجمادات	6
الأيم	6
جلية	6
أمضاه	6
بقيتا	6
فبيع	6
الإسكان	6
زناها	6
محكوما	6
محكمات	6
اقعد	6
غايات	6
ورماه	6
ونبت	6
السمال	6
ويقتضي	6
فسافر	6
الهاشمية	6
بتصحيح	6
ولهو	6
بمالي	6
حالف	6
المستوي	6
الثقب	6
العشير	6
لقلنا	6
واستقرت	6
السدد	6
بدريا	6
والاعتكاف	6
تباح	6
المغل	6
أوربة	6
المحدثة	6
حرى	6
والضلالة	6
تكف	6
ينفعنا	6
عظمها	6
وينادي	6
واستخرج	6
فمروا	6
بالشدة	6
نحمل	6
يطق	6
يألف	6
مدرج	6
كذبها	6
فأحدث	6
المجاعة	6
فامتنعت	6
كالزنا	6
بالمصلحة	6
قيسارية	6
الابتدائية	6
دثنا	6
يستجيبوا	6
ويزداد	6
حصب	6
تعبر	6
يهتف	6
فالنار	6
ممزق	6
معيب	6
للأنثى	6
حمنة	6
المجدد	6
الأكلة	6
اعتقده	6
ونظره	6
وعقب	6
غصبها	6
يندر	6
والأصيلي	6
وسرور	6
مؤمنات	6
بلون	6
وأذهب	6
يجالس	6
طلقا	6
كنحو	6
الموحد	6
الضلع	6
التامات	6
وإذن	6
وقسمة	6
مكتسب	6
سيذكر	6
حجها	6
الكلف	6
بدفعه	6
والهمز	6
وأمال	6
والمناسب	6
بعزة	6
لنزول	6
والبنين	6
وأسفله	6
رموا	6
يلومن	6
يحجون	6
الغرقد	6
مستجابة	6
شرعوا	6
سلت	6
وحدته	6
التطبيق	6
مستحسن	6
والقاعدة	6
فالعقد	6
سؤالات	6
فالشرط	6
وبالنون	6
فصرعه	6
ألد	6
يذكرهم	6
نامت	6
والسابق	6
الدري	6
اقسم	6
وخفت	6
وبهما	6
يستعملون	6
خبرية	6
بإلى	6
افتتحها	6
بمائتي	6
غيا	6
يضله	6
يستعجل	6
جبان	6
يعبدونها	6
خرز	6
قرص	6
نخبة	6
فهمها	6
أخلاقا	6
آثارا	6
وتدفع	6
وظني	6
يليهم	6
يربح	6
وأثبته	6
مأمونة	6
تلقاها	6
ضا	6
بديهة	6
بالشريعة	6
والحنابلة	6
بثبوته	6
الموضح	6
عبادتي	6
العادلة	6
ودعه	6
فقعدت	6
قطعتم	6
غرسه	6
ويقاس	6
الناعم	6
افتقار	6
يعطيني	6
والاستغاثة	6
المنتقل	6
ووصية	6
فشربه	6
استقرض	6
المدينى	6
تبد	6
ناج	6
مخلدا	6
سكينا	6
يهتز	6
بعلا	6
نعيمها	6
جهلوا	6
صرحا	6
فدعت	6
الوساوس	6
نسكا	6
تحصن	6
يتعرف	6
وثاقته	6
والجناية	6
متفقين	6
وحروف	6
المجازات	6
وأفعل	6
قراءات	6
ببطلانه	6
المسيبي	6
أهلكناهم	6
يعاتب	6
مقالتهم	6
فال	6
فارا	6
والثلج	6
دجا	6
لحياته	6
برمته	6
اليونانية	6
يؤنث	6
للكبير	6
تمضمض	6
ومرجع	6
التعليقات	6
استحقاقهم	6
أوطاس	6
متناقض	6
بصحيحة	6
ليؤمنوا	6
سيقولون	6
وكلنا	6
الحنين	6
الزبانية	6
الأريب	6
وانك	6
رضيا	6
ينضج	6
المكثرين	6
يطهرن	6
بكتبه	6
العقارب	6
وكيعا	6
والمخالف	6
مول	6
المقدمين	6
والسيرة	6
المداد	6
الصفتين	6
آجره	6
معيبة	6
المضموم	6
مأجورين	6
وأطيعون	6
الجناحين	6
يزكيهم	6
تشك	6
حليلة	6
اسق	6
يستحبون	6
إقرارهم	6
يشهدان	6
يسألها	6
والاختصاص	6
أحكاما	6
وأخباره	6
ضدها	6
والمصباح	6
مسيح	6
الفا	6
المستقرض	6
منتفية	6
لتعديه	6
أدلته	6
المقتفي	6
جاف	6
نكد	6
وتفرقت	6
والسبي	6
عصرا	6
حفرته	6
واثنتين	6
ينقلون	6
وذوات	6
وفك	6
ورى	6
وتقسم	6
الجبرية	6
الرقيقة	6
ورواياته	6
خرص	6
للإباحة	6
لغسل	6
حملناه	6
ويستحيل	6
وسفر	6
نصركم	6
بسيطة	6
أيامهم	6
المستقيمة	6
إبرة	6
الوداد	6
العن	6
فيعرض	6
فجعلني	6
فقدمه	6
وشهاب	6
الارسال	6
موجودين	6
واعف	6
وعدوكم	6
الورس	6
وفريق	6
فعلموا	6
أثال	6
النسوان	6
الرؤوف	6
الخدام	6
شدائد	6
شدا	6
بشهرين	6
بالجبال	6
أقرض	6
فذبحه	6
ودينا	6
بايعنا	6
سادسا	6
مباشر	6
أوضحه	6
وي	6
ركعتا	6
ابنى	6
بالإدغام	6
وآتينا	6
ترونها	6
الحدقة	6
ماش	6
عفة	6
بيومين	6
ملأى	6
الوثنية	6
فيسمى	6
أختان	6
مستقبلة	6
بالحضور	6
الانتفاء	6
لمعين	6
دوست	6
الولوالجية	6
رعت	6
البكا	6
أواب	6
نصوحا	6
ترحل	6
البؤس	6
فجمعهم	6
الغدو	6
يريدها	6
تنكرون	6
الراسخون	6
فضربوه	6
يصرفها	6
فنشأ	6
فأحرق	6
يئول	6
يثبتوا	6
لكع	6
بالطب	6
بالإعراض	6
والأرش	6
الأصوليون	6
فقولي	6
كحب	6
شقا	6
يفتيكم	6
برزخ	6
دارين	6
تريده	6
فحملها	6
حيى	6
حكيمة	6
إقدام	6
طبيخ	6
والكامل	6
جهاته	6
ينوه	6
ويتأكد	6
تتقي	6
وعام	6
العالمون	6
كالسيف	6
الحريص	6
والذنب	6
دمعه	6
يجذب	6
والكلاب	6
حجرين	6
لبيع	6
بحقائق	6
بالنقص	6
المساعدة	6
إيجاده	6
يتوسل	6
فيملك	6
حكمين	6
حضرني	6
الغارم	6
والمعتق	6
والكناية	6
وابعث	6
والشيب	6
صبحا	6
والعمد	6
القرح	6
ويعلمون	6
صلبا	6
أعل	6
تتوجه	6
أضحك	6
بغسله	6
الورك	6
وسماك	6
تأثيرها	6
العداء	6
ممتد	6
فاختاروا	6
ثوير	6
لقيامه	6
كالثوب	6
بقضية	6
المركبات	6
يتقوى	6
اللحوق	6
ذالك	6
لميرزا	6
السورية	6
تسقي	6
سماعون	6
والبهتان	6
العجوة	6
مقدام	6
رعين	6
ويجد	6
نبغ	6
المنوي	6
مشرقة	6
ونشره	6
والقدح	6
حسه	6
وموضعه	6
فجلده	6
بعمامة	6
المغلظة	6
كشفها	6
انقرضوا	6
ظهارا	6
بالدينار	6
الإجمالي	6
لزوجة	6
المطوعي	6
الناشري	6
ثرى	6
يخفون	6
كنهه	6
فسال	6
ترق	6
والجهالة	6
راس	6
وخيبر	6
ويميل	6
نافذا	6
برهانا	6
التلبيس	6
ينقدح	6
وللزوج	6
وسياق	6
ماهك	6
لموافقة	6
بأداة	6
المختلعة	6
التجمل	6
المقتص	6
مشتريا	6
الكرجي	6
والاكرام	6
ناء	6
يحرز	6
بغضه	6
بمر	6
الجهاز	6
يحملهم	6
يجتمعا	6
وبمثل	6
والوعظ	6
مفاسد	6
المضروبة	6
استحضار	6
والمرتد	6
للحيوان	6
التاءين	6
والمحلى	6
لاثنتي	6
بالجنس	6
وخسر	6
مفروضا	6
يلتقط	6
آسية	6
والذرية	6
بريئة	6
يتفضل	6
إصابته	6
مواليهم	6
يستثني	6
وعقابه	6
تراد	6
بزرج	6
اعتداد	6
ينكرها	6
وجيم	6
الفاطميين	6
ألوانه	6
يعتدون	6
فتبارك	6
ينتصر	6
والبطيخ	6
الأترج	6
والحكام	6
والقراء	6
فيشهد	6
الوائلي	6
بالقوى	6
لاستلزامه	6
صبور	6
ومني	6
قادة	6
نجوما	6
وراق	6
معدته	6
زكاها	6
المخاصمة	6
فيوم	6
وبالإسلام	6
والعمدة	6
يوجبها	6
وسبقه	6
المتقرب	6
التخليط	6
اشتماله	6
مجلدان	6
تساويهما	6
يرزقكم	6
عاتب	6
فوزا	6
حرمات	6
الخلاق	6
يعسوب	6
صعبا	6
وصهيب	6
ينضح	6
وحملة	6
ومؤمنة	6
يسوء	6
ويتبين	6
نبدأ	6
أبوان	6
وكلكم	6
وقبوله	6
قصدنا	6
لقلته	6
بربح	6
اثم	6
اقل	6
بالنسيان	6
ودنياه	6
وبرا	6
عايشة	6
الموسى	6
بشجرة	6
معتقة	6
ويجئ	6
مجلسك	6
غلو	6
الأتان	6
وبره	6
لعقد	6
إنعامه	6
الاستئصال	6
لإحياء	6
كعدمه	6
والإعادة	6
شافعيا	6
لحافظون	5
الغواية	5
يبطش	5
تتجاوز	5
كاشفا	5
العقيم	5
المبالغ	5
ومسعود	5
مسطور	5
يدخلان	5
والتدليس	5
المتخذة	5
الخارجين	5
والفداء	5
النظائر	5
أقبض	5
العيار	5
المرجحات	5
الملية	5
المرتضع	5
الغسالة	5
الأصدقاء	5
نجى	5
حبشيا	5
للجبل	5
وخالفوا	5
يتغنى	5
مصحح	5
لعدتهن	5
فثلاث	5
عصموا	5
الجذاذ	5
ومعناهما	5
والمقاصد	5
أرشها	5
الاتلاف	5
ينالها	5
خضع	5
بكفيه	5
أشهدك	5
رغيفا	5
هدمها	5
فجزاؤه	5
لسانها	5
المضيئة	5
أنجز	5
تقدح	5
المغيبات	5
يسترق	5
قيئه	5
الجراب	5
مكبرا	5
مستثناة	5
الاستبعاد	5
الخوارق	5
ملكنا	5
راعيا	5
ثنايا	5
مقيمين	5
يحسد	5
دخيل	5
تشهدون	5
نواحيه	5
المصلوب	5
ويضيق	5
الغريزية	5
وتحرك	5
مجوسيا	5
مجاهدة	5
فقتلت	5
املاء	5
أعطته	5
فسعى	5
وتمييز	5
والفارسية	5
مضبوطا	5
والمكره	5
بإخبار	5
وثلثان	5
فالثاني	5
الطفاوي	5
المالح	5
عينيها	5
كمي	5
يدير	5
أثمر	5
فأشرف	5
شفته	5
مزرعة	5
ثائر	5
بردائه	5
لينه	5
ترتيبها	5
نضد	5
والنافلة	5
والمستقبل	5
العاصمة	5
المصنفة	5
المتحقق	5
ويتخرج	5
النحوى	5
الأعوان	5
استمسك	5
وهلاك	5
عزاء	5
أعوانه	5
بشرته	5
حجهم	5
مواعظ	5
فنيت	5
القاعدون	5
ذرعه	5
الأسدية	5
سلطة	5
بسرف	5
والأدباء	5
بثلاثمائة	5
ودابة	5
هدنة	5
اوصى	5
الغسلة	5
أندلسي	5
أفتونا	5
والحلبي	5
أتعلمون	5
خفق	5
غائلة	5
بيحيى	5
سحائب	5
تظاهر	5
دي	5
ولقيه	5
للغاية	5
وروضة	5
للشخص	5
نقصانه	5
اعظم	5
المقعدة	5
باركنا	5
آبائنا	5
وفيت	5
فاقتله	5
يقسمون	5
والدا	5
الطبق	5
ويصف	5
والسيوطي	5
الشعاب	5
ليرد	5
ويستقبل	5
والدلائل	5
فاجتهد	5
وعرفنا	5
بحسنة	5
الغاز	5
والندم	5
الزكوات	5
احتياط	5
متعدية	5
مجهولان	5
صحا	5
ورأيه	5
القيان	5
تحزنوا	5
ينالهم	5
فدعه	5
غصنا	5
وعمن	5
وضربوا	5
ومنعها	5
للحجة	5
ينقى	5
وقصته	5
وإسحق	5
مترجم	5
لصح	5
بالعام	5
يؤفكون	5
يحذرون	5
لقيس	5
النوعية	5
واكتب	5
لتركبن	5
بالحلم	5
وتسكن	5
يكفيهم	5
وفرش	5
يسقيه	5
وهند	5
بشخص	5
وصبي	5
ترغيبا	5
لغويا	5
لابتيها	5
بأسرهم	5
الاسكندرية	5
والغرر	5
رجعي	5
الأسامي	5
تجزع	5
أهلكناها	5
تلقف	5
يدخلني	5
بإصلاح	5
يقاتلهم	5
انشقاق	5
يخلى	5
نضج	5
والاهتمام	5
كاهنا	5
خمير	5
أوه	5
القرويين	5
الرى	5
تميما	5
بخلا	5
شغلت	5
تدمع	5
المغلوب	5
أنفا	5
بكاف	5
معجلا	5
تحريره	5
التجارية	5
يصنف	5
الغسيل	5
المسجدين	5
التشريف	5
بجعله	5
وكيفيته	5
الإضلال	5
تحققها	5
حاجات	5
مسألتي	5
البوار	5
فواق	5
جنابه	5
مماته	5
مطلعا	5
بسرا	5
فعملت	5
يحببكم	5
أحتاج	5
متناول	5
ومعن	5
غمام	5
تغشى	5
ساج	5
هلاكا	5
كليات	5
تقنع	5
ليثبت	5
اعتمدت	5
السمحة	5
والقوى	5
العرج	5
بغيرهم	5
المسنة	5
المحدثات	5
فنبه	5
فأفتى	5
الأحسائي	5
المنقطة	5
خوص	5
للهوى	5
والرماح	5
وألقيت	5
وقود	5
ويمنعون	5
فاقبلوا	5
ونهاه	5
والجند	5
والبدعة	5
وأخرجها	5
خدمت	5
باحث	5
احلف	5
مميزة	5
مطروح	5
لهذين	5
فضمن	5
بهاتين	5
والحسب	5
ولاح	5
كضرب	5
سدوس	5
سجودا	5
أقتلك	5
فكلوه	5
وألم	5
فجعلته	5
تخليط	5
المبرور	5
أوجبوا	5
وأسمائه	5
رقاع	5
بالمشي	5
والاستحسان	5
فيقيم	5
مصححه	5
لليوم	5
التنبيهات	5
الظهرين	5
التلازم	5
الجوشن	5
عضب	5
واتل	5
أسى	5
باكية	5
العظماء	5
وفصاله	5
مكذوب	5
تراك	5
أعراب	5
نحا	5
لوجدوا	5
الكتبة	5
رميا	5
بالشطرنج	5
والإفادة	5
مساعد	5
لفتح	5
فضاع	5
بحديدة	5
للضمير	5
قاذف	5
سكنوا	5
ويحلق	5
مشتريه	5
خلوه	5
الهوي	5
الأولي	5
أهلهم	5
حزني	5
لغد	5
والذهاب	5
والمشهود	5
نقضها	5
معذبين	5
بالسماء	5
وميل	5
الشراك	5
السمهودي	5
حظها	5
والاستحباب	5
كغسل	5
بالمسمى	5
المبالاة	5
ألفاظا	5
منونة	5
صونا	5
والمبرد	5
بمقابر	5
فقولا	5
عتوا	5
باليدين	5
عظة	5
سمعة	5
ذروا	5
المحققة	5
قناديل	5
مؤدب	5
ضرس	5
الاستجابة	5
تعقيب	5
فيزول	5
الشاذكوني	5
يرتحل	5
واصطفى	5
مواشيهم	5
متصور	5
يستحضر	5
الشاذة	5
والتالي	5
اقتل	5
أوزارها	5
فرطنا	5
المعصفر	5
مررنا	5
وقرأته	5
اختفى	5
نظيرا	5
أعقاب	5
وبول	5
الحناجر	5
الأرائك	5
رسولنا	5
غرقت	5
تصفر	5
بالكرم	5
ويغلب	5
صفتان	5
أنتظر	5
ويأكلون	5
بالأبطح	5
محصورا	5
بقاؤها	5
قوه	5
محدثون	5
طنجة	5
أملكه	5
ساكنان	5
بالانتقال	5
مندوبة	5
مديني	5
الذرى	5
ومناة	5
انتقام	5
بلطفه	5
وأسرار	5
فاستخلف	5
حامض	5
بعصاه	5
نعتقد	5
وأصيب	5
حجرته	5
المعوذتين	5
تنسخ	5
والخفض	5
إفاقته	5
والنيل	5
بالصبي	5
بعه	5
العنبس	5
فههنا	5
الفرعية	5
شملة	5
تهتدون	5
لإبليس	5
وركن	5
ولج	5
بهمة	5
بالتكذيب	5
النقول	5
بالربا	5
مساقاة	5
خصوا	5
أعزه	5
والناسي	5
الجبران	5
كثب	5
رباع	5
صديد	5
جلى	5
يطيقه	5
مراقبة	5
عوائد	5
ينتمي	5
منبرا	5
وينام	5
وأسنده	5
سواحل	5
حبلت	5
تحري	5
التأسيس	5
الجوانح	5
بالعروة	5
الدلاء	5
فسقى	5
كثيب	5
الكوة	5
التضرع	5
ومماتي	5
الوشي	5
والدهن	5
تجهز	5
بوصفه	5
بلطف	5
سقيفة	5
وعمير	5
وحرك	5
وعبدان	5
والواقدي	5
والموالاة	5
للشريف	5
النبوات	5
بالكمال	5
مخضرم	5
والمعلوم	5
وبلاء	5
استضعفوا	5
جهدي	5
ويعبدون	5
يحيطون	5
سلفت	5
بقيع	5
أرسلته	5
عطائه	5
تقلع	5
والمهدي	5
لموته	5
فتقطع	5
بلحيته	5
مقاصده	5
الودائع	5
بأصابعه	5
اعتراضا	5
الاستهلاك	5
وصلبه	5
لاشتمالها	5
الكرج	5
شعثا	5
تلوم	5
نعيما	5
باك	5
يخوض	5
تهتز	5
وثنى	5
الحادثات	5
وكرهوا	5
وارتكاب	5
للاسلام	5
ويعملون	5
فأخرجوا	5
أفيكم	5
والصف	5
والبسط	5
وسكونها	5
فعدتها	5
واتفقا	5
خندق	5
الفاطمي	5
فليسجد	5
وظاهرها	5
المظفرية	5
بارزة	5
سقفا	5
تتركوا	5
ينتف	5
ويبسط	5
والعمة	5
للدم	5
بالظاء	5
يشر	5
يراهم	5
مراجعته	5
بالعدو	5
وأخواته	5
البنوة	5
إقالة	5
أطلقك	5
ولعلكم	5
الأبتر	5
والقرابة	5
قباب	5
يحكموك	5
الإسرائيلي	5
نقلة	5
قضاءها	5
الاستجمار	5
والتحليل	5
عكيم	5
الوحاظي	5
بالمأمور	5
سفها	5
مبصرة	5
عيونهم	5
تبطلوا	5
بحيلة	5
وعلقت	5
طلبنا	5
الغالي	5
وتختلف	5
واليسار	5
والجزية	5
كافل	5
فدلت	5
اصطلاحا	5
أوقدت	5
جنتك	5
أثيم	5
تداعى	5
صراطا	5
لأسماء	5
ضللت	5
وكادت	5
طبعها	5
عميا	5
بالثغر	5
إعراضا	5
وقويت	5
والنقير	5
انفك	5
أدرج	5
اقتناء	5
وثالث	5
وأمكنه	5
غلتها	5
ورتبه	5
قعدة	5
وأخرجاه	5
فنوى	5
بالدلائل	5
فيصلى	5
لتعدد	5
هجرت	5
والمسلمات	5
وطئا	5
بأجمعها	5
ويذكرون	5
تنعم	5
بستر	5
والحدائق	5
شجاعته	5
استيفاؤه	5
المكتوبات	5
وجبير	5
بحاره	5
بالإمالة	5
أساور	5
يوف	5
يسمو	5
اهبطوا	5
بصحبة	5
ينصف	5
وسيدنا	5
يسرك	5
حسر	5
والفصاحة	5
عبودية	5
وموته	5
وأمثالهما	5
لأدنى	5
بزي	5
أكفاء	5
رشوة	5
بنشر	5
ونظمه	5
لليمين	5
الدلك	5
مطردة	5
سحره	5
خامسها	5
موثقون	5
استلزم	5
قديرا	5
الصدع	5
يقضون	5
ننجي	5
ومفتاح	5
وتأكل	5
أوطانهم	5
يحوي	5
وسمت	5
الخداع	5
الركون	5
ويحبونه	5
وثوابه	5
ونبي	5
مضطربة	5
فذبح	5
الحمض	5
الامتلاء	5
مزين	5
زفت	5
أجساد	5
متفرقات	5
الظريف	5
وجمعا	5
محتج	5
بالأقراء	5
أبانها	5
ثقتان	5
تبعيضية	5
جاهدا	5
يقي	5
ودعوت	5
باعوا	5
والجرائح	5
تمسه	5
تعضلوهن	5
تخلى	5
ويقر	5
بزوجته	5
وتقوية	5
لأمي	5
الراشد	5
اختيارهم	5
المسكوت	5
جنسان	5
تبل	5
زرق	5
وانتظر	5
غفرانك	5
لينذر	5
وشى	5
تقولن	5
قبلتهم	5
الضريبة	5
أسبغ	5
يهمل	5
ويمنعه	5
تؤذي	5
توجهوا	5
حاذقا	5
ومعتمر	5
للمضطر	5
فليوتر	5
مهموزة	5
وجزة	5
للجواز	5
للاختصاص	5
بالظهور	5
ضامر	5
تضطرب	5
الجدول	5
بضربة	5
وافتح	5
أحاديثهم	5
فانتدب	5
قتيلة	5
الملحد	5
مبرور	5
جفا	5
وينبت	5
العارفون	5
آتيا	5
وأو	5
وركعتان	5
مضبوطة	5
مزيل	5
العجلاني	5
الاقتصاص	5
المائعات	5
الحفري	5
تسلطن	5
لعبرة	5
تصبهم	5
بشكر	5
يبت	5
مجاور	5
تجني	5
مأموم	5
احتجب	5
يرتع	5
يستنبط	5
يحدثون	5
حيدة	5
شهادتهن	5
بخلع	5
بذلوا	5
وترتب	5
إجارتها	5
جوابان	5
غانية	5
وتضع	5
أخرجني	5
نأمن	5
تبيان	5
السوي	5
صنو	5
بدنك	5
المرق	5
وخاصته	5
الزروع	5
الإعجاب	5
والنوافل	5
وإخراجه	5
أدلتها	5
والحاج	5
مبناه	5
التقابل	5
المقاييس	5
الجاعل	5
بالاستحباب	5
الخاقاني	5
كفور	5
جيدها	5
صليب	5
أمهل	5
المرضع	5
القرظ	5
أرويه	5
أربابه	5
آصف	5
يكتبها	5
يحاط	5
تغلظ	5
تخوم	5
مردا	5
فسألنا	5
بناءه	5
بمرأى	5
اجتماعه	5
لقصر	5
فاستحسن	5
زبرجد	5
الوثاقة	5
والأطعمة	5
مقدمي	5
تعجيله	5
البلدية	5
لاختصاصه	5
التكميل	5
نواحى	5
فضعيف	5
ويصيب	5
شيمة	5
نقيا	5
ببابل	5
القطاة	5
إمامكم	5
شمت	5
بالغنى	5
الأداة	5
وبيته	5
بدوي	5
الزعيم	5
يستنجي	5
أعيانها	5
وهامش	5
الخبران	5
فزعوا	5
خزنة	5
وطابت	5
أفيضوا	5
وتلخيص	5
ظفروا	5
أطمع	5
المهلكة	5
ودور	5
والقصب	5
النيات	5
صفوفا	5
شفاعتهم	5
أقصاه	5
ولعب	5
ومائتا	5
الاثنا	5
ولولاه	5
منجى	5
بالسكر	5
هجره	5
والخالات	5
مؤخره	5
ضأن	5
تزور	5
وجلا	5
الثأر	5
بسير	5
يعتري	5
شكلا	5
ويصنع	5
وعلامات	5
نفحات	5
دوحة	5
متمسكا	5
انفتح	5
والقطن	5
فيعطي	5
بموجود	5
وتقلد	5
قيراطان	5
قابلية	5
شرائطه	5
ويدلك	5
وعرق	5
واللعان	5
بالعساكر	5
المحتضر	5
تكسير	5
وهدية	5
اليونيني	5
المؤتم	5
التولي	5
وقدح	5
نقضي	5
ودبر	5
أتشهد	5
نواصيها	5
فأنفق	5
لنية	5
قاما	5
إمساكها	5
والنزاع	5
مجازفة	5
فنقص	5
عبادات	5
وأمنا	5
المخ	5
رحبت	5
البهتان	5
جهدهم	5
إنفاقه	5
ركوبها	5
بثياب	5
الفراسة	5
الشرى	5
الأكباد	5
كافورا	5
الناموس	5
ابتعت	5
شابه	5
يعتني	5
يحترق	5
وورعه	5
أساطين	5
وبينة	5
مخيمرة	5
الأهلي	5
لنقصان	5
لوجوبها	5
تماثل	5
قذى	5
مقتا	5
يغرق	5
وأصحابك	5
الوحل	5
ألصق	5
مسنا	5
ظلة	5
مداد	5
وحياته	5
يتعب	5
فغرق	5
مؤتمر	5
للروح	5
لعبة	5
الدمعة	5
فدفعت	5
التعويض	5
ينتبه	5
يخاطبه	5
صفتهم	5
بمدح	5
المجنونة	5
بنصيبه	5
غزاها	5
فيوقف	5
ويدفن	5
المثمن	5
هلالا	5
المجهود	5
فأصلح	5
خمارها	5
حركاته	5
بالجلد	5
يتفكر	5
والذرة	5
تفاضل	5
مورق	5
بنوء	5
يسرى	5
الجلب	5
البهي	5
فيعطيه	5
بدابة	5
بالطويل	5
أطلقها	5
لمالكها	5
كزيد	5
كإن	5
التعجيز	5
كالأسد	5
داخلون	5
إعلان	5
والحجاب	5
فانصب	5
يريهم	5
حازما	5
التحميد	5
فقدمنا	5
ببلوغ	5
وينقسم	5
ونجم	5
وحرملة	5
المدلجي	5
الاسماء	5
مظاهرا	5
بغيرهما	5
الفامي	5
بقصده	5
والإيضاح	5
زائر	4
مدرارا	4
فليتق	4
زينتها	4
أثقالهم	4
واللاتي	4
فالقرآن	4
فأبطأ	4
اهله	4
ووعدهم	4
ومزيد	4
وأسهل	4
اختبار	4
بالكسب	4
حجت	4
بزيت	4
مقتضية	4
نسخي	4
الإرجاء	4
طرو	4
كتبغا	4
وصدوا	4
تدنو	4
فاعف	4
فألقوا	4
الخواجة	4
ضخما	4
فكذب	4
وسره	4
وخفف	4
يستوى	4
صرعه	4
المآثر	4
يحارب	4
استفتح	4
سمحت	4
زدته	4
راويا	4
ويشتمل	4
وفاتها	4
يوهب	4
وللمسلمين	4
يفسدها	4
بإشبيلية	4
البرود	4
احذروا	4
أهليكم	4
المشط	4
جهلة	4
معافى	4
لشمس	4
خشونة	4
الطرائف	4
الكمين	4
الكراجكي	4
والحجج	4
وضمنه	4
وذكوان	4
معاصرا	4
رستاق	4
الرقيات	4
وتقرر	4
بالجرح	4
المغير	4
ومجاز	4
اشفع	4
للإضافة	4
وميم	4
المعانى	4
وبالراء	4
ينجي	4
رقد	4
نجدا	4
والصفح	4
بطرا	4
أباهم	4
ينامون	4
كررت	4
السيء	4
أتهم	4
وحدهم	4
وقراءته	4
فوه	4
غزوا	4
ثغره	4
لسرعة	4
الراد	4
خفاجة	4
ضمام	4
حوز	4
المرتدة	4
كالصبي	4
أبرويز	4
طلل	4
وأياما	4
يستوون	4
بالحصى	4
أكلنا	4
الدورة	4
لوضع	4
شهيدين	4
أحرارا	4
والمثنى	4
للعلوم	4
وأتقن	4
المصرحة	4
القماط	4
الانتصاف	4
القيمتين	4
مجيدا	4
متميزا	4
كزبير	4
صدوركم	4
فارتد	4
تجاوزت	4
أملح	4
لهفي	4
فطهر	4
أكانت	4
المديد	4
العلام	4
ماشيته	4
للجملة	4
الأبلة	4
ظرفية	4
والكوفيين	4
المستغفري	4
احتياجه	4
ذاتيا	4
يريم	4
الوثاق	4
وعى	4
أمنيته	4
وتقدس	4
تلقيه	4
يشذ	4
أثرهم	4
احمرت	4
وآثاره	4
مبيعا	4
سجادة	4
الحى	4
الاستذكار	4
وقياسا	4
سهوه	4
بلوى	4
شعبا	4
نارها	4
وعترته	4
يستبدل	4
مصيبته	4
إحكام	4
المحاورة	4
متع	4
وبنوه	4
غمز	4
ويجتنب	4
يشتق	4
فالنبي	4
الظئر	4
تنتقض	4
المعزول	4
الشبيبة	4
قفيزا	4
سكتة	4
أصليا	4
الثقفى	4
فبعيد	4
المطيعين	4
مشوا	4
بأمرنا	4
لأجد	4
للجسم	4
القلنسوة	4
ولبعض	4
تفسر	4
موثوق	4
كالصوم	4
أهليته	4
الوراثة	4
الهبات	4
الاضطجاع	4
بتلف	4
وشذرات	4
النسور	4
شتمه	4
والمطلقات	4
بيضها	4
بأنني	4
يستقي	4
افتعال	4
فصد	4
لطم	4
القوابل	4
انقض	4
السهولة	4
وكفن	4
معتل	4
ضريس	4
ساكتا	4
دروسه	4
جوابنا	4
الإيوان	4
يسهو	4
مهملتين	4
المخابرة	4
المالقي	4
حيثية	4
يصيبكم	4
وخسف	4
وخافوا	4
العقال	4
غلول	4
وتلقاه	4
فهبط	4
رحلوا	4
المبهمة	4
اسمين	4
يورده	4
ووقوعه	4
حتي	4
بطرس	4
الجوزية	4
الناصبة	4
خطابة	4
ومسبوك	4
كأمثال	4
يجور	4
زمانك	4
نفسية	4
أعرج	4
وضمه	4
فتحدث	4
أثنيت	4
يغنم	4
رواتها	4
وترجيح	4
والأشياء	4
نياتهم	4
بقدومه	4
البرودة	4
يؤجل	4
يجفف	4
الإيعاب	4
يلوم	4
ذلول	4
آتيكم	4
وخليفتي	4
عاينت	4
لحاف	4
تعلل	4
والحقائق	4
احدا	4
تستأمر	4
بالسبق	4
ويرجح	4
وبفتحها	4
والإحاطة	4
السالف	4
ونقش	4
ويحد	4
والتهديد	4
جئتنا	4
عرفان	4
نكرا	4
وأمانة	4
فمثلا	4
غبرة	4
فاكتب	4
وحمر	4
دريت	4
أحضرت	4
مهديا	4
اخذت	4
ولياليهن	4
ميمي	4
اعطاء	4
صريحه	4
والحميدي	4
وأفطروا	4
الخبط	4
التباس	4
المقريء	4
عاقب	4
جودك	4
ويستغفرون	4
فبدا	4
حواليه	4
ورضوانه	4
أستغفرك	4
وشأن	4
والرصاص	4
حسم	4
برضى	4
فشهدت	4
اجتمعنا	4
يقتلهم	4
بمشاهدة	4
والتمتع	4
يري	4
والصد	4
مشكلا	4
أطم	4
يوطأ	4
والمجانين	4
الممسوح	4
المتعدد	4
رسمها	4
بازل	4
ريث	4
ورفض	4
وإيمان	4
ليعذبهم	4
جذوة	4
سؤالي	4
والرمل	4
وابدأ	4
انفضوا	4
وعامل	4
للجارية	4
الفاعلة	4
العراقين	4
بالحل	4
أوصت	4
الموبقات	4
ولأنهما	4
بمكتبة	4
الحداني	4
خوزستان	4
التبوذكي	4
الغوري	4
بالصالحين	4
منامها	4
يستحلون	4
وطالق	4
فطعن	4
اشتكت	4
تاركه	4
بالشخص	4
المحتاجين	4
والجراح	4
موطئه	4
عنوانه	4
التباين	4
الفصلين	4
بالاقرار	4
مهتدين	4
وتقضي	4
يرميه	4
ونظام	4
خللا	4
طراز	4
الدق	4
ويسلموا	4
سبقك	4
سوريا	4
بسلامة	4
الدواني	4
فزيد	4
المدلس	4
الغبراء	4
يتوارثون	4
الإفضاء	4
معيار	4
كتخدا	4
ذرأ	4
فسقوا	4
المكانة	4
وإحسان	4
بالعقاب	4
تضمر	4
مناسكه	4
ومقدم	4
تبيح	4
ببعلبك	4
ستأتي	4
بالانصراف	4
فيباع	4
بالخط	4
يستنيب	4
المبعض	4
بالاستصحاب	4
يتول	4
يأتوك	4
واعية	4
وقلتم	4
والشبهة	4
بالوصل	4
استراح	4
والعمى	4
غابوا	4
للشاهد	4
كمعظم	4
بالثقة	4
يستوف	4
يتمشى	4
والعجلي	4
للفتوى	4
المضافة	4
استوفاه	4
الخنا	4
طغيانا	4
منكرون	4
للخيل	4
وللمرأة	4
يتنزل	4
وشروط	4
يقصرون	4
كفرة	4
محظورات	4
الشان	4
ورهن	4
المسمعي	4
لصحيح	4
رزمة	4
بالتوجه	4
الحمقاء	4
أبويها	4
تدعيه	4
وسيدي	4
حلمي	4
نزر	4
أبلج	4
والرخاء	4
وهامان	4
تحيا	4
ني	4
للدهر	4
أوفي	4
الشهباء	4
فتأتي	4
الغلظ	4
استغاث	4
فوضعوا	4
بادئ	4
بساعة	4
يسعها	4
بفرس	4
البغية	4
أبياته	4
للنفقة	4
صوريا	4
صالحي	4
الحبحاب	4
والتأمل	4
فقهية	4
ويتصرف	4
تعارضا	4
انتظم	4
كتابيهما	4
وميمون	4
فذو	4
يتوبون	4
أبدان	4
أعلمت	4
والطغيان	4
زحفا	4
ذرع	4
الإبصار	4
أوضحت	4
وطاء	4
والقدمين	4
فلقيته	4
الواقعية	4
العرفاء	4
إتحاف	4
مفاعلة	4
جبره	4
الجلاس	4
عمنا	4
عاملون	4
وعلمك	4
سكك	4
النواصب	4
لات	4
والعمامة	4
مبالغ	4
ون	4
ليتكلم	4
بتراب	4
أصلنا	4
ينعت	4
ويطالب	4
والأشعار	4
لفائدة	4
تفصيلها	4
والمناقب	4
ساترا	4
المبتدئ	4
القى	4
البعلي	4
روم	4
للأصنام	4
بالحضرة	4
المستفادة	4
المدائح	4
برسباي	4
وألقوا	4
يعل	4
فزادهم	4
قعدوا	4
الزلازل	4
فضلكم	4
فانتبهت	4
غلاء	4
تغتر	4
القواطع	4
العاري	4
ببال	4
أتمنى	4
فأمكن	4
التأريخ	4
ووفى	4
بوطئها	4
لقن	4
للموقوف	4
قاتلي	4
صبرتم	4
الرسغ	4
المكذب	4
يصلحون	4
خطاياي	4
نقوم	4
وسب	4
والغلط	4
وأعلاها	4
أملاه	4
عدتي	4
جدوى	4
المعمرين	4
والسفيه	4
مذاكرة	4
بخاء	4
اسجد	4
بتكبيرة	4
احتمالات	4
اليونينية	4
الكوكبي	4
الطواشي	4
لوازمه	4
أإنا	4
غراء	4
القاع	4
انجلى	4
والصاحب	4
ووصيه	4
وحزنا	4
الأكفان	4
ومحياي	4
حماها	4
والخصومة	4
محبتهم	4
فوجدتها	4
بقتلها	4
ولكنهما	4
بجملته	4
للحرج	4
الإيتاء	4
وأعدوا	4
ينمو	4
سعوا	4
سلافة	4
المقت	4
المدر	4
اختير	4
وضحاها	4
بمشقة	4
فضلي	4
خارجية	4
انسانا	4
المفتون	4
يلجأ	4
يعبدونه	4
والديانة	4
الغرامة	4
الصحو	4
وجلب	4
اليامي	4
مشائخ	4
فقهائنا	4
رضاعا	4
للخارج	4
إصبهان	4
المؤيدي	4
تكين	4
ترجف	4
يلقه	4
دودان	4
غفران	4
وصواب	4
واردها	4
ترغب	4
رأيناك	4
مناديه	4
وأستغفر	4
بلدي	4
بحضوره	4
لشهوة	4
تخفف	4
بمقال	4
الجدات	4
للطوسي	4
المفاضلة	4
الحذاق	4
موطوءة	4
الإيفاء	4
الأميني	4
ناعمة	4
يستغيث	4
والرؤساء	4
نظرية	4
سرقته	4
ينزلها	4
شبعوا	4
وحزبه	4
ومعانيه	4
مأخذه	4
حاك	4
للغالب	4
الفقاع	4
بالحصص	4
هذ	4
فهاهنا	4
للحنفية	4
إبدالها	4
التقادير	4
التأويلين	4
والمن	4
وألقت	4
يحشرهم	4
فعجبت	4
مفتون	4
ومصدر	4
وجرد	4
لبقية	4
زاره	4
لأولاده	4
العدوة	4
وزيدا	4
المقتولين	4
المحيي	4
وصفاتها	4
بسطنا	4
بالمجلس	4
بإيران	4
تستعجلون	4
خرقاء	4
وأعانه	4
وحنين	4
أملس	4
الوقيعة	4
وأخا	4
قهوة	4
تأثر	4
نعس	4
الشوط	4
توجهه	4
فبه	4
بجميعه	4
المناهي	4
العسال	4
بالحنث	4
كالشهادة	4
اشتراطها	4
الأبلي	4
للفتى	4
خب	4
هجوم	4
وتعود	4
شاف	4
أكبرهم	4
يعصمك	4
هلكة	4
سمو	4
خدها	4
المبتلى	4
فضربوا	4
ترفعه	4
متصرفا	4
للفقيه	4
رواياتهم	4
نطقه	4
ووصيته	4
لقبض	4
الزوراء	4
مؤداة	4
بزنة	4
للدارقطني	4
وللشافعية	4
تفيده	4
السكاكي	4
أبحاث	4
هيج	4
ليؤمنن	4
ومثلك	4
أمطرت	4
يجعلنا	4
بالطين	4
بغت	4
وخالتها	4
بجميل	4
الأدوات	4
فقدها	4
فعندها	4
اعتبروا	4
أزلا	4
والشأن	4
نسائي	4
فليقرأ	4
الصحفة	4
الثني	4
جنيه	4
الملحمة	4
بارتفاع	4
الحمويني	4
بحاجته	4
ليبلوكم	4
أردن	4
والحمى	4
وجهد	4
تقولين	4
تبيانا	4
يريدان	4
ولماذا	4
بالضد	4
الباني	4
يصام	4
وغزوة	4
زن	4
التفقه	4
قوبل	4
فوكل	4
سنك	4
ويتصور	4
السقيا	4
الخشخاش	4
المحاذاة	4
الرازى	4
ينجيه	4
وصدقوا	4
يرتقي	4
مزاجها	4
الكنيف	4
والقلة	4
لابني	4
أطاعوا	4
الإمهال	4
فمررنا	4
أنكح	4
مفلس	4
متساويان	4
الشرعيات	4
اتفاقهما	4
للطواف	4
اتمام	4
الاستدامة	4
بتحقق	4
انتفائه	4
أوب	4
أعداؤه	4
رهان	4
يديم	4
يروونه	4
يحوز	4
لنور	4
النيروز	4
المكرر	4
مولدا	4
كاليد	4
سنتهم	4
بالآثار	4
ويحج	4
لعمه	4
فمنا	4
معزيا	4
شوطا	4
الأشهلي	4
انفكاك	4
البيد	4
وإياي	4
هينا	4
بالعداوة	4
فبشرهم	4
ونصرة	4
بطيبة	4
أشداء	4
فلسفة	4
أولاها	4
وليلته	4
والفصول	4
وملأ	4
وثاني	4
بالحمرة	4
الزلال	4
إغراء	4
ودقة	4
واثبات	4
مؤقت	4
عنين	4
كالمسلم	4
بالإتيان	4
يعظكم	4
المواسم	4
مفتحة	4
القطيع	4
الحجون	4
أتذكر	4
يخر	4
مفاتح	4
صدقك	4
وحافظ	4
جبلين	4
وتضرب	4
للفقه	4
أودعها	4
عقبها	4
النزهة	4
يحضرها	4
وعزله	4
فيبلغ	4
صلتها	4
سكنه	4
البيلماني	4
الأنصباء	4
وأجله	4
اطلق	4
سلمون	4
الشعيري	4
وتلقب	4
والمنصوص	4
ريطة	4
مضغ	4
والهوان	4
للوليد	4
جبلي	4
السل	4
يفدي	4
يعجن	4
لعامة	4
الكوراني	4
نفطويه	4
تضمينه	4
استغرق	4
يشترطون	4
إفتاء	4
نكب	4
حمرا	4
وطالما	4
لديكم	4
فأذنوا	4
لحظه	4
عنونه	4
والشفعة	4
صيرورته	4
سيس	4
لشيخه	4
بالتعدي	4
تعيينها	4
القرم	4
وجانب	4
والجزع	4
البطالة	4
أسرف	4
غيظه	4
خبيثا	4
تؤاخذنا	4
يرضعن	4
وأدناه	4
وأمين	4
وسمن	4
الحكمان	4
يختر	4
لوقا	4
آدميا	4
فأقيم	4
القرافة	4
لشمول	4
البيكندي	4
الأفرم	4
شهباء	4
هويت	4
درت	4
انني	4
قرظة	4
سبقونا	4
أخبرتهم	4
استأجرت	4
رضيه	4
ينحط	4
طعما	4
يعتبرون	4
يدبغ	4
لربي	4
وبدنه	4
وأفعالهم	4
مقارن	4
مدرسته	4
المرتين	4
بالاستفهام	4
سكناه	4
الجيزي	4
السراجية	4
الزوايا	4
يصلونها	4
حلقت	4
هضبة	4
تستقل	4
الأسطوانة	4
يصلب	4
والنميمة	4
كالقمر	4
خضاب	4
تحامل	4
متواليات	4
احتال	4
تقدمهم	4
تكرارا	4
استحييت	4
وانتصاب	4
الابنين	4
أصرح	4
عجلون	4
المهاد	4
فراقها	4
النجدة	4
قيض	4
الأشباح	4
ونادوا	4
والضيق	4
أعمدة	4
فليسوا	4
جفون	4
يلقن	4
فأيما	4
الكبريت	4
والحس	4
ندبه	4
بخمر	4
بالزهد	4
أوراقها	4
بإجازته	4
أخماسا	4
إضافي	4
بضرورة	4
فيتجه	4
تعدية	4
الاستباحة	4
رقاق	3
ناري	3
مغانم	3
لبيب	3
جسدك	3
جحدوا	3
أس	3
يقوده	3
المريضة	3
حمق	3
أثرة	3
يمضى	3
والوزراء	3
وأتبعه	3
فيرده	3
الإطناب	3
الأبحاث	3
والبصري	3
تبايعا	3
يكفيها	3
الصلوة	3
الخطبي	3
ولرب	3
ظلا	3
بطش	3
تعنى	3
حاسة	3
يبنون	3
فرآها	3
زند	3
رآك	3
وماؤها	3
وحرموا	3
فاسمعوا	3
سالمين	3
بفصل	3
خمسها	3
خطؤه	3
توفيقا	3
بالوحدانية	3
الأشعريين	3
والظل	3
مؤلم	3
وتعدد	3
غصبت	3
حويطب	3
يستمسك	3
الحائك	3
الإعلان	3
شهركم	3
والخلوة	3
هندا	3
أروع	3
يدخلوها	3
قوائمها	3
العوجاء	3
المرجان	3
هربت	3
النمو	3
يعيشون	3
فلأمه	3
وأحدث	3
عابه	3
وإلي	3
إصبعين	3
نهم	3
المحو	3
الطلاء	3
ثاء	3
عباراتهم	3
تريني	3
أزور	3
بربي	3
قصورا	3
وأرفع	3
بمواقع	3
جثة	3
ويدرك	3
عقالا	3
وتوضيح	3
والكتم	3
كالنجوم	3
بالزعفران	3
وإسلام	3
المجالسة	3
وظهوره	3
والمنهاج	3
جهتهم	3
بعفو	3
وأحال	3
بحياته	3
أدبية	3
صمغ	3
مفوض	3
لاثبات	3
مهابة	3
سقما	3
بالمودة	3
تبك	3
الأسقام	3
جريمة	3
تقنطوا	3
إزارا	3
تشربوا	3
الفضيحة	3
بصدر	3
وعلمهم	3
وحسابهم	3
وانقضى	3
صورتي	3
خنزيرا	3
استخلاف	3
صورت	3
غيبوبة	3
الجلية	3
التنعم	3
ومولاه	3
وجيز	3
والمزابنة	3
البنتين	3
أقبضه	3
بجميعها	3
فدرس	3
بنانه	3
جنيت	3
متكئ	3
شقائق	3
سمنت	3
علاك	3
ليأكل	3
أنكرتم	3
صرورة	3
الوصلة	3
الأعجمي	3
محاسبة	3
فاستدعى	3
الافتعال	3
يتخرج	3
السروجي	3
وهناد	3
المدنى	3
المتكبرين	3
وافعل	3
شقت	3
فرعها	3
يسرف	3
جنبها	3
شيعيا	3
تود	3
والمرسلات	3
وفت	3
حجبت	3
استودع	3
هامته	3
مستديرة	3
كلتيهما	3
المألوف	3
مخراق	3
أفلاطون	3
يخطبها	3
النحلة	3
وتسكين	3
هذى	3
مقبوضا	3
مطهرا	3
ولطفه	3
وسين	3
وبمكة	3
والتسعين	3
مغصوبا	3
المغسول	3
الأترازي	3
أعجاز	3
لقلبي	3
حرض	3
بالحب	3
بدعا	3
بالسهام	3
أحسنتم	3
محضرا	3
لبعضها	3
والأصوات	3
الشقائق	3
يقابلها	3
لمفهوم	3
قنفذ	3
بالدموع	3
صنعتم	3
ويحيي	3
أمتنا	3
غفلته	3
دعونا	3
التقاط	3
وأعمى	3
نزلة	3
للحكمة	3
كداء	3
دعها	3
الإمرة	3
أبكى	3
أبعده	3
بهت	3
فيؤتى	3
استطاعة	3
اظهر	3
بالشركة	3
نونه	3
نك	3
أبنائهم	3
منابت	3
بالسريانية	3
شيع	3
والتعاون	3
فيتصدق	3
حثا	3
بالبحر	3
ويأمرهم	3
بعورة	3
لوذان	3
والكتان	3
قصرها	3
بكشف	3
افعلوا	3
شئون	3
المفتري	3
والتلاوة	3
فصرح	3
فأحرى	3
برمز	3
ضمانا	3
القتات	3
وحبان	3
أوجاع	3
الشخصي	3
الصنهاجي	3
السالبة	3
واصطلاحا	3
يعلنون	3
أيامنا	3
وأعلام	3
بالأيدي	3
أيحسب	3
ترفعوا	3
رسولهم	3
فتنوا	3
ليزدادوا	3
المآكل	3
يلهث	3
واهل	3
يميلون	3
يصله	3
وأسبابه	3
للمسألة	3
فأقامت	3
المتجدد	3
الحربة	3
والعصبة	3
المزوجة	3
المزيل	3
هبطت	3
حبطت	3
بالبلاء	3
لظلم	3
جعلناك	3
فديتك	3
أوردته	3
وعيب	3
وأولات	3
يضعون	3
اضطرار	3
إخراجهم	3
ومدار	3
فوره	3
بالحرة	3
انفعال	3
والمدارس	3
تحتج	3
يخلوا	3
للاجتهاد	3
سطيح	3
آلته	3
لإسحاق	3
الغريبين	3
مآل	3
لاستوائهما	3
المدنيان	3
والرياسة	3
فيصبح	3
وبانت	3
بعيري	3
فاجعله	3
غيبا	3
أوذي	3
الحدة	3
التهم	3
وظننت	3
بحروف	3
اصطلحوا	3
وألبسه	3
وأخبرته	3
لرؤية	3
عنبا	3
إزاري	3
وميمونة	3
وقطعه	3
والرسائل	3
مفطر	3
بفاء	3
بالنقض	3
إعلاما	3
أتلفها	3
همزه	3
واستحسن	3
مأمورون	3
ليوافق	3
التنجيس	3
قراره	3
مضطجع	3
عمق	3
تنح	3
ينشق	3
للبصر	3
يأن	3
وعدتها	3
مكانته	3
والفلاح	3
والمعاملات	3
لشرح	3
بإن	3
للعصر	3
المبشر	3
شهير	3
الصائفة	3
سعدون	3
ممنون	3
يزيدهم	3
التذلل	3
وأصناف	3
تنفعهم	3
تبنا	3
النسيء	3
ليقربونا	3
ليطمئن	3
القراب	3
ويجيب	3
عريف	3
بإجارة	3
ميلين	3
وللأصيلي	3
أفيدوا	3
شقاء	3
تولت	3
ينقضون	3
يأس	3
براق	3
قست	3
والأنفس	3
للرحم	3
ويقاتل	3
الطست	3
أقربهم	3
المهابة	3
فنه	3
امية	3
كظم	3
العتاقة	3
تركية	3
لفرض	3
خياطة	3
الطاهري	3
اشتبهت	3
تسليط	3
فوافقناه	3
الناسك	3
وأزواجهم	3
ليتنا	3
تهيج	3
ضعفين	3
قتر	3
العشار	3
إفك	3
غلبهم	3
عدوة	3
بقومه	3
مقامهما	3
العامر	3
يفتن	3
وشكره	3
واستشهدوا	3
بالمؤمن	3
وجبال	3
واجتهاده	3
معجلة	3
أتمه	3
يتخذها	3
وكنى	3
والاتباع	3
بالتفريق	3
الألهاني	3
والقولان	3
المستحبة	3
وقرز	3
منشورات	3
خرجن	3
حجتك	3
خطبت	3
لاه	3
والدخان	3
تنهض	3
مستلزمة	3
الفيئة	3
تغمده	3
ووسط	3
والمحلل	3
استهلكه	3
الذرائع	3
المسميات	3
الشجاعي	3
لحى	3
كرائم	3
فتدلى	3
مشتغل	3
فكاد	3
وغضبه	3
جمد	3
تعرفني	3
رايت	3
المبارزة	3
الخوص	3
ويسرة	3
التصفيق	3
بالأيام	3
أماه	3
والتعريض	3
يقتضيها	3
سرخس	3
المارستان	3
حسيبا	3
بدأنا	3
يسعد	3
بالحسين	3
الرضاء	3
الجرأة	3
فأجبته	3
الدعائم	3
أشنع	3
ومالكا	3
فعادوا	3
أبة	3
كثيفا	3
يصلها	3
ووقته	3
جذعا	3
البواسير	3
ويعزر	3
متقوما	3
وعسل	3
اية	3
الاخلال	3
مبدء	3
ضراء	3
يأتهم	3
يسجدوا	3
الصافية	3
وادخل	3
حاملة	3
جحدر	3
واجتنب	3
قطعك	3
والمسكن	3
فشر	3
يبلغهم	3
هيأ	3
ونيف	3
وسألني	3
ترتيبا	3
ينزعه	3
رهين	3
نقموا	3
راعنا	3
اختصموا	3
المتردد	3
عاكفون	3
الرحيق	3
سناء	3
فلنا	3
بجر	3
وأقاربه	3
معتذرا	3
متغيرا	3
وإقراره	3
بكبشين	3
لنوع	3
صمصام	3
ذكروها	3
خشيش	3
حضورها	3
المنصورية	3
ظعن	3
واخفض	3
عودي	3
فرحت	3
جناحا	3
مرتكب	3
أسماؤهم	3
خصصت	3
أمكنت	3
جثته	3
نجعله	3
وقيمتها	3
الفار	3
السوائي	3
أضبط	3
والخدمة	3
مفلسا	3
أستطع	3
ولاحظ	3
برجوعه	3
اشد	3
دخلتها	3
فمحل	3
مجلدة	3
سجلماسة	3
منطاش	3
تحملوا	3
ونبيه	3
الملعونة	3
أطباق	3
سيقت	3
المناكب	3
يكثرون	3
سائره	3
ضربات	3
والدعوى	3
اعترضه	3
يحكيه	3
فرجم	3
طاق	3
الطولى	3
جيوشه	3
تضارون	3
وجملته	3
يقارن	3
مخلوف	3
بجكم	3
مشفقون	3
خبالا	3
بتأويله	3
نفصل	3
لنوح	3
حنة	3
والبيوت	3
لبدا	3
العناق	3
التعارف	3
يروق	3
أطرق	3
لنصر	3
سلطانهم	3
أفكار	3
تولب	3
والمضاربة	3
مخلاف	3
والمرجع	3
لأمكن	3
فسألتها	3
ابتياع	3
مضرس	3
مكذبا	3
القلبي	3
الاستفصال	3
بلائه	3
مغاضبا	3
يهتدوا	3
يبايعونك	3
قصدي	3
الصابرون	3
قبا	3
سبحت	3
ومحرم	3
زلنا	3
وحشيا	3
رجما	3
اقتلوه	3
أستر	3
احتملت	3
محررا	3
سحقا	3
اليزني	3
يكلفه	3
زكاه	3
ضروريات	3
بأزيد	3
ذال	3
الحبير	3
لصورة	3
النواس	3
العذارى	3
خرقا	3
فبشره	3
امتلاء	3
وضياء	3
تزيين	3
رمزا	3
يدهن	3
واجدا	3
عيالك	3
خصي	3
وبعثوا	3
تحله	3
كسروا	3
المجمر	3
العتب	3
الخسيس	3
يؤخرون	3
وعمتها	3
لعلو	3
عروضا	3
الانقسام	3
خصيفة	3
التفعيل	3
معربا	3
ووطء	3
والأجود	3
للإشعار	3
تتش	3
لاقت	3
المعالجة	3
نخوض	3
بأعلم	3
وعر	3
رعبا	3
الأصفياء	3
السلو	3
بالثياب	3
السقام	3
يهده	3
خفه	3
بهبة	3
أشفع	3
يؤاجر	3
ولمحمد	3
فلقيني	3
دفتر	3
بتسليمة	3
بالجارية	3
الفوطي	3
الخراسانيين	3
بهتانا	3
أملا	3
يذهبوا	3
والحكماء	3
سيماهم	3
أيدك	3
ويحسب	3
والنمر	3
نفدت	3
المأثم	3
يناظر	3
كالمريض	3
تجدها	3
المعدودة	3
وكسبه	3
تسوى	3
والخمسة	3
كني	3
العافي	3
الإنصات	3
أتعلم	3
والهندسة	3
للمشقة	3
بالمفعول	3
للمأمور	3
بمنعه	3
فاتى	3
بالحذف	3
والثلثان	3
قررته	3
ونوحا	3
ولنعم	3
أعوج	3
منقوص	3
الخدر	3
ردي	3
ونسكي	3
توارت	3
يذبحون	3
شعلة	3
فهلكوا	3
المعطلة	3
وسنته	3
أغناه	3
مشتري	3
مرسى	3
صالحهم	3
ببنت	3
العصفري	3
التنفيذ	3
وسؤاله	3
نسيانه	3
يترقب	3
تعرج	3
أمنتم	3
الصخور	3
ورهبانهم	3
مخلع	3
بروج	3
وإتمام	3
خرت	3
بمكروه	3
انصب	3
المقلوب	3
اجتماعية	3
ومنذ	3
قشور	3
لذهاب	3
فيرتفع	3
بيتنا	3
والمقصرين	3
بالتثنية	3
استيفائه	3
خاء	3
استرد	3
والدوام	3
حقية	3
وأربعمئة	3
الإفصاح	3
أرقت	3
تغلي	3
ويؤتى	3
بتثليث	3
القتاد	3
والوبر	3
تشتد	3
منتصبا	3
مصرحة	3
المكتسب	3
الجذعة	3
يلتذ	3
للرجوع	3
ووجهها	3
وللثاني	3
للخوف	3
طرفيها	3
صعدة	3
انتظام	3
ثلثيه	3
أسانيده	3
إذنهم	3
ولأبيه	3
بفلسطين	3
للسلام	3
فممنوع	3
الدست	3
زيلعي	3
أريك	3
بطر	3
غمرات	3
الجفنة	3
وضعفت	3
تخافوا	3
بالبيعة	3
والقريب	3
الفضلة	3
والقنوت	3
قاص	3
للروم	3
للتعليم	3
فغلط	3
صححنا	3
ولبعضهم	3
يمكنني	3
الإسفرايني	3
ووفاء	3
قرارا	3
لإخوانهم	3
أعقابكم	3
يستنكف	3
وصغر	3
يجمعهما	3
مسرعين	3
قبرك	3
أسراره	3
وسمعوا	3
فشهادة	3
شبهوا	3
نوب	3
فصادف	3
فأولدها	3
فكون	3
الحدق	3
جبلت	3
الحجازيين	3
والمساقاة	3
كقتل	3
بالتعليق	3
فلعدم	3
بالمعجزات	3
المضمرات	3
أضيع	3
بريق	3
يقروا	3
وعيش	3
أضله	3
مجازاة	3
شعارا	3
نصحه	3
بسطها	3
بالهدي	3
الاسترقاق	3
ولربما	3
المحاسبة	3
يخلون	3
فتنحى	3
بالبعد	3
الفاتح	3
يتعجل	3
فعمر	3
المدافعة	3
عينت	3
أزيل	3
إعطائه	3
التنظيف	3
بالاتباع	3
خراساني	3
لفاعله	3
المتبرع	3
والبطلان	3
للوافي	3
أتتني	3
وسمعة	3
ومنهن	3
يفخر	3
اجمعوا	3
ينبو	3
أسم	3
نديم	3
شباك	3
سنى	3
بالصيد	3
ونعمت	3
بساحل	3
اعتدل	3
ينوبه	3
والشريك	3
السيلان	3
نخله	3
مستأجر	3
لدعوى	3
القاصرة	3
واصبروا	3
واثق	3
والناصر	3
ومجد	3
عيص	3
سيرت	3
الصديقون	3
الانفطار	3
تدافع	3
محيطة	3
الحوانيت	3
وأقلها	3
أبوال	3
ينقاد	3
شفة	3
فالماء	3
ردئ	3
فطلبت	3
مشاع	3
الربوية	3
التسري	3
صورتان	3
سنت	3
نجي	3
ونقلا	3
وليصل	3
للاحتجاج	3
فكلها	3
بحصن	3
ولون	3
لأمرتهم	3
بالصاع	3
الكرش	3
آتى	3
وأسأله	3
نقباء	3
سبك	3
تكفيه	3
التحسين	3
مخلف	3
العاشقين	3
عددت	3
فجعلناه	3
عطشان	3
سواي	3
استعينوا	3
يكنزون	3
منبع	3
يشبهها	3
الكفعمي	3
الضيقة	3
اقتصار	3
ونقلته	3
مناقض	3
بمعين	3
أملاكه	3
والقعنبي	3
القصري	3
المستكفي	3
الحقب	3
معجب	3
آرائهم	3
قعرها	3
فاعتبروا	3
ثقته	3
تتسع	3
سلطانها	3
واها	3
حفيرة	3
النرد	3
وشاهده	3
مزامير	3
يتناولها	3
والقال	3
فينتقل	3
حفنة	3
بالخدمة	3
أيحل	3
المطبق	3
والنداء	3
لاستيفاء	3
فوهبه	3
الشهيدين	3
الاحتساب	3
المتوقف	3
مترتبة	3
الآقا	3
الخجندي	3
يفوز	3
فاجلدوا	3
لهي	3
بالحجج	3
رضاهم	3
جوارح	3
واطلع	3
فانك	3
بالزور	3
فار	3
جماعه	3
معتدلة	3
المؤثرة	3
الجريح	3
عمرتك	3
حنثه	3
كمسألة	3
وإعلام	3
ملاء	3
تجعلنا	3
بصلاتك	3
فقاتلوهم	3
غلف	3
غدرا	3
فألقاها	3
وتنظر	3
مقاعد	3
حامله	3
الكواء	3
كالمال	3
علباء	3
والردة	3
تتبين	3
باتخاذ	3
ولنذكر	3
بالاستدلال	3
غلامك	3
وإطعام	3
والمعجزات	3
وبندار	3
النقشبندي	3
ذكرتك	3
السبخة	3
يرضيك	3
وخذوا	3
فأحيا	3
يأخذهم	3
هار	3
وجوهنا	3
بقرا	3
محالها	3
لأيام	3
والضعفاء	3
أريده	3
انحراف	3
بعزل	3
اصلاح	3
أردناه	3
إحدانا	3
ورثتها	3
طلائع	3
صلاهما	3
بأل	3
السيارات	3
فصلاها	3
وبدونه	3
المطري	3
وراءكم	3
الكفور	3
يعجبك	3
سلاسل	3
فابعثوا	3
المتكلف	3
مصيره	3
فآتوهن	3
ثنيته	3
الجيوب	3
فأطلقه	3
دخلته	3
يضاهي	3
وصفي	3
للنوم	3
الأزج	3
بلبيس	3
المرمى	3
المتقدمتين	3
الإسفار	3
بالسمن	3
والتغيير	3
للمخاطب	3
بغرناطة	3
لقلب	3
زورا	3
جاءتكم	3
يتكون	3
المحصب	3
نجيا	3
حوضه	3
رميته	3
قوامه	3
سقته	3
فليدع	3
تفرع	3
يظاهرون	3
أطباء	3
وبينوا	3
فطنة	3
الجرار	3
مظان	3
والإطلاق	3
نوبته	3
الرصافي	3
الأمجد	3
والمكاتبة	3
الجارة	3
نفاة	3
ورؤيا	2
القادة	2
غراما	2
أعطينا	2
وفاتي	2
أعلا	2
رهطا	2
مصاحبة	2
أفراس	2
معطلة	2
تتركه	2
أمضي	2
فأيكم	2
وأعطاهم	2
عفيفة	2
صراطي	2
استحلال	2
سوقها	2
البار	2
والغني	2
فانما	2
رباعيا	2
السهمان	2
وواصل	2
متضمنا	2
الشبيه	2
وخطاب	2
للاحتراز	2
قاصدين	2
شروان	2
زهدم	2
بحالهم	2
بجدة	2
اسامة	2
باستعماله	2
يشفى	2
يرجوه	2
جزاؤهم	2
لنيل	2
فاحذر	2
فجاءهم	2
بالفرج	2
والحمرة	2
شبهته	2
الموسيقى	2
ينفون	2
وهداية	2
والعذر	2
المنقلب	2
أدلى	2
وسيرته	2
وشرحبيل	2
فأخذني	2
الهذيان	2
لسكونها	2
لتقرير	2
فألحق	2
بيوع	2
أسلفناه	2
حمو	2
غلاة	2
لهف	2
أبلى	2
معاشه	2
حميما	2
ويزيدهم	2
صحيفته	2
فواتح	2
وأوفى	2
الزناة	2
وتجري	2
قصه	2
نفعت	2
يقفوا	2
سائله	2
طعمها	2
تحتوي	2
فخطبها	2
بحره	2
موصل	2
الميلاد	2
الخمول	2
استنبط	2
مكسورا	2
بالجهة	2
الملاعن	2
كمذهب	2
فاضطرب	2
العشاءين	2
تصادقا	2
اتخاذها	2
لنبينا	2
شمائله	2
ونصح	2
والأزلام	2
لأهلك	2
عاق	2
تشتكي	2
تحتك	2
جلباب	2
بصلاح	2
أفئدتهم	2
خواتيم	2
تبسط	2
والحشر	2
الخرافات	2
كالعين	2
سبخة	2
المقطعة	2
أتوضأ	2
والتفويض	2
يقسمه	2
وتيمم	2
للأستاذ	2
كترك	2
أشهرهما	2
مدكر	2
ظبيا	2
ارى	2
إبلي	2
بفقد	2
الفهامة	2
حاجبا	2
بالوفيات	2
المنن	2
الكرسف	2
المضغة	2
مزاحمة	2
ماسة	2
لجلال	2
منفردين	2
بأقوال	2
المصراع	2
أكرموا	2
رضعة	2
فلعمري	2
ذكركم	2
بحي	2
وصلواته	2
حقكم	2
تمور	2
غمده	2
وعاقبة	2
سوادها	2
ويطول	2
وبصر	2
بإنسان	2
يجزيك	2
صفائح	2
تعذبهم	2
تطرح	2
وعيناه	2
وجلده	2
مغيرا	2
النبط	2
يحبط	2
مقاربة	2
فوقهما	2
بداخل	2
وعدما	2
وأحسنها	2
مسور	2
الحشرات	2
فاختلفا	2
عناه	2
سعير	2
السعدية	2
التثويب	2
استدان	2
البينتان	2
التفاصيل	2
فسماها	2
بقاف	2
تلبيس	2
واستعماله	2
بخصوصها	2
للفسخ	2
السمناني	2
لشرط	2
خطرت	2
مقتصد	2
طست	2
تمكنت	2
والبصل	2
والألم	2
فوتها	2
بتمرة	2
الدستور	2
أطوع	2
الداخلين	2
بتسع	2
التختم	2
والمسند	2
مخرجها	2
فاقتصر	2
رشيدة	2
بضعها	2
الإسرار	2
شقص	2
وللمشتري	2
بالتعريف	2
اتحدت	2
الربوي	2
الأغيار	2
الوصفية	2
للغة	2
يرام	2
وأقسموا	2
فكفروا	2
لذنبك	2
عليلا	2
ثنيت	2
أشهى	2
الرجيع	2
وتطلب	2
المنيع	2
ألزمناه	2
يل	2
والقروح	2
فركبها	2
اللاهوت	2
فأجرى	2
بثبت	2
بآثار	2
المالي	2
المسيحيين	2
ألطنبغا	2
سجيل	2
تجول	2
كهل	2
راكعون	2
يجرون	2
بالكافرين	2
تدفعه	2
ونبينا	2
تطرف	2
فاخترت	2
وثيابه	2
وبغض	2
بسد	2
صون	2
وعياش	2
المؤدية	2
التحرك	2
وقلده	2
بس	2
قبيلته	2
ثالثهما	2
المنسي	2
منصوصة	2
والجنوب	2
حسبا	2
والصلب	2
غص	2
انجلت	2
المقاربة	2
والسابعة	2
ينجز	2
لصلاح	2
شبابا	2
لسؤال	2
افتدى	2
وتجنب	2
أبنائه	2
يسرة	2
والنصيب	2
بخلف	2
التصرية	2
بالوقوع	2
الجماهر	2
متفننا	2
والدارقطنى	2
رؤياك	2
إليكما	2
مقطعة	2
فالإمام	2
ناصية	2
ذائقة	2
واهي	2
بحكمته	2
قلعت	2
مشرقا	2
غلاف	2
المقصر	2
متزوجة	2
جندي	2
بعز	2
هرما	2
بناؤها	2
الحسبان	2
والمشاهدة	2
تمض	2
المكتبات	2
ووطئها	2
والمقاييس	2
الأنملة	2
العجائز	2
ملوكها	2
الرجا	2
وحلم	2
ازددت	2
يحدثني	2
الصيداوي	2
والخيلاء	2
فيوضع	2
والجوز	2
استنجى	2
يعرفني	2
يسقطه	2
أضمرت	2
اختيارها	2
والمعدن	2
والعيد	2
مساواته	2
للامر	2
لجانب	2
والإرث	2
للمفيد	2
وحاق	2
لنكونن	2
بضر	2
تتولوا	2
أعرفك	2
وأبدى	2
فأشارت	2
ترابه	2
فحلق	2
والفرش	2
مبعثه	2
السياط	2
وأقروا	2
ليجمع	2
غداء	2
أوعد	2
وهيئة	2
والقربة	2
للهدى	2
دوابه	2
المنظور	2
أجنحتها	2
يكتحل	2
رباعيته	2
والنائم	2
استرداد	2
منحة	2
انتظاره	2
نسبوه	2
طغرل	2
لقومي	2
خصيب	2
وذر	2
قلل	2
مائلة	2
لبسوا	2
جفنه	2
باسط	2
الشحوم	2
امرا	2
المرتفعة	2
إشارات	2
يزيغ	2
حجمه	2
تعاطى	2
الممسك	2
القناديل	2
الأعجم	2
والتزويج	2
فحد	2
غالية	2
ينعدم	2
رضاعه	2
آنكه	2
الإحراز	2
واللوز	2
بإحداهما	2
التثبيت	2
وغريب	2
تسميتهم	2
للعزاوي	2
بلغن	2
بعينيه	2
وصديق	2
أبصاركم	2
أطوار	2
ففدية	2
الإباء	2
الجذوع	2
للأخذ	2
بحرة	2
لأمرت	2
فاستشار	2
صبيحتها	2
حفره	2
يشاركهم	2
لمعناه	2
فوهم	2
ولحقه	2
ومصلحة	2
للجزء	2
جرموز	2
كالإجارة	2
فظلت	2
أجدك	2
الملاء	2
صدقتم	2
مارد	2
الرحا	2
وإيمانا	2
يئست	2
الفقهي	2
والذلة	2
نازعه	2
فتقوم	2
غامض	2
أتممت	2
تحلى	2
الوقاع	2
واتصال	2
مجاهيل	2
الصائل	2
الانفكاك	2
وعزا	2
سلبت	2
تحكمون	2
واقترب	2
تلكم	2
جحيم	2
اخضر	2
والمحب	2
برجلها	2
بالطول	2
جاءا	2
بالبطحاء	2
عالة	2
المختوم	2
لعالم	2
فاعترض	2
ونرجو	2
والحركات	2
يرفعوا	2
والماوردي	2
أولية	2
والذكاء	2
بفاطمة	2
يبرئه	2
مطولة	2
المحرق	2
أعيانهم	2
والكنز	2
مدان	2
والمبيع	2
تلقح	2
يلقاها	2
ساعيا	2
ذخرا	2
الأخطار	2
وعبرة	2
فأتيا	2
بشد	2
أمال	2
أعهد	2
وبطون	2
كليل	2
المشير	2
الطوق	2
مهجة	2
بأمرها	2
وفطر	2
واجبه	2
المغتسل	2
التقليل	2
نكاية	2
سجع	2
تستحقه	2
بالشجاعة	2
معاصره	2
فيوجب	2
بالعزل	2
جهلها	2
الذماري	2
وتسميته	2
تستدعي	2
ينقصون	2
الرزية	2
تقدروا	2
جزت	2
أصلحه	2
رديئا	2
المصاحبة	2
وضربة	2
واليها	2
صهبان	2
خلاصه	2
المزادة	2
الخجل	2
ويوضح	2
والفاسد	2
والإيجاب	2
محط	2
محرمون	2
والعمات	2
استمراره	2
بخرصها	2
زاجر	2
وأنفسنا	2
ثعبان	2
الأدواء	2
للهلاك	2
سباب	2
الائمة	2
فصلناه	2
وواسط	2
الحسود	2
فتحرك	2
يشهدها	2
والضحك	2
واعتزل	2
فلبسه	2
فاختر	2
واستوطن	2
بضربه	2
بالرياض	2
وسيره	2
العرضي	2
والموضوع	2
بتقدم	2
فتوهم	2
وغم	2
الخدور	2
سيجعل	2
يعذبكم	2
أعدائك	2
أولكم	2
ينقلبون	2
برهانه	2
أعمامه	2
ولعنه	2
تبذل	2
السؤدد	2
فتمثل	2
بعضهما	2
يمكنك	2
وأتبع	2
منتن	2
تيمموا	2
أقنى	2
فيطوف	2
بهدي	2
وإرسال	2
سائرة	2
جنيد	2
التبسم	2
يقرأون	2
بالزوجة	2
بذى	2
إهلاكهم	2
السواحل	2
الزاهدي	2
عف	2
يساق	2
بعلمك	2
ويحق	2
كتابها	2
رميم	2
وعصمة	2
للشيعة	2
أعواد	2
والخسران	2
حقاق	2
فقسمه	2
فسلك	2
فنال	2
شبعت	2
سنامه	2
الفك	2
وتنبيها	2
المخرجة	2
الحفيظ	2
ويتشهد	2
لكنهما	2
الدباس	2
التحكم	2
شريق	2
أشفى	2
أسلفت	2
بسخط	2
بكما	2
تطمع	2
نحمله	2
والسكينة	2
الايام	2
والعياشي	2
زعماء	2
نحفظ	2
أورع	2
نسختين	2
منقوض	2
تستقيم	2
وفاز	2
فوج	2
العلقمي	2
وأنكم	2
الأساسية	2
لأبناء	2
ففطن	2
تردده	2
للمدينة	2
بتكرار	2
يوفقنا	2
لعجز	2
واتصلت	2
اتجر	2
بلعان	2
فللمشتري	2
قسطه	2
العمومية	2
الذهنية	2
استناب	2
ألسنا	2
جهاز	2
ركابه	2
أقسموا	2
فلقوا	2
طمس	2
لكفى	2
تنحر	2
اسأل	2
لكنني	2
بالجوهر	2
الفوق	2
الجابر	2
بالدرهم	2
بالجميل	2
المعاجم	2
الخصمان	2
وبحديث	2
عوضها	2
الصيانة	2
وقعدت	2
محترما	2
سجدتان	2
جدنا	2
مهرويه	2
وتكرير	2
شهردار	2
عسيب	2
ومساكن	2
سخريا	2
فاطلب	2
رصاص	2
كفها	2
فراشك	2
والفم	2
صدقتك	2
المعسكر	2
خصهم	2
خصها	2
الجاحد	2
وولاء	2
نقلوه	2
تتمكن	2
ليشتري	2
بشيئين	2
للسكنى	2
منتقى	2
التخيل	2
جايز	2
الألطاف	2
غضاضة	2
أفغير	2
رضوى	2
حلقا	2
يزجر	2
كسبتم	2
ونجعل	2
ولسوف	2
الذوائب	2
تتقوا	2
وغلقت	2
منهزمين	2
تثمر	2
والكعبة	2
بأوصاف	2
والذب	2
كالقتل	2
أجدها	2
ويركع	2
الرطل	2
طغج	2
الغندجاني	2
طيىء	2
تطيعوا	2
أروني	2
وشربوا	2
قبال	2
سحرة	2
تحدثنا	2
فقرة	2
انهدمت	2
الأخطاء	2
وخمار	2
وأرسلوا	2
بالأزهر	2
الطيف	2
انقسم	2
بالحلق	2
بطرسوس	2
والقرينة	2
والعمومات	2
خطيئتي	2
فزعت	2
صنوان	2
ويمسي	2
الملكان	2
ضجر	2
وانكشف	2
غنمي	2
الرشا	2
لدلوك	2
بخارج	2
ويكذب	2
وأنظر	2
منام	2
عاقد	2
تزوجوا	2
بريدا	2
والنقد	2
اكتحل	2
بأنطاكية	2
الإدام	2
يتبرع	2
يارب	2
التحف	2
التحدث	2
يستدلون	2
وزادوا	2
وإطلاقه	2
مخالفتها	2
صعير	2
أوضاع	2
الموازنة	2
الفهرس	2
الأهتم	2
كحالة	2
طهارتها	2
البرلسي	2
زناتة	2
يلوذ	2
نادمين	2
وأعني	2
شكرتم	2
بابني	2
يتبرأ	2
فمنعهم	2
تكرم	2
وأعلاه	2
مغير	2
سمعتك	2
يحبنا	2
والتردد	2
رويدك	2
تمكث	2
والحادي	2
إرثا	2
فالفعل	2
والمجمع	2
قبرس	2
البطاقة	2
فالباء	2
الأبيوردي	2
تح	2
تيه	2
تخفوه	2
أستعين	2
لليل	2
سهمي	2
يحبني	2
وهداه	2
للحارث	2
معروفين	2
يلمع	2
جامدة	2
مرق	2
للام	2
لتعرف	2
فارفع	2
يساوى	2
وأطاع	2
أهبة	2
وأيسر	2
نوعها	2
منهجه	2
تبايع	2
أجناد	2
للمفلس	2
للزبيدي	2
المظفري	2
راحت	2
وراد	2
سبوح	2
موقفا	2
فجعلوه	2
خيول	2
فسكنت	2
للدعوة	2
تجدوه	2
بكربلاء	2
صورهم	2
لابنة	2
فيشرب	2
جزيلا	2
مجوسية	2
خوخة	2
الصدغ	2
الأساطين	2
وتغتسل	2
بإتلاف	2
موكول	2
الحالي	2
المحلية	2
الوجودي	2
انعزل	2
كرهته	2
أعجمية	2
الخرج	2
حروبه	2
القراد	2
العدس	2
وشاح	2
عقائدهم	2
لأقرب	2
الشيبة	2
أصبعيه	2
يعضده	2
لنفع	2
لإنكار	2
مشحونة	2
لصار	2
شرائها	2
الثمينة	2
معنييه	2
ودعائه	2
الموقعين	2
مناصفة	2
البزدوي	2
البرتي	2
الجارودي	2
ينالون	2
والأمراض	2
مبيت	2
المضلين	2
الاحترام	2
الزلة	2
الإشراق	2
المسيل	2
طوقه	2
بوجودها	2
وجبر	2
والفطرة	2
وأدخلت	2
رثاه	2
دلالات	2
حجك	2
بالغيبة	2
إفاضة	2
ملازمته	2
لندن	2
مملوكين	2
فحرك	2
والكنى	2
الصايغ	2
وليدا	2
والمعتر	2
بالجمال	2
ودنيا	2
ولوط	2
وسما	2
وألح	2
ونصبوا	2
القيسراني	2
وجلالته	2
والسلب	2
موسع	2
مفاخر	2
بعارض	2
فتفل	2
المثقال	2
وأقاما	2
لياقوت	2
فقرائهم	2
فرقها	2
لقاضي	2
نثره	2
أنفك	2
قطاة	2
بنينا	2
عمودا	2
يحدثهم	2
ينقلها	2
وأجمعت	2
الوزغ	2
واستقبال	2
عاملها	2
أنسابهم	2
الكتفين	2
مدحهم	2
ذراعين	2
بالتذكير	2
المطالعة	2
الأرباح	2
بالفاعل	2
لفظهما	2
الإستيعاب	2
بإفادة	2
دمرداش	2
بدمع	2
قودا	2
عاديا	2
حربهم	2
وطولها	2
تثق	2
السكك	2
فتياتكم	2
منجما	2
تحبط	2
البغاء	2
والرضوان	2
معضل	2
أمتعة	2
كار	2
روحانية	2
باذان	2
استعداده	2
إحصان	2
إسماع	2
سرقسطة	2
الحنفى	2
زجل	2
أبونا	2
توابا	2
يلقونه	2
ويأتيه	2
بياضها	2
سطوة	2
خلطوا	2
ويقيمون	2
تربط	2
ازدياد	2
وسبي	2
وأخبرت	2
معدول	2
تخاصم	2
السفرجل	2
السائبة	2
والاطلاع	2
ببر	2
أزوجك	2
للطفل	2
كربلا	2
المقتدى	2
يوزع	2
قالوها	2
بالتصديق	2
فيشكل	2
فلوس	2
فسحة	2
تفاعل	2
ميقاته	2
بالشاة	2
فأربعة	2
اللفتواني	2
سربا	2
غاز	2
وتصديقا	2
بأخلاق	2
امتدت	2
وتواضع	2
مقلوبة	2
العمالقة	2
والمغارب	2
والفلاسفة	2
حجاجا	2
ترس	2
الرصد	2
والخصال	2
وأحبه	2
لمحاربة	2
بعقب	2
الكهانة	2
الفتور	2
وهلة	2
والرافضة	2
مستهلكا	2
الأوربية	2
للشركة	2
لتعلقه	2
شود	2
أسئلكم	2
كذي	2
دمعها	2
تتابعت	2
همك	2
منازله	2
يشوبه	2
يذكرني	2
أقران	2
العذيب	2
أغضب	2
تعرضه	2
ونهانا	2
واستفاد	2
مختلطة	2
وخيف	2
هاته	2
وخطه	2
والإكثار	2
مزوجة	2
سياسية	2
الفيوم	2
لإسقاط	2
الموصوفين	2
القومية	2
الأناجيل	2
صبرنا	2
فأبصر	2
السواري	2
نفوسكم	2
الضريح	2
فأطلع	2
يعودوا	2
مواساة	2
وسيفه	2
ضربتين	2
إنذار	2
امن	2
والتواريخ	2
الكاس	2
الرمق	2
التمسوا	2
التبري	2
والبلدان	2
نسقا	2
مدلولها	2
فرعنا	2
غنت	2
للموهوب	2
وتأخيره	2
الزاب	2
المنتسب	2
ظلمته	2
يمنعكم	2
لعلنا	2
ويتولى	2
فعالا	2
يعاقبه	2
طيور	2
رؤوسكم	2
خواطر	2
وقمع	2
بمفرده	2
بذلها	2
وملكوا	2
والدواء	2
فهزم	2
فسيح	2
جوين	2
الكثيف	2
والتسوية	2
جهور	2
المخالفون	2
داؤد	2
وللسيد	2
مزارعة	2
عدالتهم	2
القونوي	2
صدقنا	1
نعام	1
ينتصف	1
الصادقون	1
ارفعوا	1
مسجدها	1
الصلات	1
لواحدة	1
رجليك	1
جاوزه	1
بحبه	1
يشغلهم	1
منطلقا	1
فحكمها	1
زجره	1
دللنا	1
حري	1
أنبه	1
المربد	1
المحاقلة	1
والمؤذن	1
بالأحجار	1
المحدد	1
المعوض	1
يعارضها	1
الصديقي	1
والسادسة	1
آتاني	1
وأقبح	1
فاستغفروا	1
تشيعه	1
الذاكرين	1
مفاصله	1
بالسعادة	1
الأمواج	1
مطمئنا	1
أوساخ	1
أفترى	1
العذق	1
والآراء	1
مضرا	1
شملهم	1
لعسر	1
تحليله	1
بالفاتحة	1
يعدى	1
ووافقهم	1
موجبها	1
عبدى	1
الأشعرى	1
والصداق	1
وصاياه	1
ترضين	1
الأشدق	1
نكتبه	1
عيونها	1
ضلالتهم	1
فارقوا	1
الناصحين	1
عروشها	1
مكرمون	1
وحنظلة	1
والطور	1
قمع	1
صادفت	1
ملاذ	1
وجوهر	1
معاهدة	1
للبحث	1
شربته	1
وقتاله	1
المسندة	1
ويقيموا	1
واللباب	1
سورتين	1
قياسهم	1
فنص	1
فرسم	1
أغنيائهم	1
فاتصل	1
قراريط	1
البيرة	1
المنهيات	1
معلولا	1
النووى	1
واشكروا	1
وهيبة	1
والصابرين	1
بإذني	1
فليكفر	1
شام	1
ارتحلوا	1
مدفون	1
يحصن	1
والنهب	1
كالبرق	1
دخلوها	1
المتخلف	1
استدبرت	1
فالإنسان	1
بالربذة	1
اقتصرت	1
أسئلك	1
الجدري	1
وسادسها	1
فندب	1
المزاحمة	1
اقتسموا	1
فيحد	1
وجودهما	1
متطهرا	1
مغايرا	1
الشواء	1
الحيدرية	1
بدرة	1
تغيرا	1
التأني	1
وجحدوا	1
فبهت	1
يعلن	1
يختبر	1
ومبلغ	1
نزف	1
تأديبا	1
اؤتمن	1
يتفرد	1
أنكروه	1
لنافع	1
عترة	1
فنهوا	1
فليجعل	1
بالموضع	1
بالطرق	1
الظافر	1
تشبيهه	1
ظهاره	1
فللزوج	1
إظهارها	1
واقتضى	1
والأنوثة	1
بالاصل	1
اللائقة	1
راى	1
وراحة	1
وعافية	1
يترددون	1
مشيد	1
جنيا	1
تضمنها	1
الأثواب	1
مسرف	1
بفاعل	1
اعتذار	1
نوري	1
بصرها	1
أخطأه	1
فعلام	1
فاك	1
حكت	1
يحرس	1
هنيهة	1
مراتبه	1
قاربت	1
صقع	1
والحدأة	1
نظرها	1
بالصبح	1
وأرادت	1
ثبوتا	1
التشكيك	1
كالولد	1
نفعنا	1
بخلوا	1
شغب	1
صفاتهم	1
بعمان	1
ذخر	1
أورث	1
آمره	1
والهرم	1
سكرت	1
حصرت	1
وقرية	1
حض	1
بالنزول	1
الملاحة	1
وفوقه	1
وتعجب	1
يوفيه	1
ملبيا	1
والاثنان	1
مكحولا	1
مستغرقا	1
قبلتها	1
إنكارها	1
دلامة	1
بدرجتين	1
بوكيل	1
بيثرب	1
ناسكا	1
تلعب	1
يشف	1
فأمسكوهن	1
إصلاحها	1
ارتبتم	1
للقمر	1
وزجر	1
وأجزل	1
فاحتج	1
الكراث	1
والقسط	1
منثور	1
تسلمه	1
القصواء	1
ألحقوا	1
الأحساء	1
ووصفها	1
تصاوير	1
والوسط	1
لمذهبه	1
بنفيه	1
المفطرات	1
والموصوف	1
شقير	1
عبدالواحد	1
المتفلسفة	1
صما	1
أوائلها	1
كئيبا	1
سرجه	1
طالعا	1
أصلع	1
والقبر	1
لعبادي	1
القطران	1
فوجا	1
فناوله	1
عاج	1
ركوعها	1
ثناه	1
مفقودة	1
والمرضع	1
والرطوبة	1
ليسهل	1
احتلام	1
تعليما	1
بخار	1
تحتانية	1
الغرابة	1
إبداله	1
اعتق	1
المتطوع	1
وكسوته	1
امتثل	1
والتقديم	1
لنعم	1
مهينا	1
شيعتهم	1
جناحان	1
المهين	1
صناديد	1
وياقوت	1
والوحش	1
حرائر	1
استرق	1
والنسك	1
ربحت	1
تنتفع	1
وعشيرته	1
وتقريب	1
خراجا	1
يتراءى	1
والدقيق	1
مخل	1
متعبد	1
ليدن	1
فرجح	1
سنبل	1
ديناران	1
بالتقريب	1
المناقضة	1
التلفيق	1
إحراق	1
بولادة	1
الاستعجال	1
مائعا	1
معتقه	1
الفاطمية	1
الجوهرية	1
قوتي	1
أذنبت	1
ورضوانا	1
أضاعوا	1
يتفرق	1
مبشرا	1
ألفوا	1
وحاجته	1
المجروحين	1
وثاق	1
والتمام	1
الوثن	1
شوط	1
يتمم	1
نؤمر	1
بفتحهما	1
المكروهات	1
يهبه	1
وتعليل	1
والأساس	1
بالمراد	1
المدير	1
الشركات	1
التغريب	1
بالعشرة	1
وجهالة	1
للمتكلم	1
كصحيحة	1
نفاد	1
ونريد	1
المقسطين	1
وأعوانه	1
جرس	1
يبالون	1
وخفية	1
السنابل	1
تطهرهم	1
فأطعم	1
نبيذا	1
العامرية	1
أثار	1
يستدعيه	1
فدخلا	1
وأغلظ	1
بالعمد	1
الممر	1
وحفيده	1
المستفتي	1
التقسيط	1
التيمى	1
الحضرمى	1
يخوضوا	1
قافلة	1
الحائر	1
متحيزا	1
السلك	1
يذكرونه	1
وأبت	1
سفاح	1
تضيف	1
المثوبة	1
يعصب	1
لأحدكم	1
صيفا	1
الصدائي	1
إرجاع	1
والقائلون	1
الأصمعى	1
للمجني	1
بالإمكان	1
للاستدلال	1
حتفه	1
يعدهم	1
مخلقة	1
أولاه	1
سرة	1
فيزداد	1
للحوادث	1
يفقهه	1
جدارا	1
استحلف	1
فلقيهم	1
غيرى	1
تجهيزه	1
بصناعة	1
وللبنت	1
وانتصر	1
للحرة	1
تسلسل	1
سدسه	1
فدعوى	1
وانشق	1
بالمأثور	1
وبكم	1
أوزار	1
وسكر	1
ويشمل	1
وأشهدهم	1
إثره	1
والأوثان	1
والبهاء	1
والأعضاء	1
لعبادته	1
حسية	1
والحيلة	1
نسيج	1
ضعوا	1
خطئه	1
الدعاوي	1
الأمرد	1
كالجمعة	1
الحفيد	1
حدد	1
بالجمل	1
بالكسرة	1
أخرجهما	1
والاستيلاء	1
توجبه	1
نادم	1
يفري	1
فتعالى	1
الجسيم	1
البهم	1
للشياطين	1
تختلفوا	1
وشدته	1
حاش	1
فقدره	1
ديباجة	1
مجاورا	1
يستهل	1
الروث	1
الحصباء	1
اصفر	1
للمصالح	1
فتركوه	1
وميت	1
العنعنة	1
الشنيعة	1
شهده	1
وز	1
ياءات	1
فوصله	1
المهايأة	1
إعساره	1
عبل	1
فخرت	1
ألقاك	1
وشمال	1
العظائم	1
لكلمات	1
بركت	1
ونوفل	1
وانزل	1
فاختلط	1
تعودوا	1
مأرب	1
خليت	1
وفضلها	1
شرطته	1
رزاح	1
خجل	1
الإتباع	1
استثناؤه	1
الإقطاع	1
بغزة	1
والمحاملي	1
الكبراء	1
ونصرته	1
يعطها	1
الندي	1
أظلت	1
وأطول	1
وحرق	1
والمياه	1
ليقول	1
فحلفت	1
ضمنوا	1
الاغترار	1
أبغضك	1
فراسة	1
المواجهة	1
الغطريف	1
السمرة	1
الدائر	1
يأمرها	1
والشقاوة	1
والبحرين	1
عصرهم	1
سماعي	1
حصصهم	1
إخلال	1
المجاورين	1
بالصالحية	1
واسمعوا	1
واجمع	1
عاتق	1
أكب	1
بلسانك	1
والعاصي	1
محاربا	1
المأمول	1
ودارت	1
لليدين	1
فضاق	1
غزلها	1
يطلى	1
فيأخذها	1
تلده	1
تربيته	1
مصدران	1
وأفاض	1
القروي	1
المباينة	1
اللالكائي	1
كشجرة	1
خدود	1
حشا	1
أدهى	1
أوليائهم	1
وهتك	1
مزيدا	1
فلتكن	1
شطرا	1
صارخا	1
معنعنا	1
أمكنك	1
إصبعيه	1
الوجيزة	1
اخبره	1
ونثرا	1
والتعزير	1
تسبيحا	1
فطلقت	1
والمبيت	1
مقرئا	1
شارحه	1
تفخيم	1
مشاهدته	1
جاهه	1
بمعجزين	1
فإخوانكم	1
سنح	1
بيوتكن	1
الإختصاص	1
فصاحت	1
القنوع	1
وسلط	1
وخنازير	1
فقف	1
خطي	1
بالجسم	1
وأخص	1
خصلتان	1
القضا	1
وحم	1
كؤوس	1
خمرة	1
مقداما	1
مستندة	1
أفعالا	1
ويأخذه	1
فحلا	1
يتعامل	1
وثبوته	1
بالحافظ	1
انتزاعه	1
التحرم	1
لجريان	1
غازان	1
شكرك	1
سفاهة	1
مظلما	1
وأحمر	1
ضعاف	1
يفض	1
فانكسرت	1
بشرة	1
أبطن	1
توليت	1
والرواة	1
بالفريضة	1
الديباجي	1
والوقوع	1
لبطل	1
حبش	1
دابتي	1
التفخيم	1
ظالمي	1
مشركو	1
بالفحشاء	1
وهود	1
عميت	1
عجائبه	1
الاسفار	1
ينكل	1
عنيفا	1
ورقية	1
ووارث	1
كالجواب	1
شوائب	1
سعدي	1
السخي	1
يقومان	1
يتمنون	1
فاستدل	1
الجافي	1
أسماؤه	1
وأثبتها	1
مصون	1
صنفين	1
ينهاه	1
والكون	1
مربعة	1
بالقدوم	1
وثلثين	1
هيا	1
يولج	1
الشبكة	1
مرجانة	1
وفيك	1
مرط	1
نصبوا	1
وسيما	1
بالظفر	1
استيقن	1
يعوض	1
والإقدام	1
علموه	1
صومعة	1
ونسأله	1
وتوحيد	1
وبقر	1
صحاحا	1
زانيا	1
حادة	1
يعترفون	1
ويكفيه	1
بزكاة	1
المهاجرات	1
وإيراد	1
وأقواله	1
غسلة	1
الميمنية	1
يترخص	1
ورواة	1
تميلة	1
الأحدية	1
وأرسلنا	1
أيامي	1
وبدت	1
جهادا	1
والخشية	1
فكلاهما	1
خفين	1
أشاروا	1
يقلبها	1
تنكشف	1
بإخلاص	1
أتأذن	1
بخطبة	1
وسموه	1
واختفى	1
مطاوع	1
ويستقر	1
الانصار	1
ربوي	1
الصحاف	1
بكونهم	1
توقفت	1
لعيني	1
عصي	1
أكرمهم	1
لمجنون	1
نزد	1
أضغاث	1
المشاورة	1
يعرق	1
منتصب	1
ليصلح	1
قنطارا	1
حققت	1
الحلفاء	1
عشرات	1
بالتدريج	1
ألحقنا	1
مقوم	1
شهيرة	1
المطمئن	1
وكاف	1
ودعي	1
وتغريب	1
السواق	1
أذهبت	1
والمباشرة	1
فليسلم	1
تكنى	1
تعزية	1
بمرج	1
غرزة	1
المستحقة	1
تخال	1
يدني	1
ودك	1
بالعظم	1
يغشاها	1
عنصر	1
مهور	1
بجنبه	1
أقطارها	1
يتلألأ	1
نجعلها	1
وسلاح	1
تأتني	1
لاحقون	1
والفراغ	1
نفهم	1
للمهدي	1
وضد	1
كردوس	1
المنصوبة	1
وفعلوا	1
فنكاحها	1
النباش	1
الآبي	1
نكلت	1
شيزر	1
البلدين	1
يقرضه	1
بإنشاء	1
تجويزه	1
المدركة	1
واعتنى	1
وسرورا	1
برقا	1
الأسل	1
وأضحى	1
لغيري	1
معيد	1
فتنتهم	1
بالجوع	1
الأذل	1
ويؤثر	1
بالسنن	1
وحدوث	1
الفاعلين	1
وسياسة	1
محسوسة	1
والمنذر	1
دمعة	1
والرازي	1
فناولته	1
شهادتها	1
أعزك	1
كردم	1
والنوادر	1
الأوزان	1
زفرة	1
كأنكم	1
تقطعت	1
والغدر	1
أقدامنا	1
ربيب	1
تبعك	1
والشقاق	1
والصبا	1
كالنار	1
مسرح	1
محرابه	1
بالرزق	1
وصولها	1
يقرء	1
وسميته	1
فأفاق	1
المؤسسة	1
لوصف	1
بسكين	1
المرادة	1
التوأمة	1
إسباغ	1
اخوته	1
الندرة	1
تفضيله	1
والاستمرار	1
السنى	1
فيتخير	1
منسرح	1
غضبوا	1
عنانه	1
موتك	1
تنفد	1
أعن	1
الدهليز	1
وقطيعة	1
حروفا	1
أتل	1
هدمت	1
رباعي	1
فارتحل	1
عجمي	1
المفصلة	1
يكرمه	1
والنطق	1
فأعطيه	1
تخلفت	1
الزوزني	1
التزين	1
مروى	1
اليقينية	1
النقيع	1
البندار	1
والتنقيح	1
الحوطي	1
بمضمونها	1
آباءكم	1
أعينكم	1
فادعوه	1
عنف	1
توفيقي	1
بمصيبة	1
أمينة	1
وقصرت	1
وقلوب	1
يرددها	1
بمسح	1
نختار	1
فأمسكوا	1
يعتمدون	1
وكافة	1
أعجوبة	1
داريا	1
بإنزال	1
بإحرام	1
أمرائه	1
ويخير	1
الزفاف	1
الأهرام	1
يؤمل	1
نشدتك	1
محصنين	1
طرائف	1
بطحاء	1
الملي	1
اللحيين	1
عراقي	1
تضعه	1
ككرم	1
فأكلها	1
والأبناء	1
لحييه	1
فأصابت	1
يتعلمون	1
الخاصرة	1
أبطلت	1
حذلم	1
فنفذ	1
الاستدانة	1
قدمناها	1
فأضحى	1
للذنوب	1
هضم	1
يصفو	1
المفاوز	1
وأجدر	1
صغت	1
يهودا	1
والأدوية	1
تراخى	1
أزلي	1
أجابهم	1
مكانهما	1
بنسخة	1
ييبس	1
مراعاته	1
فهارس	1
سمراء	1
إهداء	1
الفطري	1
التنفير	1
الضحية	1
والفيء	1
إقطاعه	1
ومشاهدة	1
تثني	1
عيوبه	1
يزري	1
غرقا	1
حانت	1
والرحمن	1
يعي	1
إقباله	1
فدق	1
ضاحك	1
يثنون	1
وبيوت	1
أفعى	1
واشفع	1
وأرق	1
فاعتدوا	1
أردته	1
بجاه	1
يردهم	1
والمطالبة	1
وجعلهما	1
للغرباء	1
عناد	1
يكمله	1
فالمعتبر	1
شبويه	1
وافرا	1
يقاتلونكم	1
بحمدك	1
أمما	1
التقت	1
المئزر	1
حقد	1
فأعطي	1
صنائع	1
بسنته	1
التائبين	1
التبشير	1
يريك	1
بأنوار	1
المزين	1
ويطلع	1
ويرشد	1
بالعصر	1
أموالها	1
والقبيح	1
يدعيها	1
مبيح	1
بالأيمان	1
مقربا	1
إصلاحا	1
تدعه	1
والأنصاب	1
نزولا	1
إعظاما	1
يبتغ	1
والجروح	1
جناه	1
يرجعان	1
بالضرر	1
الاصلاح	1
لاعتقاده	1
شهما	1
بلحارث	1
الوافية	1
الراجحة	1
وكلتا	1
والمحكم	1
والتصنيف	1
للجمهور	1
فرقهم	1
ذكرناهم	1
اقتطع	1
للموصي	1
بالتحقيق	1
وتقديمه	1
التفصيلي	1
صيف	1
بيعتي	1
النوار	1
يعب	1
والشباب	1
وأخذهم	1
فخفت	1
يركض	1
وتطيب	1
قادحا	1
بحده	1
المحصنة	1
فأتيناه	1
المرابط	1
ويخفف	1
بالركوب	1
أسوان	1
أبيعك	1
ينتسبون	1
الأنكحة	1
ينافيها	1
والخطابة	1
بالتحديث	1
أخوهم	1
عفر	1
يسوقها	1
واليأس	1
وعافني	1
مدارج	1
بحت	1
وخاله	1
والأمل	1
فكلا	1
يغشاه	1
الأمثل	1
الاطعام	1
إعراضهم	1
صبغه	1
بلسانهم	1
أوعى	1
المستفيض	1
وسوس	1
والمرآة	1
كلمتان	1
فالمؤمن	1
بأثر	1
الإجارات	1
بالإيماء	1
بشروطه	1
وأصبهان	1
باختصاص	1
والصوفية	1
للتقية	1
إجباره	1
غبراء	1
استمتع	1
تنتشر	1
يطيعه	1
وليك	1
كلبة	1
خلقتك	1
بكران	1
نثرا	1
مغلقا	1
والمماليك	1
والسكران	1
لزوج	1
زق	1
ملتزما	1
مشروعيته	1
دانق	1
اجتماعها	1
الأبي	1
ططر	1
نوء	1
والجهد	1
غي	1
بيا	1
روايتها	1
بالمن	1
اتبعني	1
يخضع	1
يهتد	1
يسيء	1
أنشأت	1
طاعم	1
بثواب	1
أقرن	1
وتروح	1
وأشعر	1
الميسور	1
المتعمد	1
وقوت	1
منعما	1
يصرع	1
طبقاتهم	1
الفرجة	1
ضممت	1
حكينا	1
بالامتناع	1
ذكرناهما	1
الفتاوي	1
يئسوا	1
تلم	1
أعيت	1
جدتي	1
وإخوة	1
قوامين	1
ذيلها	1
انثنى	1
المسوح	1
اسقنا	1
ويسبح	1
والحنتم	1
نفق	1
يسفر	1
يحدد	1
فسقة	1
عجزهم	1
داوم	1
العنصر	1
مجيئها	1
الإحصاء	1
يلقوا	1
فيؤذن	1
بالترتيب	1
ويتيمم	1
يكسى	1
والبينات	1
وعلومه	1
المتعارفة	1
كالبينة	1
للتقييد	1
بسيفي	1
يقلن	1
أطعت	1
مسخرات	1
لطاعته	1
وبصيرة	1
وابنتها	1
قبورا	1
وانصر	1
طافوا	1
وشجاعة	1
قناع	1
عاهة	1
